_id,name,rel,customer,newCol1,newCol2,status,orderType,config,platform,accType,testedBy,submissionReason,reqDate,submissionDate,startDate,endDate,rolloverDate,rolloverDays,rolloverDaysH,waitingDays,waitingDaysH,testingDays,testingDaysH,reportNo,releaseDate,reviewedBy,codeCompare,newFW,tBugs,is_delete,user_id,date,__v
66ff8d975fd9b4586d6032c8,nLo028.01,1.0,TPCL,TPCL,0,Exp Next Itr,DLMS Order,"3P4W LTCT 240V 5-10A,",NORTEM,SMART,BCP,bug fixed,2023-11-02T00:00:00.000Z,2023-12-19T00:00:00.000Z,2023-12-28T00:00:00.000Z,2024-01-03T00:00:00.000Z,2024-01-05T00:00:00.000Z,2.0,2.0,10.0,5.0,7.0,5.0,0,1970-01-01T00:00:00.000Z,0,0,0,0.0,False,66ff8d975fd9b4586d6032c8,0,0
66ff8d975fd9b4586d6032c9,CBO012.00,2.0,Intellismart,DGVCL,0,Subs Itr rel,DLMS Order, 3P4W LTWC Cl 1.0 10-60A,CHRONAS,SMART,DK,bug fixed,2023-11-30T00:00:00.000Z,2023-12-20T00:00:00.000Z,2023-12-25T00:00:00.000Z,2023-12-26T00:00:00.000Z,1970-01-01T00:00:00.000Z,0.0,0.0,6.0,3.0,2.0,2.0,0,1970-01-01T00:00:00.000Z,0,0,0,0.0,False,66ff8d975fd9b4586d6032c9,0,0
66ff8d975fd9b4586d6032ca,RH21.00,1.0,Intellismart,PVVNL,0,Subs Itr rel,DLMS Order,"1PH  LPR 10-60A,  Cl.1.0",CYGNUS,SMART,AVM,bug fixed,2023-10-31T00:00:00.000Z,2023-12-22T00:00:00.000Z,2023-12-27T00:00:00.000Z,2023-12-28T00:00:00.000Z,2024-01-02T00:00:00.000Z,5.0,3.0,6.0,3.0,2.0,2.0,0,1970-01-01T00:00:00.000Z,SS,0,0,0.0,False,66ff8d975fd9b4586d6032ca,0,0
66ff8d975fd9b4586d6032cb,CBO00800,9.0,Intellismart,PVVNL ,0,Exp Next Itr,DLMS Order, 3P4W LTWC Cl 1.0 10-60A,CHRONAS,SMART,San,Bug Fixed,2023-06-20T00:00:00.000Z,2023-12-25T00:00:00.000Z,2023-12-25T00:00:00.000Z,2023-12-26T00:00:00.000Z,1970-01-01T00:00:00.000Z,0.0,0.0,1.0,0.0,2.0,1.0,0,1970-01-01T00:00:00.000Z,BHR,0,0,0.0,False,66ff8d975fd9b4586d6032cb,0,0
66ff8d975fd9b4586d6032cc,5HD22.72,0.0,ESP,WR300BB11ABTRR4 ,0,Subs Itr rel,DLMS Order,3P4W 63.5V 5-10A Cl 0.2 Opt + RS232,SEM N2,TVM HT 0.2,DK,CR change and checklist,2023-11-30T00:00:00.000Z,2023-11-30T00:00:00.000Z,2023-12-21T00:00:00.000Z,2023-12-22T00:00:00.000Z,2023-12-26T00:00:00.000Z,4.0,0.0,22.0,15.0,2.0,1.0,0,1970-01-01T00:00:00.000Z,SS,0,0,0.0,False,66ff8d975fd9b4586d6032cc,0,0
66ff8d975fd9b4586d6032cd,CAO0040,6.0,TPCL,TPCL,0,Released,DLMS Order, 3P4W LTWC Cl 1.0 10-100A,CHRONAS,SMART,San,Field issue fixed,2023-12-25T00:00:00.000Z,2023-12-25T00:00:00.000Z,2023-12-28T00:00:00.000Z,2023-12-29T00:00:00.000Z,1970-01-01T00:00:00.000Z,0.0,0.0,4.0,1.0,2.0,2.0,QER-108853(1),2024-01-01T00:00:00.000Z,0,0,0,0.0,False,66ff8d975fd9b4586d6032cd,0,0
66ff8d975fd9b4586d6032ce,RH18.01,1.0,Intellismart,SBPDCL,0,Exp Next Itr,DLMS Order,"1Ph 10-60A , Cl.1.0",CYGNUS,SMART,BHR,CR changes,2023-12-19T00:00:00.000Z,2023-12-27T00:00:00.000Z,2023-12-27T00:00:00.000Z,2024-01-01T00:00:00.000Z,2024-01-08T00:00:00.000Z,7.0,5.0,1.0,0.0,6.0,4.0,0,1970-01-01T00:00:00.000Z,AM,0,0,0.0,False,66ff8d975fd9b4586d6032ce,0,0
66ff8d975fd9b4586d6032cf,RH29.00,1.0,BCITS,Indore,0,Subs Itr rel,DLMS Order,"1Ph 10-60A , Cl.1.0",CYGNUS,SMART,SS,New firmware,2023-12-28T00:00:00.000Z,2023-12-28T00:00:00.000Z,2024-01-01T00:00:00.000Z,2024-01-04T00:00:00.000Z,2024-01-05T00:00:00.000Z,1.0,1.0,5.0,2.0,4.0,4.0,0,1970-01-01T00:00:00.000Z,AVM,0,yes,0.0,False,66ff8d975fd9b4586d6032cf,0,0
66ff8d975fd9b4586d6032d0,COC53.00 ,0.0,TANGEDCO ,TANGEDCO ,0,Subs Itr rel,DLMS Order, 3P4W LTWC Cl 1.0 10-60A,SFF,TVM LT WC,VK,New firmware,2023-12-29T00:00:00.000Z,2023-12-29T00:00:00.000Z,2024-01-01T00:00:00.000Z,2024-01-10T00:00:00.000Z,2024-01-18T00:00:00.000Z,8.0,3.0,4.0,1.0,10.0,6.0,0,1970-01-01T00:00:00.000Z,SAN,0,yes,0.0,False,66ff8d975fd9b4586d6032d0,0,0
66ff8d975fd9b4586d6032d1,UC20.00,2.0,ESP,WM101BC7DGOA ,0,Subs Itr rel,DLMS Order,"1Ph 10-60A , Cl.1.0",MERCURY,ENM,AVM,Bug fixed,2023-11-12T00:00:00.000Z,2024-01-02T00:00:00.000Z,2024-01-02T00:00:00.000Z,2024-01-03T00:00:00.000Z,2024-01-04T00:00:00.000Z,1.0,1.0,1.0,0.0,2.0,2.0,0,1970-01-01T00:00:00.000Z,SS,0,0,0.0,False,66ff8d975fd9b4586d6032d1,0,0
66ff8d975fd9b4586d6032d2,2JB09.44 ,0.0,MSEDCL,MSEDCL,0,Released,DLMS Order, 3P4W LTWC Cl 1.0 20-100A,TT,TVM LT WC,BHR,New firmware,2024-01-02T00:00:00.000Z,2024-01-02T00:00:00.000Z,2024-01-03T00:00:00.000Z,2024-01-08T00:00:00.000Z,2024-01-16T00:00:00.000Z,8.0,5.0,2.0,1.0,6.0,4.0,QER-108413(3),2024-03-01T00:00:00.000Z,AVM,0,yes,0.0,False,66ff8d975fd9b4586d6032d2,0,0
66ff8d975fd9b4586d6032d3,CAO0010200,0.0,TPNODL,TPNODL,0,Released,DLMS Order, 3P4W LTWC Cl 1.0 10-100A,CHRONAS,SMART,BHR,Energy rollover correction for field meter,2024-01-03T00:00:00.000Z,2024-01-03T00:00:00.000Z,2024-01-03T00:00:00.000Z,2024-01-03T00:00:00.000Z,1970-01-01T00:00:00.000Z,0.0,0.0,1.0,1.0,1.0,1.0,QER- 108770(2),2024-01-03T00:00:00.000Z,0,yes,0,0.0,False,66ff8d975fd9b4586d6032d3,0,0
66ff8d975fd9b4586d6032d4,RB85.00,0.0,TPDDL,TPDDL,0,Exp Next Itr,DLMS Tender,"1Ph 10-60A , Cl.1.0",1Ph(RL+),ENM,BCP,New firmware,2024-01-03T00:00:00.000Z,2024-01-03T00:00:00.000Z,2024-01-04T00:00:00.000Z,2024-01-09T00:00:00.000Z,1970-01-01T00:00:00.000Z,0.0,0.0,2.0,1.0,6.0,4.0,0,1970-01-01T00:00:00.000Z,AVM,0,yes,0.0,False,66ff8d975fd9b4586d6032d4,0,0
66ff8d975fd9b4586d6032d5,CTC92.00 ,0.0,TPADL,TPADL,0,Exp Next Itr,DLMS Tender, 3P4W LTWC Cl 1.0 20-100A,SFF,TVM LT WC,San,New firmware,2024-01-03T00:00:00.000Z,2024-01-03T00:00:00.000Z,2024-01-03T00:00:00.000Z,2024-01-08T00:00:00.000Z,1970-01-01T00:00:00.000Z,0.0,0.0,1.0,0.0,6.0,4.0,0,1970-01-01T00:00:00.000Z,AVM,0,yes,0.0,False,66ff8d975fd9b4586d6032d5,0,0
66ff8d975fd9b4586d6032d6,RH21.00,2.0,Intellismart,PVVNL ,0,Subs Itr rel,DLMS Order,"1PH  LPR 10-60A,  Cl.1.0",CYGNUS,SMART,AM,Process related change,2023-10-31T00:00:00.000Z,2024-01-03T00:00:00.000Z,2024-01-03T00:00:00.000Z,2024-01-03T00:00:00.000Z,1970-01-01T00:00:00.000Z,0.0,0.0,1.0,0.0,1.0,0.5,0,1970-01-01T00:00:00.000Z,0,yes,0,0.0,False,66ff8d975fd9b4586d6032d6,0,0
66ff8d975fd9b4586d6032d7,nLo030.00,0.0,Techno,MPPKVVCL Indore ,(w/o DI),Subs Itr rel,DLMS Order,"3P4W LTCT 240V 5-10A,",NORTEM,SMART,BHR,New firmware,2024-01-04T00:00:00.000Z,2024-01-04T00:00:00.000Z,2024-01-09T00:00:00.000Z,2024-01-11T00:00:00.000Z,2024-01-16T00:00:00.000Z,5.0,3.0,6.0,3.0,3.0,3.0,0,1970-01-01T00:00:00.000Z,VK,0,yes,0.0,False,66ff8d975fd9b4586d6032d7,0,0
66ff8d975fd9b4586d6032d8,nLo031.00,0.0,Techno,MPPKVVCL Indore ,DI,Subs Itr rel,DLMS Order,"3P4W LTCT 240V 5-10A,",NORTEM,SMART,AVM,New firmware,2024-01-04T00:00:00.000Z,2024-01-04T00:00:00.000Z,2024-01-05T00:00:00.000Z,2024-01-10T00:00:00.000Z,2024-01-12T00:00:00.000Z,2.0,2.0,2.0,1.0,6.0,4.0,0,1970-01-01T00:00:00.000Z,SAN,0,yes,0.0,False,66ff8d975fd9b4586d6032d8,0,0
66ff8d975fd9b4586d6032d9,UR06.00,0.0,ESP,MePDCL ,0,Released,DLMS Order,"1Ph 5-30A , Cl.1.0",MERCURY,ENM,San,Platform conversion ,2024-01-05T00:00:00.000Z,2024-01-05T00:00:00.000Z,2024-01-12T00:00:00.000Z,2024-01-16T00:00:00.000Z,2024-01-17T00:00:00.000Z,1.0,1.0,8.0,4.0,5.0,3.0,QER 109135,2024-06-14T00:00:00.000Z,AVM,0,0,0.0,False,66ff8d975fd9b4586d6032d9,0,0
66ff8d975fd9b4586d6032da,RH20.00,1.0,Intellismart,SBPDCL,0,Subs Itr rel,DLMS Order,"1Ph 10-60A , Cl.1.0",CYGNUS,SMART,SS,Bug fixed,2023-10-06T00:00:00.000Z,2024-01-05T00:00:00.000Z,2024-01-09T00:00:00.000Z,2024-01-12T00:00:00.000Z,1970-01-01T00:00:00.000Z,0.0,0.0,5.0,2.0,4.0,4.0,0,1970-01-01T00:00:00.000Z,0,0,0,0.0,False,66ff8d975fd9b4586d6032da,0,0
66ff8d975fd9b4586d6032db,RH23.00,2.0,Intellismart, PVVNL,0,On Hold,DLMS Order,"1Ph 10-60A , Cl.1.0",CYGNUS,SMART,AM,Bug fixing,2023-10-06T00:00:00.000Z,2024-01-05T00:00:00.000Z,2024-01-08T00:00:00.000Z,1970-01-01T00:00:00.000Z,1970-01-01T00:00:00.000Z,0.0,0.0,4.0,1.0,0.0,0.0,0,1970-01-01T00:00:00.000Z,0,0,0,0.0,False,66ff8d975fd9b4586d6032db,0,0
66ff8d975fd9b4586d6032dc,UC20.00,3.0,ESP,WM101BC7DGOA ,0,Released,DLMS Order,"1Ph 10-60A , Cl.1.0",MERCURY,ENM,AVM,Hardware Bug fixed,2023-11-12T00:00:00.000Z,2024-01-08T00:00:00.000Z,2024-01-08T00:00:00.000Z,2024-01-10T00:00:00.000Z,1970-01-01T00:00:00.000Z,0.0,0.0,1.0,0.0,3.0,2.0,QER-108987,2024-01-10T00:00:00.000Z,BCP,0,0,0.0,False,66ff8d975fd9b4586d6032dc,0,0
66ff8d975fd9b4586d6032dd,CAO01200,0.0,TPCL,TPCL,0,Subs Itr rel,DLMS Order, 3P4W LTWC Cl 1.0 10-100A,CHRONAS,SMART,AVM,Energy rollover correction +New EPROM,2024-01-08T00:00:00.000Z,2024-01-08T00:00:00.000Z,2024-01-11T00:00:00.000Z,2024-01-12T00:00:00.000Z,2024-01-16T00:00:00.000Z,4.0,2.0,4.0,2.0,2.0,4.0,0,1970-01-01T00:00:00.000Z,SS,0,0,0.0,False,66ff8d975fd9b4586d6032dd,0,0
66ff8d975fd9b4586d6032de,5HD2B.71,0.0,ESP,WR300BB51TNWMN,0,Withdrawn,DLMS Order,3P4W 63.5V 5-10A Cl 0.2 Opt + RS232,SEM N2,TVM HT 0.2,0,checklist,1970-01-01T00:00:00.000Z,1970-01-01T00:00:00.000Z,1970-01-01T00:00:00.000Z,1970-01-01T00:00:00.000Z,1970-01-01T00:00:00.000Z,0.0,0.0,1.0,0.0,1.0,0.0,0,1970-01-01T00:00:00.000Z,0,0,0,0.0,False,66ff8d975fd9b4586d6032de,0,0
66ff8d975fd9b4586d6032df,RH14.00,3.0,APDCL,Purbanchal ,0,Released,DLMS Order,"1Ph 10-60A , Cl.1.0",CYGNUS,SMART,BCP,Bug fixed,2023-08-09T00:00:00.000Z,2024-01-09T00:00:00.000Z,2024-01-10T00:00:00.000Z,2024-01-11T00:00:00.000Z,2024-01-12T00:00:00.000Z,1.0,1.0,2.0,1.0,2.0,2.0,QER- 108992,2024-01-12T00:00:00.000Z,VK,0,0,0.0,False,66ff8d975fd9b4586d6032df,0,0
66ff8d975fd9b4586d6032e0,CAO0010200,0.0,TPNODL,TPNODL,0,Released,DLMS Order, 3P4W LTWC Cl 1.0 10-100A,CHRONAS,SMART,BCP,Energy rollover correction for field meter,2024-01-09T00:00:00.000Z,2024-01-09T00:00:00.000Z,2024-01-09T00:00:00.000Z,2024-01-09T00:00:00.000Z,1970-01-01T00:00:00.000Z,0.0,0.0,1.0,0.0,1.0,0.5,QER- 108770(3),2024-01-09T00:00:00.000Z,0,yes,0,0.0,False,66ff8d975fd9b4586d6032e0,0,0
66ff8d975fd9b4586d6032e1,nAo008,2.0,TPCL,TPCL,0,Subs Itr rel,DLMS Order, 3P4W LTWC Cl 1.0 10-100A,NORTEM,SMART,DK,Field issue fixed,2024-01-09T00:00:00.000Z,2024-01-11T00:00:00.000Z,2024-01-12T00:00:00.000Z,2024-01-18T00:00:00.000Z,2024-01-22T00:00:00.000Z,4.0,2.0,2.0,1.0,7.0,5.0,0,1970-01-01T00:00:00.000Z,BHR,0,0,0.0,False,66ff8d975fd9b4586d6032e1,0,0
66ff8d975fd9b4586d6032e2,UR07.00,0.0,WM101BC5ASDLMSBP1 ,WM101BC5ASDLMSBP1 ,0,Released,DLMS Order,"1Ph 5-30A , Cl.1.0",MERCURY,ENM,BCP,Platform conversion ,2024-01-09T00:00:00.000Z,2024-01-09T00:00:00.000Z,2024-01-12T00:00:00.000Z,2024-01-16T00:00:00.000Z,2024-01-17T00:00:00.000Z,1.0,1.0,4.0,2.0,5.0,3.0,QER-109014,2024-02-23T00:00:00.000Z,AM,0,0,0.0,False,66ff8d975fd9b4586d6032e2,0,0
66ff8d975fd9b4586d6032e3,RH18.01,2.0,Intellismart,SBPDCL,0,Released,DLMS Order,"1Ph 10-60A , Cl.1.0",CYGNUS,SMART,AM,Process related change,2023-12-19T00:00:00.000Z,2024-01-09T00:00:00.000Z,2024-01-12T00:00:00.000Z,2024-01-12T00:00:00.000Z,1970-01-01T00:00:00.000Z,0.0,0.0,4.0,2.0,1.0,0.5,QER- 108973(2),2024-01-12T00:00:00.000Z,BCP,Yes,0,0.0,False,66ff8d975fd9b4586d6032e3,0,0
66ff8d975fd9b4586d6032e4,RB85.00,1.0,TPDDL,TPDDL,0,Completed,DLMS Tender,"1Ph 10-60A , Cl.1.0",1Ph(RL+),ENM,San,Bug fixed,2024-01-03T00:00:00.000Z,2024-01-09T00:00:00.000Z,2024-01-10T00:00:00.000Z,2024-01-11T00:00:00.000Z,1970-01-01T00:00:00.000Z,0.0,0.0,2.0,1.0,2.0,2.0,0,1970-01-01T00:00:00.000Z,AM,0,0,0.0,False,66ff8d975fd9b4586d6032e4,0,0
66ff8d975fd9b4586d6032e5,UD06.00,1.0,TPADL,TPADL,(RS232),Exp Next Itr,DLMS Tender,"1Ph 10-60A , Cl.1.0",1Ph(RL+),ENM,SS,New firmware,2024-01-16T00:00:00.000Z,2024-01-16T00:00:00.000Z,2024-01-17T00:00:00.000Z,2024-01-19T00:00:00.000Z,1970-01-01T00:00:00.000Z,0.0,0.0,2.0,1.0,3.0,3.0,0,1970-01-01T00:00:00.000Z,SAN,0,yes,0.0,False,66ff8d975fd9b4586d6032e5,0,0
66ff8d975fd9b4586d6032e6,RL13.00,0.0,TPADL,TPADL,(BLE),Exp Next Itr,DLMS Tender,"1Ph 10-60A , Cl.1.0",1Ph(RL+),ENM,BHR,New firmware,2024-01-16T00:00:00.000Z,2024-01-16T00:00:00.000Z,2024-01-17T00:00:00.000Z,2024-01-19T00:00:00.000Z,1970-01-01T00:00:00.000Z,0.0,0.0,2.0,1.0,3.0,3.0,0,1970-01-01T00:00:00.000Z,0,0,yes,0.0,False,66ff8d975fd9b4586d6032e6,0,0
66ff8d975fd9b4586d6032e7,nbo001,7.0,HPSEBL ,HPSEBL ,0,Released,DLMS Order, 3P4W LTWC Cl 1.0 10-100A,NORTEM,SMART,AM,Field issue fixed,2024-01-11T00:00:00.000Z,2024-01-12T00:00:00.000Z,2024-01-15T00:00:00.000Z,2024-01-16T00:00:00.000Z,1970-01-01T00:00:00.000Z,0.0,0.0,4.0,1.0,2.0,2.0,QER-108610(1),2024-01-18T00:00:00.000Z,BCP,0,0,0.0,False,66ff8d975fd9b4586d6032e7,0,0
66ff8d975fd9b4586d6032e8,UC16.00 ,1.0,ESP,BC7DL0  ,0,Subs Itr rel,DLMS Order,"1Ph 5-30A , Cl.1.0",SFF,ENM,SS,CR chnages,2023-03-28T00:00:00.000Z,2024-01-12T00:00:00.000Z,2024-01-15T00:00:00.000Z,2024-01-16T00:00:00.000Z,1970-01-01T00:00:00.000Z,0.0,0.0,4.0,1.0,2.0,2.0,0,1970-01-01T00:00:00.000Z,0,0,0,0.0,False,66ff8d975fd9b4586d6032e8,0,0
66ff8d975fd9b4586d6032e9,RH29.00,2.0,BCITS,Indore,0,Subs Itr rel,DLMS Order,"1Ph 10-60A , Cl.1.0",CYGNUS,SMART,AVM,Bug fixed,2023-12-28T00:00:00.000Z,2024-01-15T00:00:00.000Z,2024-01-16T00:00:00.000Z,2024-01-18T00:00:00.000Z,2024-01-19T00:00:00.000Z,1.0,1.0,2.0,1.0,3.0,3.0,0,1970-01-01T00:00:00.000Z,SR,0,0,0.0,False,66ff8d975fd9b4586d6032e9,0,0
66ff8d975fd9b4586d6032ea,CAO00502,0.0,J&K,J&K,0,Subs Itr rel,DLMS Order, 3P4W LTWC Cl 1.0 10-100A,CHRONAS,SMART,DK,Energy rollover correction 999999,2024-01-12T00:00:00.000Z,2024-01-12T00:00:00.000Z,2024-01-15T00:00:00.000Z,2024-01-15T00:00:00.000Z,1970-01-01T00:00:00.000Z,0.0,0.0,4.0,2.0,1.0,1.0,0,1970-01-01T00:00:00.000Z,0,0,0,0.0,False,66ff8d975fd9b4586d6032ea,0,0
66ff8d975fd9b4586d6032eb,CAO00503,0.0,J&K,J&K,0,Subs Itr rel,DLMS Order, 3P4W LTWC Cl 1.0 10-100A,CHRONAS,SMART,DK,Bug fixed,2024-01-12T00:00:00.000Z,2024-01-16T00:00:00.000Z,2024-01-16T00:00:00.000Z,2024-01-16T00:00:00.000Z,1970-01-01T00:00:00.000Z,0.0,0.0,1.0,0.0,1.0,1.0,0,1970-01-01T00:00:00.000Z,0,0,0,0.0,False,66ff8d975fd9b4586d6032eb,0,0
66ff8d975fd9b4586d6032ec,RH20.00,2.0,Intellismart,SBPDCL,0,Released,DLMS Order,"1Ph 10-60A , Cl.1.0",CYGNUS,SMART,BCP,Bug fixed,2023-10-06T00:00:00.000Z,2024-01-16T00:00:00.000Z,2024-01-17T00:00:00.000Z,2024-01-18T00:00:00.000Z,2024-01-22T00:00:00.000Z,4.0,2.0,2.0,1.0,2.0,2.0,108993,2024-01-23T00:00:00.000Z,SR,0,0,0.0,False,66ff8d975fd9b4586d6032ec,0,0
66ff8d975fd9b4586d6032ed,3PBNC.88,0.0,EESL,Bihar ,0,Exp Next Itr,DLMS Order, 3P4W LTWC Cl 1.0 10-60A,NORTEM,SMART,AM,CR changes,2024-01-17T00:00:00.000Z,2024-01-17T00:00:00.000Z,2024-01-22T00:00:00.000Z,2024-01-25T00:00:00.000Z,2024-01-29T00:00:00.000Z,4.0,1.0,6.0,3.0,4.0,4.0,0,1970-01-01T00:00:00.000Z,AVM,0,0,0.0,False,66ff8d975fd9b4586d6032ed,0,0
66ff8d975fd9b4586d6032ee,5HD2B.71,2.0,ESP,WR300BB51TNWMN,0,Released,DLMS Order,3P4W 63.5V 5-10A Cl 0.2 Opt + RS232,SEM N2,TVM HT 0.2,BCP,checklist and CR changes,2024-01-18T00:00:00.000Z,2024-01-18T00:00:00.000Z,2024-01-22T00:00:00.000Z,2024-01-23T00:00:00.000Z,1970-01-01T00:00:00.000Z,0.0,0.0,5.0,2.0,2.0,2.0,QER-108528(1),2024-01-25T00:00:00.000Z,AVM,0,0,0.0,False,66ff8d975fd9b4586d6032ee,0,0
66ff8d975fd9b4586d6032ef,5HD22.72,1.0,ESP,WR300BB11ABTRR4 ,0,Released,DLMS Order,3P4W 63.5V 5-10A Cl 0.2 Opt + RS232,SEM N2,TVM HT 0.2,BCP,CR change and checklist,2023-11-30T00:00:00.000Z,2024-01-18T00:00:00.000Z,2024-01-19T00:00:00.000Z,2024-01-19T00:00:00.000Z,2024-01-22T00:00:00.000Z,3.0,1.0,2.0,1.0,1.0,1.0,108469(2),2024-01-23T00:00:00.000Z,0,0,0,0.0,False,66ff8d975fd9b4586d6032ef,0,0
66ff8d975fd9b4586d6032f0,SR82.00,0.0,KSEB,KSEB,0,Subs Itr rel,DLMS Order,"1Ph 10-60A , Cl.1.0",SFF,ENM,SS,New firmware,2024-01-19T00:00:00.000Z,2024-01-19T00:00:00.000Z,2024-01-22T00:00:00.000Z,2024-01-24T00:00:00.000Z,2024-01-25T00:00:00.000Z,1.0,1.0,4.0,1.0,3.0,3.0,0,1970-01-01T00:00:00.000Z,SS,0,yes,0.0,False,66ff8d975fd9b4586d6032f0,0,0
66ff8d975fd9b4586d6032f1,CBO013.00,1.0,Intellismart,MGVCL,0,Subs Itr rel,DLMS Order, 3P4W LTWC Cl 1.0 10-60A,CHRONAS,SMART,BHR,New firmware,2024-01-19T00:00:00.000Z,2024-01-19T00:00:00.000Z,2024-01-22T00:00:00.000Z,2024-01-24T00:00:00.000Z,2024-02-01T00:00:00.000Z,8.0,4.0,4.0,1.0,3.0,3.0,0,1970-01-01T00:00:00.000Z,SAN,0,yes,0.0,False,66ff8d975fd9b4586d6032f1,0,0
66ff8d975fd9b4586d6032f2,HHo002.00 ,0.0,Techno,MPPKVVCL Indore ,0,Subs Itr rel,DLMS Order, 3P4W HTCT Cl 0.2 5-10A,NORTEM,SMART,AVM,New firmware,2024-01-19T00:00:00.000Z,2024-01-19T00:00:00.000Z,2024-01-22T00:00:00.000Z,2024-01-25T00:00:00.000Z,2024-01-30T00:00:00.000Z,5.0,2.0,4.0,0.0,4.0,4.0,0,1970-01-01T00:00:00.000Z,VK,0,yes,0.0,False,66ff8d975fd9b4586d6032f2,0,0
66ff8d975fd9b4586d6032f3,CBO00901,0.0,Intellismart,APDCL ,0,Subs Itr rel,DLMS Order, 3P4W LTWC Cl 1.0 10-60A,CHRONAS,SMART,DK,CR changes,2024-01-22T00:00:00.000Z,2024-01-22T00:00:00.000Z,2024-01-22T00:00:00.000Z,2024-01-24T00:00:00.000Z,1970-01-01T00:00:00.000Z,0.0,0.0,1.0,0.0,3.0,3.0,0,1970-01-01T00:00:00.000Z,VK,0,0,0.0,False,66ff8d975fd9b4586d6032f3,0,0
66ff8d975fd9b4586d6032f4,CAO01200,1.0,TPCL,TPCL,0,Released,DLMS Order, 3P4W LTWC Cl 1.0 10-100A,CHRONAS,SMART,SR,Bug fixed,2024-01-08T00:00:00.000Z,2024-01-22T00:00:00.000Z,2024-01-23T00:00:00.000Z,2024-01-23T00:00:00.000Z,1970-01-01T00:00:00.000Z,0.0,0.0,2.0,1.0,1.0,1.0,108853(02),2024-01-23T00:00:00.000Z,0,0,0,0.0,False,66ff8d975fd9b4586d6032f4,0,0
66ff8d975fd9b4586d6032f5,nLo030.01,1.0,Techno,MPPKVVCL Indore ,(w/o DI),Subs Itr rel,DLMS Order,"3P4W LTCT 240V 5-10A,",NORTEM,SMART,BCP,Bug fixed,2024-01-04T00:00:00.000Z,2024-01-23T00:00:00.000Z,2024-01-24T00:00:00.000Z,2024-01-25T00:00:00.000Z,1970-01-01T00:00:00.000Z,0.0,0.0,2.0,1.0,2.0,2.0,0,1970-01-01T00:00:00.000Z,0,0,0,0.0,False,66ff8d975fd9b4586d6032f5,0,0
66ff8d975fd9b4586d6032f6,nLo031.00,1.0,Techno,MPPKVVCL Indore ,DI,Subs Itr rel,DLMS Order,"3P4W LTCT 240V 5-10A,",NORTEM,SMART,San,Bug fixed,2024-01-04T00:00:00.000Z,2024-01-23T00:00:00.000Z,2024-01-24T00:00:00.000Z,2024-01-25T00:00:00.000Z,1970-01-01T00:00:00.000Z,0.0,0.0,2.0,1.0,2.0,2.0,0,1970-01-01T00:00:00.000Z,0,0,0,0.0,False,66ff8d975fd9b4586d6032f6,0,0
66ff8d975fd9b4586d6032f7,nAo008,3.0,TPCL,TPCL,0,Released,DLMS Order, 3P4W LTWC Cl 1.0 10-100A,NORTEM,SMART,DK,Bug fixed,2024-01-09T00:00:00.000Z,2024-01-24T00:00:00.000Z,2024-01-24T00:00:00.000Z,2024-01-29T00:00:00.000Z,1970-01-01T00:00:00.000Z,0.0,0.0,1.0,0.0,6.0,3.0,QER-108632(1),2024-03-04T00:00:00.000Z,BCP,0,0,0.0,False,66ff8d975fd9b4586d6032f7,0,0
66ff8d975fd9b4586d6032f8,CBO011.00,0.0,Intellismart,SBPDCL,0,Subs Itr rel,DLMS Order, 3P4W LTWC Cl 1.0 10-60A,CHRONAS,SMART,SS,New firmware,2024-01-24T00:00:00.000Z,2024-01-24T00:00:00.000Z,2024-01-25T00:00:00.000Z,2024-02-01T00:00:00.000Z,2024-02-02T00:00:00.000Z,1.0,1.0,2.0,1.0,8.0,5.0,0,1970-01-01T00:00:00.000Z,SR,0,yes,0.0,False,66ff8d975fd9b4586d6032f8,0,0
66ff8d975fd9b4586d6032f9,COT02.03,0.0,APDCL,APDCL,0,Released,DLMS Order, 3P4W LTWC Cl 1.0 10-60A,M3T,TVM LT WC,VK,checklist implementation,2024-01-29T00:00:00.000Z,2024-01-29T00:00:00.000Z,2024-01-29T00:00:00.000Z,2024-01-30T00:00:00.000Z,2024-02-01T00:00:00.000Z,2.0,2.0,1.0,0.0,2.0,2.0,QER-108128(3),2024-02-01T00:00:00.000Z,SS,0,0,0.0,False,66ff8d975fd9b4586d6032f9,0,0
66ff8d975fd9b4586d6032fa,3PBNC.86,0.0,EESL,Bihar ,0,Withdrawn,DLMS Order, 3P4W LTWC Cl 1.0 10-60A,NORTEM,SMART,0,CR changes,2024-01-25T00:00:00.000Z,1970-01-01T00:00:00.000Z,1970-01-01T00:00:00.000Z,1970-01-01T00:00:00.000Z,1970-01-01T00:00:00.000Z,0.0,0.0,1.0,2.0,0.0,0.0,0,1970-01-01T00:00:00.000Z,0,0,0,0.0,False,66ff8d975fd9b4586d6032fa,0,0
66ff8d975fd9b4586d6032fb,SR81.00,0.0,TANGEDCO,TANGEDCO,0,Subs Itr rel,DLMS Order,"1Ph 10-60A , Cl.1.0",SFF,ENM,SR,New firmware,2024-01-25T00:00:00.000Z,2024-01-25T00:00:00.000Z,2024-01-29T00:00:00.000Z,2024-02-01T00:00:00.000Z,2024-02-06T00:00:00.000Z,5.0,3.0,5.0,0.0,4.0,4.0,0,1970-01-01T00:00:00.000Z,SAN,0,yes,0.0,False,66ff8d975fd9b4586d6032fb,0,0
66ff8d975fd9b4586d6032fc,nLo030.02,2.0,Techno,MPPKVVCL Indore ,(w/o DI),Subs Itr rel,DLMS Order,"3P4W LTCT 240V 5-10A,",NORTEM,SMART,San,Bug fixed,2024-01-04T00:00:00.000Z,2024-01-29T00:00:00.000Z,2024-01-29T00:00:00.000Z,2024-01-30T00:00:00.000Z,1970-01-01T00:00:00.000Z,0.0,0.0,1.0,0.0,2.0,2.0,0,1970-01-01T00:00:00.000Z,0,0,0,0.0,False,66ff8d975fd9b4586d6032fc,0,0
66ff8d975fd9b4586d6032fd,5HD0U.74 ,0.0,DHBVN,DHBVN,0,Released,DLMS Order,3P4W 63.5V 5-10A Cl 0.2 Opt + RS232,N2AVE,TVM HT 0.5,DK,Checklist implementation ,2024-01-29T00:00:00.000Z,2024-02-01T00:00:00.000Z,2024-02-05T00:00:00.000Z,2024-02-09T00:00:00.000Z,2024-02-12T00:00:00.000Z,3.0,2.0,5.0,2.0,5.0,3.0,QER-109007,2024-02-13T00:00:00.000Z,VK,0,0,0.0,False,66ff8d975fd9b4586d6032fd,0,0
66ff8d975fd9b4586d6032fe,nLo031.00,2.0,Techno,MPPKVVCL Indore ,DI,Subs Itr rel,DLMS Order,"3P4W LTCT 240V 5-10A,",NORTEM,SMART,AVM,Bug fixed,2024-01-04T00:00:00.000Z,2024-01-29T00:00:00.000Z,2024-01-30T00:00:00.000Z,2024-01-30T00:00:00.000Z,1970-01-01T00:00:00.000Z,0.0,0.0,2.0,0.0,1.0,1.0,0,1970-01-01T00:00:00.000Z,0,0,0,0.0,False,66ff8d975fd9b4586d6032fe,0,0
66ff8d975fd9b4586d6032ff,SR82.00,1.0,KSEB,KSEB,0,Released,DLMS Order,"1Ph 10-60A , Cl.1.0",SFF,ENM,SR,Bug fixed,2024-01-19T00:00:00.000Z,2024-01-30T00:00:00.000Z,2024-02-12T00:00:00.000Z,2024-02-12T00:00:00.000Z,2024-02-14T00:00:00.000Z,2.0,2.0,14.0,6.0,1.0,1.0,QER-109033,2024-03-18T00:00:00.000Z,AM,0,0,0.0,False,66ff8d975fd9b4586d6032ff,0,0
66ff8d975fd9b4586d603300,CAO01200,1.0,TPCL,TPCL,0,Completed,DLMS Order, 3P4W LTWC Cl 1.0 10-100A,CHRONAS,SMART,BCP,Basic testing(not for release only given for test fots production),2024-01-30T00:00:00.000Z,2024-01-30T00:00:00.000Z,2024-01-30T00:00:00.000Z,2024-01-30T00:00:00.000Z,1970-01-01T00:00:00.000Z,0.0,0.0,1.0,0.0,1.0,1.0,0,1970-01-01T00:00:00.000Z,0,0,0,0.0,False,66ff8d975fd9b4586d603300,0,0
66ff8d975fd9b4586d603301,RH30.00,0.0,MPPKVVCL Indore,MPPKVVCL Indore,0,Exp Next Itr,DLMS Order,"1Ph 10-60A , Cl.1.0",CYGNUS,SMART,AVM,New firmware,2024-01-30T00:00:00.000Z,2024-01-30T00:00:00.000Z,2024-01-31T00:00:00.000Z,2024-02-01T00:00:00.000Z,1970-01-01T00:00:00.000Z,0.0,0.0,2.0,1.0,2.0,2.0,0,1970-01-01T00:00:00.000Z,0,0,yes,0.0,False,66ff8d975fd9b4586d603301,0,0
66ff8d975fd9b4586d603302,RH29.00,3.0,BCITS,Indore,0,Released,DLMS Order,"1Ph 10-60A , Cl.1.0",CYGNUS,SMART,AVM,Process related change,2023-12-28T00:00:00.000Z,2024-01-30T00:00:00.000Z,2024-01-30T00:00:00.000Z,2024-01-30T00:00:00.000Z,1970-01-01T00:00:00.000Z,0.0,0.0,1.0,0.0,1.0,0.5,QER-108994,2024-01-30T00:00:00.000Z,0,yes,0,0.0,False,66ff8d975fd9b4586d603302,0,0
66ff8d975fd9b4586d603303,nLo030.03,3.0,Techno,MPPKVVCL Indore ,(w/o DI),Subs Itr rel,DLMS Order,"3P4W LTCT 240V 5-10A,",NORTEM,SMART,BCP,Bug fixed,2024-01-04T00:00:00.000Z,2024-01-30T00:00:00.000Z,2024-01-31T00:00:00.000Z,2024-02-02T00:00:00.000Z,1970-01-01T00:00:00.000Z,0.0,0.0,2.0,1.0,3.0,3.0,0,1970-01-01T00:00:00.000Z,0,0,0,0.0,False,66ff8d975fd9b4586d603303,0,0
66ff8d975fd9b4586d603304,nLo031.00,3.0,Techno,MPPKVVCL Indore ,DI,On Hold,DLMS Order,"3P4W LTCT 240V 5-10A,",NORTEM,SMART,San,Bug fixed,2024-01-04T00:00:00.000Z,2024-01-30T00:00:00.000Z,2024-01-30T00:00:00.000Z,2024-01-31T00:00:00.000Z,1970-01-01T00:00:00.000Z,0.0,0.0,1.0,1.0,2.0,2.0,0,1970-01-01T00:00:00.000Z,0,0,0,0.0,False,66ff8d975fd9b4586d603304,0,0
66ff8d975fd9b4586d603305,RH08.01,0.0,Montecarlo,"MP, Jabalpur ",0,Released,DLMS Order,"1Ph 10-60A , Cl.1.0",CYGNUS,SMART,AM,CR changes,2024-01-31T00:00:00.000Z,2024-01-31T00:00:00.000Z,2024-01-31T00:00:00.000Z,2024-01-31T00:00:00.000Z,1970-01-01T00:00:00.000Z,0.0,0.0,1.0,0.0,1.0,1.0,QER-108915(01),2024-02-02T00:00:00.000Z,BCP,0,0,0.0,False,66ff8d975fd9b4586d603305,0,0
66ff8d975fd9b4586d603306,UR08.00 ,0.0,BESCOM ,BESCOM ,0,Released,DLMS Order,"1Ph 5-30A , Cl.1.0",MERCURY,ENM,SS,New firmware,2024-01-31T00:00:00.000Z,2024-01-31T00:00:00.000Z,2024-02-05T00:00:00.000Z,2024-02-08T00:00:00.000Z,2024-02-09T00:00:00.000Z,1.0,1.0,6.0,3.0,4.0,4.0,QER-109012(1),2024-02-27T00:00:00.000Z,SAN/AVM,0,yes,0.0,False,66ff8d975fd9b4586d603306,0,0
66ff8d975fd9b4586d603307,CBO00710,1.0,Shiridi Sai ,Shiridi Sai ,0,Released,DLMS Order, 3P4W LTWC Cl 1.0 10-60A,CHRONAS,SMART,DK,Energy rollover correction 999999,2024-01-30T00:00:00.000Z,2024-01-30T00:00:00.000Z,2024-02-01T00:00:00.000Z,2024-02-01T00:00:00.000Z,1970-01-01T00:00:00.000Z,0.0,0.0,3.0,1.0,1.0,1.0,QER-109000(2),2024-02-26T00:00:00.000Z,0,0,0,0.0,False,66ff8d975fd9b4586d603307,0,0
66ff8d975fd9b4586d603308,CBO00701,1.0,Shiridi Sai ,Shiridi Sai ,0,Released,DLMS Order, 3P4W LTWC Cl 1.0 10-60A,CHRONAS,SMART,DK,Energy rollover correction 999999,2024-01-30T00:00:00.000Z,2024-01-30T00:00:00.000Z,2024-02-02T00:00:00.000Z,2024-02-02T00:00:00.000Z,1970-01-01T00:00:00.000Z,0.0,0.0,4.0,2.0,1.0,1.0,QER-109001(1),2024-02-26T00:00:00.000Z,0,0,0,0.0,False,66ff8d975fd9b4586d603308,0,0
66ff8d975fd9b4586d603309,CBO012.00,3.0,Intellismart,DGVCL,0,Subs Itr rel,DLMS Order, 3P4W LTWC Cl 1.0 10-60A,CHRONAS,SMART,BHR,bug fixed,2023-11-30T00:00:00.000Z,2024-01-31T00:00:00.000Z,2024-02-01T00:00:00.000Z,2024-02-05T00:00:00.000Z,1970-01-01T00:00:00.000Z,0.0,0.0,2.0,1.0,5.0,3.0,0,1970-01-01T00:00:00.000Z,0,0,0,0.0,False,66ff8d975fd9b4586d603309,0,0
66ff8d975fd9b4586d60330a,CBO00901,1.0,Intellismart,APDCL ,0,Subs Itr rel,DLMS Order, 3P4W LTWC Cl 1.0 10-60A,CHRONAS,SMART,VK,CR changes,2023-10-06T00:00:00.000Z,2024-02-01T00:00:00.000Z,2024-02-01T00:00:00.000Z,2024-02-06T00:00:00.000Z,1970-01-01T00:00:00.000Z,0.0,0.0,1.0,0.0,6.0,4.0,0,1970-01-01T00:00:00.000Z,0,0,0,0.0,False,66ff8d975fd9b4586d60330a,0,0
66ff8d975fd9b4586d60330b,COC55.00,0.0,BESCOM ,BESCOM ,0,Released,DLMS Order, 3P4W LTWC Cl 1.0 10-60A,SFF,TVM LT WC,AVM,New firmware,2024-02-02T00:00:00.000Z,2024-02-02T00:00:00.000Z,2024-02-20T00:00:00.000Z,2024-02-24T00:00:00.000Z,2024-02-28T00:00:00.000Z,4.0,2.0,19.0,12.0,5.0,4.0,QER-109019,2024-02-29T00:00:00.000Z,SS,0,yes,0.0,False,66ff8d975fd9b4586d60330b,0,0
66ff8d975fd9b4586d60330c,CON07.00,0.0,TANGEDCO ,MSEDCL,0,Subs Itr rel,DLMS Order, 3P 4W- SFF-LT 5-10A,SFF,TVM LT 0.5,VK,New Firmware,2024-02-05T00:00:00.000Z,2024-02-05T00:00:00.000Z,2024-02-14T00:00:00.000Z,2024-02-16T00:00:00.000Z,2024-02-19T00:00:00.000Z,3.0,1.0,10.0,7.0,3.0,3.0,0,1970-01-01T00:00:00.000Z,SAN,0,yes,0.0,False,66ff8d975fd9b4586d60330c,0,0
66ff8d975fd9b4586d60330d,COC53.00 ,1.0,TANGEDCO ,TANGEDCO ,0,Released,DLMS Order, 3P4W LTWC Cl 1.0 10-60A,SFF,TVM LT WC,BCP,bug fixed,2023-12-29T00:00:00.000Z,2024-02-05T00:00:00.000Z,2024-02-13T00:00:00.000Z,2024-02-13T00:00:00.000Z,2024-02-17T00:00:00.000Z,4.0,2.0,9.0,6.0,1.0,1.0,QER-109024,1970-01-01T00:00:00.000Z,BHR,0,0,0.0,False,66ff8d975fd9b4586d60330d,0,0
66ff8d975fd9b4586d60330e,CBO010.00 ,1.0,Intellismart,SBPDCL,Cyan,Withdrawn,DLMS Order, 3P4W LTWC Cl 1.0 10-100A,CHRONAS,SMART,0,bug fixed,2023-10-20T00:00:00.000Z,2024-02-05T00:00:00.000Z,2024-02-06T00:00:00.000Z,1970-01-01T00:00:00.000Z,1970-01-01T00:00:00.000Z,0.0,0.0,2.0,1.0,0.0,0.0,0,2024-03-04T00:00:00.000Z,0,0,0,0.0,False,66ff8d975fd9b4586d60330e,0,0
66ff8d975fd9b4586d60330f,UF18.00 ,0.0,WBSEDCL,WBSEDCL,0,Exp Next Itr,DLMS Tender,"1Ph 5-30A , Cl.1.0",MERCURY,ENM,SR,New firmware,2024-02-05T00:00:00.000Z,2024-02-06T00:00:00.000Z,2024-02-06T00:00:00.000Z,2024-02-09T00:00:00.000Z,1970-01-01T00:00:00.000Z,0.0,0.0,1.0,0.0,4.0,3.0,0,1970-01-01T00:00:00.000Z,0,0,yes,0.0,False,66ff8d975fd9b4586d60330f,0,0
66ff8d975fd9b4586d603310,UD07.00 ,0.0,WBSEDCL,WBSEDCL,0,Exp Next Itr,DLMS Tender,"1Ph 5-30A , Cl.1.0",SFF,ENM,SR,New firmware,2024-02-06T00:00:00.000Z,2024-02-06T00:00:00.000Z,2024-02-06T00:00:00.000Z,2024-02-08T00:00:00.000Z,1970-01-01T00:00:00.000Z,0.0,0.0,1.0,0.0,3.0,3.0,0,1970-01-01T00:00:00.000Z,0,0,yes,0.0,False,66ff8d975fd9b4586d603310,0,0
66ff8d975fd9b4586d603311,RH30.00,1.0,MPPKVVCL Indore,MPPKVVCL Indore,0,Exp Next Itr,DLMS Order,"1Ph 10-60A , Cl.1.0",CYGNUS,SMART,San,bug fixed,2024-01-30T00:00:00.000Z,2024-02-06T00:00:00.000Z,2024-02-06T00:00:00.000Z,2024-02-07T00:00:00.000Z,1970-01-01T00:00:00.000Z,0.0,0.0,1.0,0.0,2.0,2.0,0,1970-01-01T00:00:00.000Z,0,0,0,0.0,False,66ff8d975fd9b4586d603311,0,0
66ff8d975fd9b4586d603312,CBO014.00 ,0.0,Techno,MPPKVVCL Indore ,0,Subs Itr rel,DLMS Order, 3P4W LTWC Cl 1.0 10-60A,CHRONAS,SMART,BHR,New firmware,2024-02-06T00:00:00.000Z,2024-02-06T00:00:00.000Z,2024-02-09T00:00:00.000Z,2024-02-13T00:00:00.000Z,1970-01-01T00:00:00.000Z,0.0,0.0,4.0,2.0,5.0,3.0,0,1970-01-01T00:00:00.000Z,0,0,yes,0.0,False,66ff8d975fd9b4586d603312,0,0
66ff8d975fd9b4586d603313,RH31.00,0.0,Intellismart,MGVCL,0,Exp Next Itr,DLMS Order,"1Ph 5-30A , Cl.1.0",CYGNUS,SMART,BHR,New firmware,2024-02-06T00:00:00.000Z,2024-02-06T00:00:00.000Z,2024-03-18T00:00:00.000Z,2024-03-22T00:00:00.000Z,2024-03-25T00:00:00.000Z,3.0,1.0,42.0,20.0,5.0,5.0,0,1970-01-01T00:00:00.000Z,SAN,0,yes,0.0,False,66ff8d975fd9b4586d603313,0,0
66ff8d975fd9b4586d603314,RH32.00,0.0,Intellismart,MGVCL,0,Withdrawn,DLMS Order,"1Ph 10-60A , Cl.1.0",CYGNUS,SMART,0,New firmware,2024-02-06T00:00:00.000Z,2024-02-06T00:00:00.000Z,1970-01-01T00:00:00.000Z,1970-01-01T00:00:00.000Z,1970-01-01T00:00:00.000Z,0.0,0.0,0.0,0.0,1.0,0.0,0,1970-01-01T00:00:00.000Z,0,0,yes,0.0,False,66ff8d975fd9b4586d603314,0,0
66ff8d975fd9b4586d603315,RH33.00,0.0,Intellismart,DGVCL,0,Exp Next Itr,DLMS Order,"1Ph 10-60A , Cl.1.0",CYGNUS,SMART,SR,New firmware,2024-02-06T00:00:00.000Z,2024-02-06T00:00:00.000Z,2024-02-28T00:00:00.000Z,2024-03-01T00:00:00.000Z,2024-03-04T00:00:00.000Z,3.0,1.0,23.0,14.0,3.0,3.0,0,1970-01-01T00:00:00.000Z,SAN,0,yes,0.0,False,66ff8d975fd9b4586d603315,0,0
66ff8d975fd9b4586d603316,CBO013.00,2.0,Intellismart,MGVCL,0,Subs Itr rel,DLMS Order, 3P4W LTWC Cl 1.0 10-60A,CHRONAS,SMART,AVM,bug fixed,2024-01-19T00:00:00.000Z,2024-02-06T00:00:00.000Z,2024-02-07T00:00:00.000Z,2024-02-07T00:00:00.000Z,2024-02-08T00:00:00.000Z,1.0,1.0,2.0,1.0,1.0,1.0,0,1970-01-01T00:00:00.000Z,SS,0,0,0.0,False,66ff8d975fd9b4586d603316,0,0
66ff8d975fd9b4586d603317,CTC85.00 ,4.0,TANGEDCO,TANGEDCO,0,Completed,DLMS Tender, 3P4W LTWC Cl 1.0 10-60A,SFF,TVM LT WC,VK,Tender changes,2024-02-06T00:00:00.000Z,2024-02-06T00:00:00.000Z,2024-02-08T00:00:00.000Z,2024-02-09T00:00:00.000Z,1970-01-01T00:00:00.000Z,0.0,0.0,3.0,1.0,2.0,2.0,0,1970-01-01T00:00:00.000Z,0,0,0,0.0,False,66ff8d975fd9b4586d603317,0,0
66ff8d975fd9b4586d603318,UC03.01,0.0,CESC, BIKANER ,0,Released,DLMS Order,"1Ph 5-30A , Cl.1.0",SFF,ENM,SR,Field Modification,2024-02-06T00:00:00.000Z,2024-02-06T00:00:00.000Z,2024-02-13T00:00:00.000Z,2024-02-14T00:00:00.000Z,2024-02-16T00:00:00.000Z,2.0,2.0,8.0,5.0,2.0,2.0,QER-108701(02),2024-02-22T00:00:00.000Z,BHR,0,0,0.0,False,66ff8d975fd9b4586d603318,0,0
66ff8d975fd9b4586d603319,CTP19.00 ,1.0,TANGEDCO,TANGEDCO,0,Exp Next Itr,DLMS Tender, 3P4W LTWC Cl 1.0 10-60A,VENUS,TVM LT WC,AVM,New firmware,2024-02-07T00:00:00.000Z,2024-02-07T00:00:00.000Z,2024-02-08T00:00:00.000Z,2024-02-13T00:00:00.000Z,1970-01-01T00:00:00.000Z,0.0,0.0,2.0,1.0,6.0,4.0,0,1970-01-01T00:00:00.000Z,VK,0,yes,0.0,False,66ff8d975fd9b4586d603319,0,0
66ff8d975fd9b4586d60331a,RH20.01,0.0,Intellismart,SBPDCL,0,Released,DLMS Order,"1Ph 10-60A , Cl.1.0",CYGNUS,SMART,SAN,HES Integration changes,2024-02-08T00:00:00.000Z,2024-02-08T00:00:00.000Z,2024-02-08T00:00:00.000Z,2024-02-09T00:00:00.000Z,1970-01-01T00:00:00.000Z,0.0,0.0,1.0,0.0,2.0,2.0,QER-108993(1).,2024-02-09T00:00:00.000Z,0,0,0,0.0,False,66ff8d975fd9b4586d60331a,0,0
66ff8d975fd9b4586d60331b,RH37.00,0.0,NCC,NBPDCL,0,Subs Itr rel,DLMS Order,"1Ph 10-60A , Cl.1.0",CYGNUS,SMART,BHR,New firmware,2024-02-08T00:00:00.000Z,2024-02-08T00:00:00.000Z,2024-02-14T00:00:00.000Z,2024-02-15T00:00:00.000Z,2024-02-21T00:00:00.000Z,6.0,3.0,7.0,4.0,2.0,2.0,0,1970-01-01T00:00:00.000Z,SAN,0,yes,0.0,False,66ff8d975fd9b4586d60331b,0,0
66ff8d975fd9b4586d60331c,SR81.00,1.0,TANGEDCO,TANGEDCO,0,Subs Itr rel,DLMS Order,"1Ph 10-60A , Cl.1.0",SFF,ENM,BCP,bug fixed,2024-01-25T00:00:00.000Z,2024-02-08T00:00:00.000Z,2024-02-09T00:00:00.000Z,2024-02-12T00:00:00.000Z,1970-01-01T00:00:00.000Z,0.0,0.0,2.0,1.0,4.0,2.0,0,1970-01-01T00:00:00.000Z,VK,0,0,0.0,False,66ff8d975fd9b4586d60331c,0,0
66ff8d975fd9b4586d60331d,HHo002.00 ,1.0,Techno,MPPKVVCL Indore ,0,Subs Itr rel,DLMS Order, 3P4W HTCT Cl 0.2 5-10A,NORTEM,SMART,San,bug fixed,2024-01-19T00:00:00.000Z,2024-02-08T00:00:00.000Z,2024-02-12T00:00:00.000Z,2024-02-16T00:00:00.000Z,1970-01-01T00:00:00.000Z,0.0,0.0,5.0,2.0,5.0,5.0,0,1970-01-01T00:00:00.000Z,0,0,0,0.0,False,66ff8d975fd9b4586d60331d,0,0
66ff8d975fd9b4586d60331e,CAO01400,0.0,TPCL,TPCL,0,Stopped,DLMS Order, 3P4W LTWC Cl 1.0 10-100A,CHRONAS,SMART,AM,CR changes,2024-02-08T00:00:00.000Z,2024-02-08T00:00:00.000Z,2024-02-13T00:00:00.000Z,1970-01-01T00:00:00.000Z,1970-01-01T00:00:00.000Z,0.0,0.0,6.0,0.0,0.0,0.0,0,1970-01-01T00:00:00.000Z,0,0,0,0.0,False,66ff8d975fd9b4586d60331e,0,0
66ff8d975fd9b4586d60331f,COC54.00 ,0.0,ESP,BC83GOAN2 ,0,On Hold,DLMS Order, 3P4W LTWC Cl 1.0 10-60A,SFF,TVM LT WC,0,New firmware,2024-02-08T00:00:00.000Z,2024-02-08T00:00:00.000Z,1970-01-01T00:00:00.000Z,1970-01-01T00:00:00.000Z,1970-01-01T00:00:00.000Z,0.0,0.0,0.0,0.0,1.0,0.0,0,1970-01-01T00:00:00.000Z,0,0,yes,0.0,False,66ff8d975fd9b4586d60331f,0,0
66ff8d975fd9b4586d603320,CBO010.00 ,2.0,Intellismart,SBPDCL,Cyan,Subs Itr rel,DLMS Order, 3P4W LTWC Cl 1.0 10-100A,CHRONAS,SMART,SS,bug fixed,2023-10-20T00:00:00.000Z,2024-02-09T00:00:00.000Z,2024-02-09T00:00:00.000Z,2024-02-14T00:00:00.000Z,1970-01-01T00:00:00.000Z,0.0,0.0,1.0,0.0,6.0,4.0,0,1970-01-01T00:00:00.000Z,0,0,0,0.0,False,66ff8d975fd9b4586d603320,0,0
66ff8d975fd9b4586d603321,SF94.00,4.0,TANGEDCO,TANGEDCO,0,Completed,DLMS Tender,"1Ph 10-60A , Cl.1.0",SFF,ENM,AM,Tender changes with CTT4.3,2024-02-09T00:00:00.000Z,2024-02-09T00:00:00.000Z,2024-02-09T00:00:00.000Z,2024-02-09T00:00:00.000Z,1970-01-01T00:00:00.000Z,0.0,0.0,1.0,0.0,1.0,1.0,0,1970-01-01T00:00:00.000Z,0,0,0,0.0,False,66ff8d975fd9b4586d603321,0,0
66ff8d975fd9b4586d603322,CAO01500,0.0,TPCL,TPCL,0,Subs Itr rel,DLMS Order, 3P4W LTWC Cl 1.0 10-100A,CHRONAS,SMART,AVM,New firmware(PCB change),2024-02-09T00:00:00.000Z,2024-02-09T00:00:00.000Z,2024-02-14T00:00:00.000Z,2024-02-20T00:00:00.000Z,2024-02-22T00:00:00.000Z,2.0,2.0,6.0,3.0,7.0,5.0,0,1970-01-01T00:00:00.000Z,AM,0,yes,0.0,False,66ff8d975fd9b4586d603322,0,0
66ff8d975fd9b4586d603323,CBO013.00,3.0,Intellismart,MGVCL,0,Subs Itr rel,DLMS Order, 3P4W LTWC Cl 1.0 10-60A,CHRONAS,SMART,San,bug fixed,2024-01-19T00:00:00.000Z,2024-02-09T00:00:00.000Z,2024-02-09T00:00:00.000Z,2024-02-09T00:00:00.000Z,1970-01-01T00:00:00.000Z,0.0,0.0,1.0,0.0,1.0,1.0,0,1970-01-01T00:00:00.000Z,0,0,0,0.0,False,66ff8d975fd9b4586d603323,0,0
66ff8d975fd9b4586d603324,RH30.00,2.0,MPPKVVCL Indore,MPPKVVCL Indore,0,Withdrawn,DLMS Order,"1Ph 10-60A , Cl.1.0",CYGNUS,SMART,DK,bug fixed,2024-01-30T00:00:00.000Z,2024-02-08T00:00:00.000Z,2024-02-13T00:00:00.000Z,2024-02-16T00:00:00.000Z,1970-01-01T00:00:00.000Z,0.0,2.0,6.0,3.0,4.0,4.0,0,1970-01-01T00:00:00.000Z,SR,0,0,0.0,False,66ff8d975fd9b4586d603324,0,0
66ff8d975fd9b4586d603325,CAO00503,1.0,J&K,J&K,0,Released,DLMS Order, 3P4W LTWC Cl 1.0 10-100A,CHRONAS,SMART,AM,Bug fixed,2024-01-12T00:00:00.000Z,2024-02-02T00:00:00.000Z,2024-02-08T00:00:00.000Z,2024-02-09T00:00:00.000Z,2024-02-12T00:00:00.000Z,3.0,1.0,7.0,4.0,2.0,2.0,QER 108858(4),2024-02-13T00:00:00.000Z,BCP,0,0,0.0,False,66ff8d975fd9b4586d603325,0,0
66ff8d975fd9b4586d603326,RH38.00,0.0,Adani, UPCL ,Nbiot,Withdrawn,DLMS Order,"1Ph 10-60A , Cl.1.0",CYGNUS,SMART,0,New firmware,2024-02-12T00:00:00.000Z,2024-02-13T00:00:00.000Z,1970-01-01T00:00:00.000Z,1970-01-01T00:00:00.000Z,1970-01-01T00:00:00.000Z,0.0,0.0,0.0,5.0,0.0,0.0,0,1970-01-01T00:00:00.000Z,0,0,yes,0.0,False,66ff8d975fd9b4586d603326,0,0
66ff8d975fd9b4586d603327,CBO012.00,4.0,Intellismart,DGVCL,0,Released,DLMS Order, 3P4W LTWC Cl 1.0 10-60A,CHRONAS,SMART,BHR,bug fixed,2023-11-30T00:00:00.000Z,2024-02-13T00:00:00.000Z,2024-02-13T00:00:00.000Z,2024-02-13T00:00:00.000Z,1970-01-01T00:00:00.000Z,0.0,0.0,1.0,0.0,1.0,1.0,QER-109002(1),2024-02-13T00:00:00.000Z,0,0,0,0.0,False,66ff8d975fd9b4586d603327,0,0
66ff8d975fd9b4586d603328,RH36.00,0.0,Adani,NBPDCL,0,Subs Itr rel,DLMS Order,"1Ph 10-60A , Cl.1.0",CYGNUS,SMART,SR,New firmware,2024-02-13T00:00:00.000Z,2024-02-13T00:00:00.000Z,2024-02-16T00:00:00.000Z,2024-02-22T00:00:00.000Z,2024-02-23T00:00:00.000Z,1.0,1.0,4.0,3.0,7.0,0.0,0,1970-01-01T00:00:00.000Z,AVM,0,yes,0.0,False,66ff8d975fd9b4586d603328,0,0
66ff8d975fd9b4586d603329,nLo025.02,2.0,Adani,APDCL,0,On Hold,DLMS Order,"3P4W LTCT 240V 5-10A,",NORTEM,SMART,0,New firmware,2024-02-13T00:00:00.000Z,2024-02-13T00:00:00.000Z,1970-01-01T00:00:00.000Z,1970-01-01T00:00:00.000Z,1970-01-01T00:00:00.000Z,0.0,0.0,0.0,12.0,1.0,0.0,0,1970-01-01T00:00:00.000Z,0,0,yes,0.0,False,66ff8d975fd9b4586d603329,0,0
66ff8d975fd9b4586d60332a,nLo021.04,4.0,Adani,APDCL,DI,On Hold,DLMS Order,"3P4W LTCT 240V 5-10A,",NORTEM,SMART,VK,New firmware,2024-02-13T00:00:00.000Z,2024-02-13T00:00:00.000Z,2024-02-27T00:00:00.000Z,1970-01-01T00:00:00.000Z,1970-01-01T00:00:00.000Z,0.0,0.0,15.0,10.0,0.0,0.0,0,1970-01-01T00:00:00.000Z,0,0,yes,0.0,False,66ff8d975fd9b4586d60332a,0,0
66ff8d975fd9b4586d60332b," 5JB03.40 , M2C0202.02",0.0,MSEDCNLET ,MSEDCNLET ,0,Released,DLMS Order, 3P4W LTWC Cl 1.0 20-100A,TT,TVM LT WC,BHR,Modem firmware updated,2024-02-13T00:00:00.000Z,2024-02-13T00:00:00.000Z,2024-02-23T00:00:00.000Z,2024-02-26T00:00:00.000Z,1970-01-01T00:00:00.000Z,0.0,0.0,11.0,5.0,4.0,2.0,QER- 108822(1),2024-02-28T00:00:00.000Z,0,0,0,0.0,False,66ff8d975fd9b4586d60332b,0,0
66ff8d975fd9b4586d60332c,CTP10.00 ,2.0,MGVCL,MGVCL,0,Completed,DLMS Tender, 3P4W LTWC Cl 1.0 10-60A,VENUS,TVM LT WC,AM,CTT and display changes,2024-02-13T00:00:00.000Z,2024-02-13T00:00:00.000Z,2024-02-16T00:00:00.000Z,2024-02-19T00:00:00.000Z,1970-01-01T00:00:00.000Z,0.0,0.0,4.0,1.0,4.0,2.0,0,1970-01-01T00:00:00.000Z,AVM,0,0,0.0,False,66ff8d975fd9b4586d60332c,0,0
66ff8d975fd9b4586d60332d,RH21.00,3.0,Intellismart,PVVNL,0,Subs Itr rel,DLMS Order,"1PH  LPR 10-60A,  Cl.1.0",CYGNUS,SMART,SS,CR changes as per new TIF,2023-10-31T00:00:00.000Z,2024-02-14T00:00:00.000Z,2024-02-20T00:00:00.000Z,2024-02-23T00:00:00.000Z,1970-01-01T00:00:00.000Z,0.0,0.0,7.0,4.0,4.0,4.0,0,1970-01-01T00:00:00.000Z,0,0,0,0.0,False,66ff8d975fd9b4586d60332d,0,0
66ff8d975fd9b4586d60332e,COP12.00,0.0,KSEB,KSEB,0,Subs Itr rel,DLMS Order, 3P4W LTWC Cl 1.0 10-60A,VENUS,TVM LT WC,BCP,New firmware,2024-02-14T00:00:00.000Z,2024-02-14T00:00:00.000Z,2024-02-16T00:00:00.000Z,2024-02-20T00:00:00.000Z,2024-02-22T00:00:00.000Z,2.0,2.0,3.0,1.0,5.0,3.0,0,1970-01-01T00:00:00.000Z,AVM,0,yes,0.0,False,66ff8d975fd9b4586d60332e,0,0
66ff8d975fd9b4586d60332f,CTP19.00 ,2.0,TANGEDCO,TANGEDCO,0,Completed,DLMS Tender, 3P4W LTWC Cl 1.0 10-60A,VENUS,TVM LT WC,AVM,bug fixed,2024-02-07T00:00:00.000Z,2024-02-15T00:00:00.000Z,2024-02-15T00:00:00.000Z,2024-02-15T00:00:00.000Z,1970-01-01T00:00:00.000Z,0.0,0.0,1.0,0.0,1.0,1.0,0,1970-01-01T00:00:00.000Z,0,0,0,0.0,False,66ff8d975fd9b4586d60332f,0,0
66ff8d975fd9b4586d603330,CAO01400,0.0,TPCL,TPCL,0,Released,DLMS Order, 3P4W LTWC Cl 1.0 10-100A,CHRONAS,SMART,AM,CR changes,2024-02-08T00:00:00.000Z,2024-02-15T00:00:00.000Z,2024-02-15T00:00:00.000Z,2024-02-16T00:00:00.000Z,2024-02-20T00:00:00.000Z,4.0,2.0,1.0,0.0,2.0,2.0,QER-109013,2024-02-22T00:00:00.000Z,BCP,0,0,0.0,False,66ff8d975fd9b4586d603330,0,0
66ff8d975fd9b4586d603331,CBO014.00 ,1.0,Techno,MPPKVVCL Indore ,0,Subs Itr rel,DLMS Order, 3P4W LTWC Cl 1.0 10-60A,CHRONAS,SMART,SS,bug fixed,2024-02-06T00:00:00.000Z,2024-02-15T00:00:00.000Z,2024-02-15T00:00:00.000Z,2024-02-15T00:00:00.000Z,1970-01-01T00:00:00.000Z,0.0,0.0,1.0,0.0,1.0,1.0,0,1970-01-01T00:00:00.000Z,0,0,0,0.0,False,66ff8d975fd9b4586d603331,0,0
66ff8d975fd9b4586d603332,SR81.00,2.0,TANGEDCO,TANGEDCO,0,Withdrawn,DLMS Order,"1Ph 10-60A , Cl.1.0",SFF,ENM,0,bug fixed,2024-01-25T00:00:00.000Z,2024-02-15T00:00:00.000Z,1970-01-01T00:00:00.000Z,1970-01-01T00:00:00.000Z,1970-01-01T00:00:00.000Z,0.0,0.0,0.0,0.0,1.0,0.0,0,1970-01-01T00:00:00.000Z,0,0,0,0.0,False,66ff8d975fd9b4586d603332,0,0
66ff8d975fd9b4586d603333,CBO014.00 ,2.0,Techno,MPPKVVCL Indore ,0,Subs Itr rel,DLMS Order, 3P4W LTWC Cl 1.0 10-60A,CHRONAS,SMART,BHR,bug fixed,2024-02-06T00:00:00.000Z,2024-02-16T00:00:00.000Z,2024-02-16T00:00:00.000Z,2024-02-16T00:00:00.000Z,2024-02-20T00:00:00.000Z,4.0,2.0,1.0,0.0,1.0,1.0,0,1970-01-01T00:00:00.000Z,BCP,0,0,0.0,False,66ff8d975fd9b4586d603333,0,0
66ff8d975fd9b4586d603334,CBO013.00,4.0,Intellismart,MGVCL,0,Subs Itr rel,DLMS Order, 3P4W LTWC Cl 1.0 10-60A,CHRONAS,SMART,VK,bug fixed,2024-01-19T00:00:00.000Z,2024-02-16T00:00:00.000Z,2024-02-26T00:00:00.000Z,2024-02-26T00:00:00.000Z,1970-01-01T00:00:00.000Z,0.0,0.0,11.0,7.0,1.0,1.0,0,1970-01-01T00:00:00.000Z,0,0,0,0.0,False,66ff8d975fd9b4586d603334,0,0
66ff8d975fd9b4586d603335,5HD16.34,0.0,ESP,WR300BB11ABTAP3 ,0,Released,DLMS Order,3P4W 63.5V 5-10A Cl 0.2 Opt + RS232,SEM N2,TVM HT 0.2,SS,CR changes,2024-02-16T00:00:00.000Z,2024-02-16T00:00:00.000Z,2024-03-04T00:00:00.000Z,2024-03-15T00:00:00.000Z,2024-03-19T00:00:00.000Z,4.0,2.0,18.0,12.0,12.0,8.0,QER-109066,2024-04-25T00:00:00.000Z,SAN,0,0,0.0,False,66ff8d975fd9b4586d603335,0,0
66ff8d975fd9b4586d603336,CTN08.00 ,1.0,MGVCL,MGVCL,0,Withdrawn,DLMS Tender, 3P4W LTWC Cl 1.0 5-10A,VENUS,TVM LT WC,AM,CTT and display changes,2024-02-16T00:00:00.000Z,2024-02-16T00:00:00.000Z,2024-02-20T00:00:00.000Z,1970-01-01T00:00:00.000Z,1970-01-01T00:00:00.000Z,0.0,0.0,5.0,2.0,0.0,0.0,0,1970-01-01T00:00:00.000Z,0,0,0,0.0,False,66ff8d975fd9b4586d603336,0,0
66ff8d975fd9b4586d603337,SR81.00,3.0,TANGEDCO,TANGEDCO,0,Subs Itr rel,DLMS Order,"1Ph 10-60A , Cl.1.0",SFF,ENM,San,bug fixed,2024-01-25T00:00:00.000Z,2024-02-16T00:00:00.000Z,2024-02-19T00:00:00.000Z,2024-02-21T00:00:00.000Z,1970-01-01T00:00:00.000Z,0.0,0.0,4.0,1.0,3.0,3.0,0,1970-01-01T00:00:00.000Z,0,0,0,0.0,False,66ff8d975fd9b4586d603337,0,0
66ff8d975fd9b4586d603338,5YD11.37,0.0,ESP,AP,0,Released,DLMS Order,3P4W 63.5V 1-2A CL0.2 CAT-B,SEM N2,TVM HT 0.2,VK,CR chnges,2024-02-16T00:00:00.000Z,2024-02-16T00:00:00.000Z,2024-03-04T00:00:00.000Z,2024-03-07T00:00:00.000Z,2024-03-15T00:00:00.000Z,8.0,4.0,18.0,12.0,4.0,4.0,QER 108571(6),2024-05-10T00:00:00.000Z,BHR,0,0,0.0,False,66ff8d975fd9b4586d603338,0,0
66ff8d975fd9b4586d603339,CBO010.00 ,3.0,Intellismart,SBPDCL,Cyan,Subs Itr rel,DLMS Order, 3P4W LTWC Cl 1.0 10-100A,CHRONAS,SMART,VK,bug fixed,2023-10-20T00:00:00.000Z,2024-02-17T00:00:00.000Z,2024-02-17T00:00:00.000Z,2024-02-21T00:00:00.000Z,1970-01-01T00:00:00.000Z,0.0,0.0,1.0,0.0,5.0,3.0,0,1970-01-01T00:00:00.000Z,0,0,0,0.0,False,66ff8d975fd9b4586d603339,0,0
66ff8d975fd9b4586d60333a,UD08.00 ,0.0,MGVCL,MGVCL,0,Completed,DLMS Tender,"1Ph 5-30A , Cl.1.0",SFF,ENM,BCP,New firmware,2024-02-19T00:00:00.000Z,2024-02-19T00:00:00.000Z,2024-02-20T00:00:00.000Z,2024-02-22T00:00:00.000Z,1970-01-01T00:00:00.000Z,0.0,0.0,2.0,1.0,3.0,3.0,0,1970-01-01T00:00:00.000Z,SS,0,yes,0.0,False,66ff8d975fd9b4586d60333a,0,0
66ff8d975fd9b4586d60333b,RH35.00,0.0,Adani,EEPL,0,Subs Itr rel,DLMS Order,"1Ph 10-60A , Cl.1.0",CYGNUS,SMART,SR,New firmware,2024-02-19T00:00:00.000Z,2024-02-19T00:00:00.000Z,2024-03-25T00:00:00.000Z,2024-03-28T00:00:00.000Z,2024-04-02T00:00:00.000Z,5.0,2.0,36.0,22.0,4.0,4.0,0,1970-01-01T00:00:00.000Z,BHR,0,yes,0.0,False,66ff8d975fd9b4586d60333b,0,0
66ff8d975fd9b4586d60333c,M2C0202.02,0.0,MSEDCL,MSEDCL,0,Released,DLMS Order, 3P4W LTWC Cl 1.0 20-100A,TT,TVM LT WC,BHR,Modem firmware updated,2024-02-19T00:00:00.000Z,2024-02-19T00:00:00.000Z,2024-02-23T00:00:00.000Z,2024-02-26T00:00:00.000Z,1970-01-01T00:00:00.000Z,0.0,0.0,5.0,1.0,4.0,2.0,QER-109020,2024-03-01T00:00:00.000Z,0,0,0,0.0,False,66ff8d975fd9b4586d60333c,0,0
66ff8d975fd9b4586d60333d,CAO01300,0.0,Techno,MPPKVVCL Indore,0,Subs Itr rel,DLMS Order, 3P4W LTWC Cl 1.0 10-100A,CHRONAS,SMART,VK,New firmware,2024-02-19T00:00:00.000Z,2024-02-19T00:00:00.000Z,2024-02-21T00:00:00.000Z,2024-02-23T00:00:00.000Z,1970-01-01T00:00:00.000Z,0.0,0.0,3.0,2.0,3.0,3.0,0,1970-01-01T00:00:00.000Z,0,0,yes,0.0,False,66ff8d975fd9b4586d60333d,0,0
66ff8d975fd9b4586d60333e,CTC90.00 ,5.0,WBSEDCL,WBSEDCL,0,Completed,DLMS Tender, 3P4W LTWC Cl 1.0 20-100A,SFF,TVM LT WC,AM,CR changes,2024-02-19T00:00:00.000Z,2024-02-19T00:00:00.000Z,2024-02-20T00:00:00.000Z,2024-02-21T00:00:00.000Z,1970-01-01T00:00:00.000Z,0.0,0.0,2.0,0.0,2.0,1.0,0,1970-01-01T00:00:00.000Z,0,0,0,0.0,False,66ff8d975fd9b4586d60333e,0,0
66ff8d975fd9b4586d60333f,CTN08.00 ,2.0,MGVCL,MGVCL,0,Exp Next Itr,DLMS Tender, 3P4W LTWC Cl 1.0 5-10A,VENUS,TVM LT WC,AM,CTT and display changes,2024-02-16T00:00:00.000Z,2024-02-19T00:00:00.000Z,2024-02-20T00:00:00.000Z,2024-02-20T00:00:00.000Z,1970-01-01T00:00:00.000Z,0.0,0.0,2.0,0.0,1.0,1.0,0,1970-01-01T00:00:00.000Z,0,0,0,0.0,False,66ff8d975fd9b4586d60333f,0,0
66ff8d975fd9b4586d603340,CON07.00,1.0,ESP,MSEDCL,0,Released,DLMS Order, 3P 4W- SFF-LT 5-10A,SFF,TVM LT 0.5,VK,bug fixed,2024-02-05T00:00:00.000Z,2024-02-20T00:00:00.000Z,2024-02-21T00:00:00.000Z,2024-02-21T00:00:00.000Z,1970-01-01T00:00:00.000Z,0.0,0.0,2.0,1.0,1.0,1.0,QER-109022,2024-03-01T00:00:00.000Z,0,0,0,0.0,False,66ff8d975fd9b4586d603340,0,0
66ff8d975fd9b4586d603341,RH36.00,1.0,Adani,NBPDCL,0,Stopped,DLMS Order,"1Ph 10-60A , Cl.1.0",CYGNUS,SMART,0,bug fixed,2024-02-13T00:00:00.000Z,2024-02-20T00:00:00.000Z,2024-03-04T00:00:00.000Z,1970-01-01T00:00:00.000Z,1970-01-01T00:00:00.000Z,0.0,0.0,14.0,8.0,0.0,0.0,0,1970-01-01T00:00:00.000Z,0,0,0,0.0,False,66ff8d975fd9b4586d603341,0,0
66ff8d975fd9b4586d603342,RH40.00,0.0,Adani,APDCL,0,Withdrawn,DLMS Order,"1Ph 5-30A , Cl.1.0",CYGNUS,SMART,AVM,New firmware,2024-02-21T00:00:00.000Z,2024-02-21T00:00:00.000Z,2024-02-26T00:00:00.000Z,2024-02-28T00:00:00.000Z,1970-01-01T00:00:00.000Z,0.0,0.0,6.0,3.0,3.0,3.0,0,1970-01-01T00:00:00.000Z,0,0,yes,0.0,False,66ff8d975fd9b4586d603342,0,0
66ff8d975fd9b4586d603343,CTN08.00 ,3.0,MGVCL,MGVCL,0,Completed,DLMS Tender, 3P4W LTWC Cl 1.0 5-10A,VENUS,TVM LT WC,AM,bug fixed,2024-02-16T00:00:00.000Z,2024-02-21T00:00:00.000Z,2024-02-21T00:00:00.000Z,2024-02-21T00:00:00.000Z,1970-01-01T00:00:00.000Z,0.0,0.0,1.0,0.0,1.0,1.0,0,1970-01-01T00:00:00.000Z,0,0,0,0.0,False,66ff8d975fd9b4586d603343,0,0
66ff8d975fd9b4586d603344,5HD14.75 ,0.0,ESP,ESP-TNDLMS,0,Released,DLMS Order,3P4W 63.5V 5-10A Cl 0.2 Opt + RS232,N2AVE,TVM HT 0.2,DK,Checklist implementation and CR changes,2024-02-21T00:00:00.000Z,2024-02-21T00:00:00.000Z,2024-02-23T00:00:00.000Z,2024-02-26T00:00:00.000Z,2024-02-28T00:00:00.000Z,2.0,2.0,3.0,0.0,4.0,2.0,QER-108297(2),2024-02-29T00:00:00.000Z,AVM,0,0,0.0,False,66ff8d975fd9b4586d603344,0,0
66ff8d975fd9b4586d603345,CBO010.00 ,4.0,Intellismart,SBPDCL,Cyan,Subs Itr rel,DLMS Order, 3P4W LTWC Cl 1.0 10-100A,CHRONAS,SMART,SAN,bug fixed,2023-10-20T00:00:00.000Z,2024-02-22T00:00:00.000Z,2024-02-22T00:00:00.000Z,2024-02-22T00:00:00.000Z,1970-01-01T00:00:00.000Z,0.0,0.0,1.0,0.0,1.0,1.0,0,1970-01-01T00:00:00.000Z,0,0,0,0.0,False,66ff8d975fd9b4586d603345,0,0
66ff8d975fd9b4586d603346,RH38.00,1.0,Adani, UPCL ,NBiot,On Hold,DLMS Order,"1Ph 10-60A , Cl.1.0",CYGNUS,SMART,0,New firmware,2024-02-12T00:00:00.000Z,2024-02-22T00:00:00.000Z,1970-01-01T00:00:00.000Z,1970-01-01T00:00:00.000Z,1970-01-01T00:00:00.000Z,0.0,0.0,0.0,0.0,1.0,0.0,0,1970-01-01T00:00:00.000Z,0,0,yes,0.0,False,66ff8d975fd9b4586d603346,0,0
66ff8d975fd9b4586d603347,CBO00901,2.0,Intellismart,APDCL ,0,Subs Itr rel,DLMS Order, 3P4W LTWC Cl 1.0 10-60A,CHRONAS,SMART,SS,bug fixed,2023-10-06T00:00:00.000Z,2024-02-22T00:00:00.000Z,2024-02-28T00:00:00.000Z,2024-03-01T00:00:00.000Z,1970-01-01T00:00:00.000Z,0.0,0.0,7.0,0.0,3.0,3.0,0,1970-01-01T00:00:00.000Z,0,0,0,0.0,False,66ff8d975fd9b4586d603347,0,0
66ff8d975fd9b4586d603348,CBO010.00 ,5.0,Intellismart,SBPDCL,Cyan,Subs Itr rel,DLMS Order, 3P4W LTWC Cl 1.0 10-100A,CHRONAS,SMART,SAN,bug fixed,2023-10-20T00:00:00.000Z,2024-02-23T00:00:00.000Z,2024-02-23T00:00:00.000Z,2024-02-23T00:00:00.000Z,1970-01-01T00:00:00.000Z,0.0,0.0,1.0,0.0,1.0,1.0,0,1970-01-01T00:00:00.000Z,0,0,0,0.0,False,66ff8d975fd9b4586d603348,0,0
66ff8d975fd9b4586d603349,RH37.00,1.0,NCC,NBPDCL,0,Subs Itr rel,DLMS Order,"1Ph 10-60A , Cl.1.0",CYGNUS,SMART,SR,bug fixed,2024-02-08T00:00:00.000Z,2024-02-23T00:00:00.000Z,2024-02-26T00:00:00.000Z,2024-02-27T00:00:00.000Z,1970-01-01T00:00:00.000Z,0.0,0.0,4.0,2.0,2.0,2.0,0,1970-01-01T00:00:00.000Z,0,0,0,0.0,False,66ff8d975fd9b4586d603349,0,0
66ff8d975fd9b4586d60334a,CON08.00,0.0,BESCOM ,BESCOM ,0,Subs Itr rel,DLMS Order, 3P 4W- SFF-LT 5-10A,SFF,TVM LT 0.5,SS,New firmware,2024-02-23T00:00:00.000Z,2024-02-23T00:00:00.000Z,2024-03-07T00:00:00.000Z,2024-03-13T00:00:00.000Z,2024-03-14T00:00:00.000Z,1.0,1.0,14.0,8.0,7.0,5.0,0,1970-01-01T00:00:00.000Z,AVM,0,yes,0.0,False,66ff8d975fd9b4586d60334a,0,0
66ff8d975fd9b4586d60334b,COP12.00,1.0,KSEB,KSEB,0,Released,DLMS Order, 3P4W LTWC Cl 1.0 10-60A,VENUS,TVM LT WC,BHR,bug fixed,2024-02-14T00:00:00.000Z,2024-02-23T00:00:00.000Z,2024-02-27T00:00:00.000Z,2024-02-28T00:00:00.000Z,2024-03-04T00:00:00.000Z,5.0,2.0,5.0,2.0,2.0,2.0,QER-109034,2024-03-18T00:00:00.000Z,SAN,0,0,0.0,False,66ff8d975fd9b4586d60334b,0,0
66ff8d975fd9b4586d60334c,CBO010.00 ,6.0,Intellismart,SBPDCL,Cyan,Subs Itr rel,DLMS Order, 3P4W LTWC Cl 1.0 10-100A,CHRONAS,SMART,SAN,bug fixed,2023-10-20T00:00:00.000Z,2024-02-23T00:00:00.000Z,2024-02-23T00:00:00.000Z,2024-02-26T00:00:00.000Z,1970-01-01T00:00:00.000Z,0.0,0.0,1.0,0.0,4.0,2.0,0,1970-01-01T00:00:00.000Z,AVM,0,0,0.0,False,66ff8d975fd9b4586d60334c,0,0
66ff8d975fd9b4586d60334d,CAO01300,1.0,Techno,MPPKVVCL Indore,0,Subs Itr rel,DLMS Order, 3P4W LTWC Cl 1.0 10-100A,CHRONAS,SMART,AVM,bug fixed,2024-02-19T00:00:00.000Z,2024-02-23T00:00:00.000Z,2024-02-24T00:00:00.000Z,2024-02-24T00:00:00.000Z,1970-01-01T00:00:00.000Z,0.0,0.0,2.0,0.0,1.0,1.0,0,1970-01-01T00:00:00.000Z,0,0,0,0.0,False,66ff8d975fd9b4586d60334d,0,0
66ff8d975fd9b4586d60334e,CAO01300,2.0,Techno,MPPKVVCL Indore,0,Subs Itr rel,DLMS Order, 3P4W LTWC Cl 1.0 10-100A,CHRONAS,SMART,San,bug fixed,2024-02-19T00:00:00.000Z,2024-02-26T00:00:00.000Z,2024-02-26T00:00:00.000Z,2024-02-26T00:00:00.000Z,1970-01-01T00:00:00.000Z,0.0,0.0,1.0,0.0,1.0,1.0,0,1970-01-01T00:00:00.000Z,0,0,0,0.0,False,66ff8d975fd9b4586d60334e,0,0
66ff8d975fd9b4586d60334f,CAO01500,1.0,TPCL,TPCL,0,Subs Itr rel,DLMS Order, 3P4W LTWC Cl 1.0 10-100A,CHRONAS,SMART,San,bug fixed,2024-02-09T00:00:00.000Z,2024-02-26T00:00:00.000Z,2024-02-27T00:00:00.000Z,2024-02-28T00:00:00.000Z,2024-03-01T00:00:00.000Z,2.0,2.0,2.0,1.0,2.0,2.0,0,1970-01-01T00:00:00.000Z,VK,0,0,0.0,False,66ff8d975fd9b4586d60334f,0,0
66ff8d975fd9b4586d603350,nLo037.00,0.0,Adani,NBPDCL ,0,On Hold,DLMS Order,3P4W LTCT 240V 5-10A,NORTEM,SMART,0,New firmware,2024-02-26T00:00:00.000Z,2024-02-26T00:00:00.000Z,1970-01-01T00:00:00.000Z,1970-01-01T00:00:00.000Z,1970-01-01T00:00:00.000Z,0.0,0.0,0.0,0.0,1.0,0.0,0,1970-01-01T00:00:00.000Z,0,0,yes,0.0,False,66ff8d975fd9b4586d603350,0,0
66ff8d975fd9b4586d603351,nLo036.00,0.0,NCC, NBPDCL ,0,Subs Itr rel,DLMS Order,3P4W LTCT 240V 5-10A,NORTEM,SMART,San,New firmware,2024-02-26T00:00:00.000Z,2024-02-26T00:00:00.000Z,2024-03-29T00:00:00.000Z,2024-04-04T00:00:00.000Z,2024-04-05T00:00:00.000Z,1.0,1.0,33.0,21.0,7.0,5.0,0,1970-01-01T00:00:00.000Z,AVM,0,yes,0.0,False,66ff8d975fd9b4586d603351,0,0
66ff8d975fd9b4586d603352,CBO015.00 ,0.0,Adani,MSEDCL,0,Withdrawn,DLMS Order, 3P4W LTWC Cl 1.0 10-100A,CHRONAS,SMART,0,New firmware,2024-02-26T00:00:00.000Z,2024-02-26T00:00:00.000Z,1970-01-01T00:00:00.000Z,1970-01-01T00:00:00.000Z,1970-01-01T00:00:00.000Z,0.0,0.0,0.0,0.0,1.0,0.0,0,1970-01-01T00:00:00.000Z,0,0,yes,0.0,False,66ff8d975fd9b4586d603352,0,0
66ff8d975fd9b4586d603353,5CD00.70,0.0,ESP,ESP-STD,0,Exp Next Itr,New Product,3P4W 63.5V 5-10A Cl 0.2 Opt + RS232,N2AVE,TVM HT 0.2,SR,New firmware(NPD),2024-02-27T00:00:00.000Z,2024-02-27T00:00:00.000Z,2024-05-23T00:00:00.000Z,2024-07-05T00:00:00.000Z,2024-07-05T00:00:00.000Z,0.0,0.0,87.0,50.0,44.0,30.0,0,1970-01-01T00:00:00.000Z,0,0,yes,0.0,False,66ff8d975fd9b4586d603353,0,0
66ff8d975fd9b4586d603354,CBO010.00 ,7.0,Intellismart,SBPDCL,Cyan,Released,DLMS Order, 3P4W LTWC Cl 1.0 10-100A,CHRONAS,SMART,SAN,bug fixed,2023-10-20T00:00:00.000Z,2024-02-28T00:00:00.000Z,2024-02-28T00:00:00.000Z,2024-02-28T00:00:00.000Z,1970-01-01T00:00:00.000Z,0.0,0.0,1.0,1.0,1.0,1.0,QER Ð109017,2024-02-28T00:00:00.000Z,0,0,0,0.0,False,66ff8d975fd9b4586d603354,0,0
66ff8d975fd9b4586d603355,nLo035.00,0.0,Adani,MSEDCL,0,On Hold,DLMS Order,3P4W LTCT 240V 5-10A,NORTEM,SMART,0,New firmware,2024-02-28T00:00:00.000Z,2024-02-28T00:00:00.000Z,1970-01-01T00:00:00.000Z,1970-01-01T00:00:00.000Z,1970-01-01T00:00:00.000Z,0.0,0.0,0.0,0.0,1.0,0.0,0,1970-01-01T00:00:00.000Z,0,0,yes,0.0,False,66ff8d975fd9b4586d603355,0,0
66ff8d975fd9b4586d603356,RH37.00,2.0,NCC,NBPDCL,0,Released,DLMS Order,"1Ph 10-60A , Cl.1.0",CYGNUS,SMART,AVM,bug fixed,2024-02-08T00:00:00.000Z,2024-02-29T00:00:00.000Z,2024-02-29T00:00:00.000Z,2024-03-01T00:00:00.000Z,2024-03-01T00:00:00.000Z,0.0,1.0,1.0,0.0,2.0,1.0,0,1970-01-01T00:00:00.000Z,SS,0,0,0.0,False,66ff8d975fd9b4586d603356,0,0
66ff8d975fd9b4586d603357,RH08.02,0.0,Montecarlo,"MP, Jabalpur ",0,Released,DLMS Order,"1Ph 10-60A , Cl.1.0",CYGNUS,SMART,BCP,CR changes,2024-02-29T00:00:00.000Z,2024-02-29T00:00:00.000Z,2024-02-29T00:00:00.000Z,2024-02-29T00:00:00.000Z,1970-01-01T00:00:00.000Z,0.0,0.0,1.0,0.0,1.0,1.0,QER-108915(2),2024-02-29T00:00:00.000Z,0,0,0,0.0,False,66ff8d975fd9b4586d603357,0,0
66ff8d975fd9b4586d603358,CBO013.00,5.0,Intellismart,MGVCL,0,Subs Itr rel,DLMS Order, 3P4W LTWC Cl 1.0 10-60A,CHRONAS,SMART,BHR,CR change(Hr resolution changed),2024-01-19T00:00:00.000Z,2024-02-29T00:00:00.000Z,2024-02-29T00:00:00.000Z,2024-02-29T00:00:00.000Z,1970-01-01T00:00:00.000Z,0.0,0.0,1.0,0.0,1.0,1.0,0,1970-01-01T00:00:00.000Z,0,0,0,0.0,False,66ff8d975fd9b4586d603358,0,0
66ff8d975fd9b4586d603359,5YD0N.7A,0.0,WR300BB51ABTKS,WR300BB51ABTKS,0,Released,DLMS Order,3P4W 63.5V 1-2A CL0.2 CAT-B,SEM N2,TVM HT 0.2,San,Checklist implementation,2024-02-29T00:00:00.000Z,2024-02-29T00:00:00.000Z,2024-03-07T00:00:00.000Z,2024-03-08T00:00:00.000Z,2024-03-11T00:00:00.000Z,3.0,1.0,8.0,5.0,2.0,2.0,QER-109037,2024-03-25T00:00:00.000Z,AVM,0,0,0.0,False,66ff8d975fd9b4586d603359,0,0
66ff8d975fd9b4586d60335a,5HD2P.70,0.0,KSEB,KSEB,0,Stopped,DLMS Tender,3P4W 63.5V 1-2A Cl 0.2Cl Optical + RS485\nBidirectional,N2AVE,TVM HT 0.2,VK,New firmware,2024-02-29T00:00:00.000Z,2024-02-29T00:00:00.000Z,2024-02-29T00:00:00.000Z,1970-01-01T00:00:00.000Z,1970-01-01T00:00:00.000Z,0.0,0.0,1.0,0.0,0.0,0.0,0,1970-01-01T00:00:00.000Z,0,0,yes,0.0,False,66ff8d975fd9b4586d60335a,0,0
66ff8d975fd9b4586d60335b,CTP18.00 ,2.0,KSEB,KSEB,0,Completed,DLMS Tender, 3P4W LTWC Cl 1.0 10-60A,VENUS,TVM LT WC,BHR,New firmware,2024-02-29T00:00:00.000Z,2024-02-29T00:00:00.000Z,2024-03-11T00:00:00.000Z,2024-03-12T00:00:00.000Z,1970-01-01T00:00:00.000Z,0.0,0.0,12.0,8.0,2.0,2.0,0,1970-01-01T00:00:00.000Z,0,0,yes,0.0,False,66ff8d975fd9b4586d60335b,0,0
66ff8d975fd9b4586d60335c,SR81.00,4.0,TANGEDCO,TANGEDCO,0,Subs Itr rel,DLMS Order,"1Ph 10-60A , Cl.1.0",SFF,ENM,BCP,bug fixed,2024-01-25T00:00:00.000Z,2024-02-29T00:00:00.000Z,2024-03-01T00:00:00.000Z,2024-03-01T00:00:00.000Z,1970-01-01T00:00:00.000Z,0.0,0.0,2.0,0.0,1.0,1.0,0,1970-01-01T00:00:00.000Z,0,0,0,0.0,False,66ff8d975fd9b4586d60335c,0,0
66ff8d975fd9b4586d60335d,HHo002.06,6.0,Techno,MPPKVVCL Indore ,0,Subs Itr rel,DLMS Order, 3P4W HTCT Cl 0.2 5-10A,NORTEM,SMART,BCP,bug fixed,2024-01-19T00:00:00.000Z,2024-03-01T00:00:00.000Z,2024-03-04T00:00:00.000Z,2024-03-05T00:00:00.000Z,2024-03-07T00:00:00.000Z,2.0,2.0,4.0,2.0,2.0,2.0,0,1970-01-01T00:00:00.000Z,0,0,0,0.0,False,66ff8d975fd9b4586d60335d,0,0
66ff8d975fd9b4586d60335e,UC20.01,0.0,ESP,ESP-WM101BC7DGOA ,0,Released,DLMS Order,"1Ph 10-60A , Cl.1.0",MERCURY,ENM,AVM,CR chnges for display,2024-03-01T00:00:00.000Z,2024-03-07T00:00:00.000Z,2024-03-07T00:00:00.000Z,2024-03-07T00:00:00.000Z,2024-03-08T00:00:00.000Z,1.0,1.0,1.0,0.0,1.0,1.0,QER-108987(1),2024-03-08T00:00:00.000Z,DK,0,0,0.0,False,66ff8d975fd9b4586d60335e,0,0
66ff8d975fd9b4586d60335f,5YD2E.71,0.0,KSEB,KSEB,0,Released,DLMS Order,3P4W 63.5V 1-2A CL0.2 ,SEM N2,TVM HT 0.2,AM,Checklist implementation,2024-03-01T00:00:00.000Z,2024-03-01T00:00:00.000Z,2024-03-04T00:00:00.000Z,2024-03-06T00:00:00.000Z,2024-03-07T00:00:00.000Z,1.0,1.0,4.0,2.0,2.0,2.0,QER-108781(1),2024-03-13T00:00:00.000Z,SAN,0,0,0.0,False,66ff8d975fd9b4586d60335f,0,0
66ff8d975fd9b4586d603360,5HD2P.70,1.0,KSEB,KSEB,0,Exp Next Itr,DLMS Tender,3P4W 63.5V 1-2A Cl 0.2Cl Optical + RS485\nUnidirectional,N2AVE,TVM HT 0.2,BHR,New firmware,2024-03-01T00:00:00.000Z,2024-03-04T00:00:00.000Z,2024-03-04T00:00:00.000Z,2024-03-08T00:00:00.000Z,1970-01-01T00:00:00.000Z,0.0,0.0,1.0,0.0,5.0,4.0,0,1970-01-01T00:00:00.000Z,0,0,yes,0.0,False,66ff8d975fd9b4586d603360,0,0
66ff8d975fd9b4586d603361,UD09.00 ,0.0,AVVNL,AVVNL,0,Exp Next Itr,DLMS Tender,"1Ph 5-30A , Cl.1.0",SFF,ENM,BCP,New firmware,2024-03-01T00:00:00.000Z,2024-03-01T00:00:00.000Z,2024-03-14T00:00:00.000Z,2024-03-19T00:00:00.000Z,1970-01-01T00:00:00.000Z,0.0,0.0,14.0,9.0,6.0,4.0,0,1970-01-01T00:00:00.000Z,SR,0,yes,0.0,False,66ff8d975fd9b4586d603361,0,0
66ff8d975fd9b4586d603362,nLo028.02,2.0,TPCL,TPCL,0,Exp Next Itr,DLMS Order,"3P4W LTCT 240V 5-10A,",NORTEM,SMART,San,bug fixed,2023-11-02T00:00:00.000Z,2024-03-01T00:00:00.000Z,2024-06-14T00:00:00.000Z,2024-06-18T00:00:00.000Z,1970-01-01T00:00:00.000Z,0.0,0.0,106.0,80.0,5.0,3.0,0,1970-01-01T00:00:00.000Z,0,0,0,0.0,False,66ff8d975fd9b4586d603362,0,0
66ff8d975fd9b4586d603363,RH21.00,4.0,Intellismart,PVVNL,0,Subs Itr rel,DLMS Order,"1PH  LPR 10-60A,  Cl.1.0",CYGNUS,SMART,SR,CR changes as per new TIF,2023-10-31T00:00:00.000Z,2024-03-01T00:00:00.000Z,2024-03-07T00:00:00.000Z,2024-03-08T00:00:00.000Z,1970-01-01T00:00:00.000Z,0.0,0.0,7.0,4.0,2.0,2.0,0,1970-01-01T00:00:00.000Z,0,0,0,0.0,False,66ff8d975fd9b4586d603363,0,0
66ff8d975fd9b4586d603364,5HD2O.70,1.0,KSEB,KSEB,0,Exp Next Itr,DLMS Tender,3P4W 63.5V 1-2A Cl 0.2Cl Optical + RS485\nBidirectional,N2AVE,TVM HT 0.2,AVM,New firmware,2024-02-29T00:00:00.000Z,2024-03-04T00:00:00.000Z,2024-03-04T00:00:00.000Z,2024-03-06T00:00:00.000Z,1970-01-01T00:00:00.000Z,0.0,0.0,1.0,0.0,3.0,3.0,0,1970-01-01T00:00:00.000Z,0,0,yes,0.0,False,66ff8d975fd9b4586d603364,0,0
66ff8d975fd9b4586d603365,SR81.00,5.0,TANGEDCO,TANGEDCO,0,Released,DLMS Order,"1Ph 10-60A , Cl.1.0",SFF,ENM,DK,bug fixed,2024-01-25T00:00:00.000Z,2024-03-04T00:00:00.000Z,2024-03-05T00:00:00.000Z,2024-03-06T00:00:00.000Z,2024-03-07T00:00:00.000Z,1.0,1.0,2.0,1.0,2.0,2.0,QER-109028,2024-03-08T00:00:00.000Z,VK,0,0,0.0,False,66ff8d975fd9b4586d603365,0,0
66ff8d975fd9b4586d603366,CBO00901,3.0,Intellismart,APDCL ,0,Released,DLMS Order, 3P4W LTWC Cl 1.0 10-60A,CHRONAS,SMART,BCP,bug fixed,2023-10-06T00:00:00.000Z,2024-03-04T00:00:00.000Z,2024-03-05T00:00:00.000Z,2024-03-05T00:00:00.000Z,1970-01-01T00:00:00.000Z,0.0,0.0,2.0,1.0,1.0,1.0,QER-109026(1),2024-03-11T00:00:00.000Z,AM,0,0,0.0,False,66ff8d975fd9b4586d603366,0,0
66ff8d975fd9b4586d603367,CAO01600,0.0,Adani,AEML,Nbiot,Subs Itr rel,DLMS Order, 3P4W LTWC Cl 1.0 10-100A,CHRONAS,SMART,AVM,New firmware,2024-03-04T00:00:00.000Z,2024-03-04T00:00:00.000Z,2024-03-14T00:00:00.000Z,2024-03-19T00:00:00.000Z,1970-01-01T00:00:00.000Z,0.0,0.0,11.0,7.0,6.0,4.0,0,1970-01-01T00:00:00.000Z,SAN,0,yes,0.0,False,66ff8d975fd9b4586d603367,0,0
66ff8d975fd9b4586d603368,RH23.00,4.0,Intellismart,PVVNL,0,Withdrawn,DLMS Order,"1Ph 4G 10-60A , Cl.1.0",CYGNUS,SMART,SR,CR changes as per new TIF,2023-10-06T00:00:00.000Z,2024-03-04T00:00:00.000Z,2024-03-11T00:00:00.000Z,2024-03-12T00:00:00.000Z,1970-01-01T00:00:00.000Z,0.0,0.0,8.0,4.0,2.0,2.0,0,1970-01-01T00:00:00.000Z,0,0,0,0.0,False,66ff8d975fd9b4586d603368,0,0
66ff8d975fd9b4586d603369,CBO011.00,1.0,Intellismart,SBPDCL,0,Stopped,DLMS Order, 3P4W LTWC Cl 1.0 10-60A,CHRONAS,SMART,0,bug fixed,2024-01-24T00:00:00.000Z,2024-03-05T00:00:00.000Z,2024-03-11T00:00:00.000Z,1970-01-01T00:00:00.000Z,1970-01-01T00:00:00.000Z,0.0,0.0,7.0,4.0,0.0,0.0,0,1970-01-01T00:00:00.000Z,0,0,0,0.0,False,66ff8d975fd9b4586d603369,0,0
66ff8d975fd9b4586d60336a,CAO01500,2.0,TPCL,TPCL,0,Subs Itr rel,DLMS Order, 3P4W LTWC Cl 1.0 10-100A,CHRONAS,SMART,BHR,bug fixed,2024-02-09T00:00:00.000Z,2024-03-05T00:00:00.000Z,2024-03-07T00:00:00.000Z,2024-03-07T00:00:00.000Z,2024-03-13T00:00:00.000Z,6.0,4.0,3.0,1.0,1.0,1.0,0,1970-01-01T00:00:00.000Z,AVM,0,0,0.0,False,66ff8d975fd9b4586d60336a,0,0
66ff8d975fd9b4586d60336b,nHo038.00,0.0,NCC,NBPDCL,0,Exp Next Itr,DLMS Order,3P4W HTCT 63.5V 5-10A,NORTEM,SMART,VK,New firmware,2024-03-05T00:00:00.000Z,2024-03-05T00:00:00.000Z,2024-03-11T00:00:00.000Z,2024-03-15T00:00:00.000Z,2024-03-19T00:00:00.000Z,4.0,2.0,7.0,4.0,5.0,5.0,0,1970-01-01T00:00:00.000Z,BHR,0,yes,0.0,False,66ff8d975fd9b4586d60336b,0,0
66ff8d975fd9b4586d60336c,RH36.00,2.0,Adani,NBPDCL,0,Subs Itr rel,DLMS Order,"1Ph 10-60A , Cl.1.0",CYGNUS,SMART,San,bug fixed,2024-02-13T00:00:00.000Z,2024-03-05T00:00:00.000Z,2024-03-05T00:00:00.000Z,2024-03-06T00:00:00.000Z,1970-01-01T00:00:00.000Z,0.0,0.0,1.0,0.0,2.0,2.0,0,1970-01-01T00:00:00.000Z,0,0,0,0.0,False,66ff8d975fd9b4586d60336c,0,0
66ff8d975fd9b4586d60336d,CTC93.00 ,1.0,WBSEDCL,WBSEDCL,0,Exp Next Itr,DLMS Tender, 3P4W LTWC Cl 1.0 5-30A,SFF,TVM LT WC,BCP,New firmware,2024-03-05T00:00:00.000Z,2024-03-05T00:00:00.000Z,2024-03-06T00:00:00.000Z,2024-03-08T00:00:00.000Z,1970-01-01T00:00:00.000Z,0.0,0.0,2.0,1.0,3.0,3.0,0,1970-01-01T00:00:00.000Z,SS,0,yes,0.0,False,66ff8d975fd9b4586d60336d,0,0
66ff8d975fd9b4586d60336e,RH36.00,3.0,Adani,NBPDCL,0,Released,DLMS Order,"1Ph 10-60A , Cl.1.0",CYGNUS,SMART,AM,bug fixed,2024-02-13T00:00:00.000Z,2024-03-07T00:00:00.000Z,2024-03-07T00:00:00.000Z,2024-03-07T00:00:00.000Z,1970-01-01T00:00:00.000Z,0.0,0.0,1.0,0.0,1.0,1.0,QER-109027,2024-03-07T00:00:00.000Z,AM,0,0,0.0,False,66ff8d975fd9b4586d60336e,0,0
66ff8d975fd9b4586d60336f,COP11.00 ,1.0,CESC, RAJASTHAN,0,Withdrawn,DLMS Order, 3P4W LTWC Cl 1.0 10-60A,VENUS,TVM LT WC,AM,bug fixed,2023-12-11T00:00:00.000Z,2024-03-07T00:00:00.000Z,2024-03-11T00:00:00.000Z,2024-03-12T00:00:00.000Z,2024-03-14T00:00:00.000Z,2.0,2.0,5.0,2.0,2.0,2.0,QER-109031,2024-03-15T00:00:00.000Z,0,0,0,0.0,False,66ff8d975fd9b4586d60336f,0,0
66ff8d975fd9b4586d603370,CBO011.00,2.0,Intellismart,SBPDCL,0,Subs Itr rel,DLMS Order, 3P4W LTWC Cl 1.0 10-60A,CHRONAS,SMART,AVM,bug fixed,2024-01-24T00:00:00.000Z,2024-03-11T00:00:00.000Z,2024-03-11T00:00:00.000Z,2024-03-12T00:00:00.000Z,1970-01-01T00:00:00.000Z,0.0,0.0,1.0,0.0,2.0,2.0,0,1970-01-01T00:00:00.000Z,0,0,0,0.0,False,66ff8d975fd9b4586d603370,0,0
66ff8d975fd9b4586d603371,CBO013.00,6.0,Intellismart,MGVCL,0,Released,DLMS Order, 3P4W LTWC Cl 1.0 10-60A,CHRONAS,SMART,BCP,CR change(Kvarh added to Hr mode),2024-01-19T00:00:00.000Z,2024-03-11T00:00:00.000Z,2024-03-11T00:00:00.000Z,2024-03-12T00:00:00.000Z,2024-03-13T00:00:00.000Z,1.0,1.0,1.0,0.0,2.0,2.0,QER-109032(1),2024-03-19T00:00:00.000Z,BCP,0,0,0.0,False,66ff8d975fd9b4586d603371,0,0
66ff8d975fd9b4586d603372,RH40.00,1.0,Adani,APDCL,0,Withdrawn,DLMS Order,"1Ph 5-30A , Cl.1.0",CYGNUS,SMART,SR,New firmware,2024-02-21T00:00:00.000Z,2024-03-11T00:00:00.000Z,2024-03-13T00:00:00.000Z,2024-03-18T00:00:00.000Z,1970-01-01T00:00:00.000Z,0.0,0.0,3.0,2.0,6.0,4.0,0,1970-01-01T00:00:00.000Z,0,0,yes,0.0,False,66ff8d975fd9b4586d603372,0,0
66ff8d975fd9b4586d603373,CBO016.00,0.0,NCC,NBPDCL,0,Subs Itr rel,DLMS Order, 3P4W LTWC Cl 1.0 10-60A,CHRONAS,SMART,DK,CR changes,2024-03-12T00:00:00.000Z,2024-03-12T00:00:00.000Z,2024-03-14T00:00:00.000Z,2024-03-18T00:00:00.000Z,2024-03-19T00:00:00.000Z,1.0,1.0,3.0,2.0,5.0,3.0,0,1970-01-01T00:00:00.000Z,AVM,0,0,0.0,False,66ff8d975fd9b4586d603373,0,0
66ff8d975fd9b4586d603374,5HD2P.70,2.0,KSEB,KSEB,0,Completed,DLMS Tender,3P4W 63.5V 1-2A Cl 0.2Cl Optical + RS485\nUnidirectional,N2AVE,TVM HT 0.2,san,bug fixed,2024-03-01T00:00:00.000Z,2024-03-12T00:00:00.000Z,2024-03-18T00:00:00.000Z,2024-03-19T00:00:00.000Z,1970-01-01T00:00:00.000Z,0.0,0.0,7.0,4.0,2.0,2.0,0,1970-01-01T00:00:00.000Z,SS,0,0,0.0,False,66ff8d975fd9b4586d603374,0,0
66ff8d975fd9b4586d603375,5HD2O.70,2.0,KSEB,KSEB,0,Exp Next Itr,DLMS Tender,3P4W 63.5V 1-2A Cl 0.2Cl Optical + RS485\nBidirectional,N2AVE,TVM HT 0.2,BCP,bug fixed,2024-02-29T00:00:00.000Z,2024-03-12T00:00:00.000Z,2024-03-12T00:00:00.000Z,2024-03-13T00:00:00.000Z,1970-01-01T00:00:00.000Z,0.0,0.0,1.0,0.0,2.0,2.0,0,1970-01-01T00:00:00.000Z,0,0,0,0.0,False,66ff8d975fd9b4586d603375,0,0
66ff8d975fd9b4586d603376,CTP20.00 ,0.0,AVVNL,AVVNL,0,Exp Next Itr,DLMS Tender, 3P4W LTWC Cl 1.0 10-60A,VENUS,TVM LT WC,BHR,New firmware,2024-03-12T00:00:00.000Z,2024-03-12T00:00:00.000Z,2024-03-13T00:00:00.000Z,2024-03-18T00:00:00.000Z,1970-01-01T00:00:00.000Z,0.0,0.0,2.0,1.0,6.0,4.0,0,1970-01-01T00:00:00.000Z,AVM,0,yes,0.0,False,66ff8d975fd9b4586d603376,0,0
66ff8d975fd9b4586d603377,UF13.01,0.0,KSEB,KSEB,0,Exp Next Itr,DLMS Tender,"1Ph 5-30A , Cl.1.0",MERCURY,ENM,DK,Cr changes,2024-03-12T00:00:00.000Z,2024-03-12T00:00:00.000Z,2024-03-13T00:00:00.000Z,2024-03-14T00:00:00.000Z,1970-01-01T00:00:00.000Z,0.0,0.0,2.0,1.0,2.0,2.0,0,1970-01-01T00:00:00.000Z,BCP,0,0,0.0,False,66ff8d975fd9b4586d603377,0,0
66ff8d975fd9b4586d603378,CBO017.00,0.0,Adani,APDCL,0,Withdrawn,DLMS Order, 3P4W LTWC Cl 1.0 10-60A,CHRONAS,SMART,0,New firmware,2024-03-12T00:00:00.000Z,2024-03-12T00:00:00.000Z,1970-01-01T00:00:00.000Z,1970-01-01T00:00:00.000Z,1970-01-01T00:00:00.000Z,0.0,0.0,0.0,0.0,1.0,0.0,0,1970-01-01T00:00:00.000Z,0,0,yes,0.0,False,66ff8d975fd9b4586d603378,0,0
66ff8d975fd9b4586d603379,CBO018.00,0.0,Adani,NBPDCL ,0,Withdrawn,DLMS Order, 3P4W LTWC Cl 1.0 10-60A,CHRONAS,SMART,0,New firmware,2024-03-12T00:00:00.000Z,2024-03-13T00:00:00.000Z,1970-01-01T00:00:00.000Z,1970-01-01T00:00:00.000Z,1970-01-01T00:00:00.000Z,0.0,0.0,0.0,0.0,1.0,0.0,0,1970-01-01T00:00:00.000Z,0,0,yes,0.0,False,66ff8d975fd9b4586d603379,0,0
66ff8d975fd9b4586d60337a,RH33.00,1.0,Intellismart,DGVCL,0,On Hold,DLMS Order,"1Ph 10-60A , Cl.1.0",CYGNUS,SMART,0,bug fixed,2024-02-06T00:00:00.000Z,2024-03-12T00:00:00.000Z,1970-01-01T00:00:00.000Z,1970-01-01T00:00:00.000Z,1970-01-01T00:00:00.000Z,0.0,0.0,0.0,0.0,1.0,0.0,0,1970-01-01T00:00:00.000Z,0,0,0,0.0,False,66ff8d975fd9b4586d60337a,0,0
66ff8d975fd9b4586d60337b,RH21.00,5.0,Intellismart,PVVNL,0,Subs Itr rel,DLMS Order,"1PH  LPR 10-60A,  Cl.1.0",CYGNUS,SMART,AM,bug fixed,2023-10-31T00:00:00.000Z,2024-03-13T00:00:00.000Z,2024-03-14T00:00:00.000Z,2024-03-15T00:00:00.000Z,1970-01-01T00:00:00.000Z,0.0,0.0,2.0,1.0,2.0,2.0,0,1970-01-01T00:00:00.000Z,0,0,0,0.0,False,66ff8d975fd9b4586d60337b,0,0
66ff8d975fd9b4586d60337c,CAO01500,3.0,TPCL,TPCL,0,Released,DLMS Order, 3P4W LTWC Cl 1.0 10-100A,CHRONAS,SMART,AVM,Fw version issue resolved(code compare),2024-02-09T00:00:00.000Z,2024-03-13T00:00:00.000Z,2024-03-13T00:00:00.000Z,2024-03-13T00:00:00.000Z,1970-01-01T00:00:00.000Z,0.0,0.0,1.0,0.0,1.0,1.0,QER-109029,2024-03-13T00:00:00.000Z,0,Yes,0,0.0,False,66ff8d975fd9b4586d60337c,0,0
66ff8d975fd9b4586d60337d,CBO011.00,3.0,Intellismart,SBPDCL,0,Released,DLMS Order, 3P4W LTWC Cl 1.0 10-60A,CHRONAS,SMART,AVM,bug fixed,2024-01-24T00:00:00.000Z,2024-03-13T00:00:00.000Z,2024-03-13T00:00:00.000Z,2024-03-13T00:00:00.000Z,1970-01-01T00:00:00.000Z,0.0,0.0,1.0,0.0,1.0,1.0,QER-109030,2024-03-13T00:00:00.000Z,BHR,0,0,0.0,False,66ff8d975fd9b4586d60337d,0,0
66ff8d975fd9b4586d60337e,COP13.00,0.0,DHBVN,DHBVN,0,Subs Itr rel,DLMS Order, 3P4W LTWC Cl 1.0 10-60A,VENUS,TVM LT WC,VK,New firmware,2024-03-13T00:00:00.000Z,2024-03-13T00:00:00.000Z,2024-03-19T00:00:00.000Z,2024-03-22T00:00:00.000Z,2024-03-26T00:00:00.000Z,4.0,2.0,7.0,4.0,4.0,4.0,0,1970-01-01T00:00:00.000Z,AM,0,yes,0.0,False,66ff8d975fd9b4586d60337e,0,0
66ff8d975fd9b4586d60337f,5HD2N.70,0.0,TANGEDCO,TANGEDCO,0,Subs Itr rel,DLMS Order,3P4W 63.5V 1-2A Cl 0.2Cl ,N2AVE,TVM HT 0.2,SS,New firmware,2024-03-13T00:00:00.000Z,2024-03-13T00:00:00.000Z,2024-03-19T00:00:00.000Z,2024-03-27T00:00:00.000Z,2024-03-29T00:00:00.000Z,2.0,2.0,7.0,4.0,9.0,7.0,0,1970-01-01T00:00:00.000Z,AVM,0,yes,0.0,False,66ff8d975fd9b4586d60337f,0,0
66ff8d975fd9b4586d603380,5HD09.76,0.0,ESP,BB11BEDLMS2 ,0,On Hold,DLMS Order,3P4W 63.5V 1-2A Cl 0.2Cl ,N2AVE,TVM HT 0.2,0,Checklist implementation,2024-03-13T00:00:00.000Z,2024-03-13T00:00:00.000Z,1970-01-01T00:00:00.000Z,1970-01-01T00:00:00.000Z,1970-01-01T00:00:00.000Z,0.0,0.0,0.0,0.0,1.0,0.0,0,1970-01-01T00:00:00.000Z,0,0,0,0.0,False,66ff8d975fd9b4586d603380,0,0
66ff8d975fd9b4586d603381,RH41.00,0.0,Adani  ,MSEDCL,0,Withdrawn,DLMS Order,"1PH 10-60A,  Cl.1.0",CYGNUS,SMART,BHR,New firmware,2024-03-15T00:00:00.000Z,2024-03-15T00:00:00.000Z,2024-03-25T00:00:00.000Z,1970-01-01T00:00:00.000Z,1970-01-01T00:00:00.000Z,0.0,0.0,11.0,6.0,0.0,0.0,0,1970-01-01T00:00:00.000Z,0,0,yes,0.0,False,66ff8d975fd9b4586d603381,0,0
66ff8d975fd9b4586d603382,5HD09.76,1.0,ESP,BB11BEDLMS2 ,0,Subs Itr rel,DLMS Order,3P4W 63.5V 1-2A Cl 0.2Cl ,N2AVE,TVM HT 0.2,DK,Checklist implementation,2024-03-13T00:00:00.000Z,2024-03-15T00:00:00.000Z,2024-03-29T00:00:00.000Z,2024-04-02T00:00:00.000Z,2024-04-04T00:00:00.000Z,2.0,2.0,15.0,9.0,5.0,3.0,0,1970-01-01T00:00:00.000Z,BHR,0,0,0.0,False,66ff8d975fd9b4586d603382,0,0
66ff8d975fd9b4586d603383,CBO019.00,0.0,Adani,APEPDCL  4G,4G,Withdrawn,DLMS Order, 3P4W LTWC Cl 1.0 10-60A,CHRONAS,SMART,0,New firmware,2024-03-15T00:00:00.000Z,2024-03-15T00:00:00.000Z,1970-01-01T00:00:00.000Z,1970-01-01T00:00:00.000Z,1970-01-01T00:00:00.000Z,0.0,0.0,0.0,0.0,1.0,0.0,0,1970-01-01T00:00:00.000Z,0,0,yes,0.0,False,66ff8d975fd9b4586d603383,0,0
66ff8d975fd9b4586d603384,nLo030.07,7.0,Techno,MPPKVVCL Indore ,(w/o DI),Withdrawn,DLMS Order,"3P4W LTCT 240V 5-10A,",NORTEM,SMART,0,Bug fixed and CR changes,2024-01-04T00:00:00.000Z,2024-03-15T00:00:00.000Z,1970-01-01T00:00:00.000Z,1970-01-01T00:00:00.000Z,1970-01-01T00:00:00.000Z,0.0,0.0,0.0,0.0,1.0,0.0,0,1970-01-01T00:00:00.000Z,0,0,0,0.0,False,66ff8d975fd9b4586d603384,0,0
66ff8d975fd9b4586d603385,nLo031.07,7.0,Techno,MPPKVVCL Indore ,DI,Withdrawn,DLMS Order,"3P4W LTCT 240V 5-10A,",NORTEM,SMART,VK,Bug fixed and CR changes,2024-01-04T00:00:00.000Z,2024-03-15T00:00:00.000Z,2024-03-25T00:00:00.000Z,1970-01-01T00:00:00.000Z,1970-01-01T00:00:00.000Z,0.0,0.0,11.0,7.0,0.0,0.0,0,1970-01-01T00:00:00.000Z,0,0,0,0.0,False,66ff8d975fd9b4586d603385,0,0
66ff8d975fd9b4586d603386,RH43.00,0.0,GMR,DVVNL,0,Withdrawn,DLMS Order,"1PH 10-60A,  Cl.1.0",CYGNUS,SMART,0,New firmware,2024-03-15T00:00:00.000Z,2024-03-15T00:00:00.000Z,1970-01-01T00:00:00.000Z,1970-01-01T00:00:00.000Z,1970-01-01T00:00:00.000Z,0.0,0.0,0.0,0.0,1.0,0.0,0,1970-01-01T00:00:00.000Z,0,0,yes,0.0,False,66ff8d975fd9b4586d603386,0,0
66ff8d975fd9b4586d603387,CBO018.00,1.0,Adani,NBPDCL ,0,Subs Itr rel,DLMS Order, 3P4W LTWC Cl 1.0 10-60A,CHRONAS,SMART,San,New firmware,2024-03-15T00:00:00.000Z,2024-03-15T00:00:00.000Z,2024-03-21T00:00:00.000Z,2024-03-28T00:00:00.000Z,2024-03-29T00:00:00.000Z,1.0,1.0,7.0,4.0,8.0,6.0,0,1970-01-01T00:00:00.000Z,AM,0,yes,0.0,False,66ff8d975fd9b4586d603387,0,0
66ff8d975fd9b4586d603388,CBO020.00,0.0,Intellismart,DGVCL,0,Subs Itr rel,DLMS Order, 3P4W LTWC Cl 1.0 10-60A,CHRONAS,SMART,VK,New firmware,2024-03-15T00:00:00.000Z,2024-03-15T00:00:00.000Z,2024-04-01T00:00:00.000Z,2024-04-05T00:00:00.000Z,2024-04-08T00:00:00.000Z,3.0,1.0,18.0,12.0,5.0,5.0,0,1970-01-01T00:00:00.000Z,SAN,0,yes,0.0,False,66ff8d975fd9b4586d603388,0,0
66ff8d975fd9b4586d603389,HHo002.07,7.0,Techno,MPPKVVCL Indore ,0,Subs Itr rel,DLMS Order, 3P4W HTCT Cl 0.2 5-10A,NORTEM,SMART,AVM,bug fixed,2024-01-19T00:00:00.000Z,2024-03-15T00:00:00.000Z,2024-03-20T00:00:00.000Z,2024-03-21T00:00:00.000Z,1970-01-01T00:00:00.000Z,0.0,0.0,6.0,3.0,2.0,2.0,0,1970-01-01T00:00:00.000Z,0,0,0,0.0,False,66ff8d975fd9b4586d603389,0,0
66ff8d975fd9b4586d60338a,RH21.00,6.0,Intellismart,PVVNL ,0,Subs Itr rel,DLMS Order,"1PH  LPR 10-60A,  Cl.1.0",CYGNUS,SMART,AM,bug fixed and Key changes,2023-10-31T00:00:00.000Z,2024-03-18T00:00:00.000Z,2024-03-18T00:00:00.000Z,2024-03-18T00:00:00.000Z,2024-03-19T00:00:00.000Z,1.0,1.0,1.0,0.0,1.0,1.0,0,1970-01-01T00:00:00.000Z,BCP,0,0,0.0,False,66ff8d975fd9b4586d60338a,0,0
66ff8d975fd9b4586d60338b,RH43.00,1.0,GMR,DVVNL,0,Subs Itr rel,DLMS Order,"1PH 10-60A,  Cl.1.0",CYGNUS,SMART,SR,New firmware,2024-03-15T00:00:00.000Z,2024-03-18T00:00:00.000Z,2024-03-18T00:00:00.000Z,2024-03-21T00:00:00.000Z,2024-03-27T00:00:00.000Z,6.0,4.0,1.0,0.0,4.0,4.0,0,1970-01-01T00:00:00.000Z,SS,0,yes,0.0,False,66ff8d975fd9b4586d60338b,0,0
66ff8d975fd9b4586d60338c,nLo040.00,0.0,Iskraemeco ,UGVCL,(DTR meter with DI  with 200/5 ratio),Exp Next Itr,DLMS Order,3P4W LTCT 240V 5-10A,NORTEM,SMART,AM,New firmware,2024-03-19T00:00:00.000Z,2024-03-19T00:00:00.000Z,2024-04-10T00:00:00.000Z,2024-04-12T00:00:00.000Z,1970-01-01T00:00:00.000Z,0.0,0.0,23.0,15.0,3.0,2.0,0,1970-01-01T00:00:00.000Z,0,0,yes,0.0,False,66ff8d975fd9b4586d60338c,0,0
66ff8d975fd9b4586d60338d,nLo041.00,0.0,Iskraemeco ,UGVCL,(consumer with DI without 200/5 ratio),Subs Itr rel,DLMS Order,3P4W LTCT 240V 5-10A,NORTEM,SMART,BCP,New firmware,2024-03-19T00:00:00.000Z,2024-03-19T00:00:00.000Z,2024-04-11T00:00:00.000Z,2024-04-12T00:00:00.000Z,1970-01-01T00:00:00.000Z,0.0,0.0,24.0,16.0,2.0,2.0,0,1970-01-01T00:00:00.000Z,0,0,yes,0.0,False,66ff8d975fd9b4586d60338d,0,0
66ff8d975fd9b4586d60338e,COT70.01,0.0,TPL,Surat,0,Released,DLMS Order, 3P4W LTWC Cl 1.0 10-60A,M3R,TVM LT WC,AM,Fw modified for field change,2024-03-19T00:00:00.000Z,2024-03-19T00:00:00.000Z,2024-03-19T00:00:00.000Z,2024-03-21T00:00:00.000Z,2024-03-25T00:00:00.000Z,4.0,2.0,1.0,0.0,3.0,3.0,QER-108757(1),2024-03-27T00:00:00.000Z,DK,0,0,0.0,False,66ff8d975fd9b4586d60338e,0,0
66ff8d975fd9b4586d60338f,CBO021.00,0.0,Intellismart,MGVCL,4G,Subs Itr rel,DLMS Order, 3P4W LTWC Cl 1.0 10-60A,CHRONAS,SMART,BCP,CBO013.00 RF fw converted to 4G,2024-03-19T00:00:00.000Z,2024-03-19T00:00:00.000Z,2024-03-20T00:00:00.000Z,2024-03-25T00:00:00.000Z,2024-03-28T00:00:00.000Z,3.0,3.0,2.0,1.0,6.0,4.0,0,1970-01-01T00:00:00.000Z,AVM,0,0,0.0,False,66ff8d975fd9b4586d60338f,0,0
66ff8d975fd9b4586d603390,COP11.00 ,2.0,CESC, RAJASTHAN,0,Released,DLMS Order, 3P4W LTWC Cl 1.0 10-60A,VENUS,TVM LT WC,AM,CR changes,2023-12-11T00:00:00.000Z,2024-03-21T00:00:00.000Z,2024-03-25T00:00:00.000Z,2024-03-26T00:00:00.000Z,2024-03-28T00:00:00.000Z,2.0,2.0,5.0,2.0,2.0,2.0,QER-109031(1),2024-04-01T00:00:00.000Z,BCP,0,0,0.0,False,66ff8d975fd9b4586d603390,0,0
66ff8d975fd9b4586d603391,CON07.01,0.0,ESP,MSEDCL,0,Released,DLMS Order, 3P 4W- SFF-LT 5-10A,SFF,TVM LT 0.5,SR,Pulsing correction in case of vol. failure,2024-03-22T00:00:00.000Z,2024-03-22T00:00:00.000Z,2024-03-22T00:00:00.000Z,2024-03-22T00:00:00.000Z,1970-01-01T00:00:00.000Z,0.0,0.0,1.0,1.0,1.0,1.0,QER-109022(02),2024-03-25T00:00:00.000Z,0,0,0,0.0,False,66ff8d975fd9b4586d603391,0,0
66ff8d975fd9b4586d603392,nLo037.01,1.0,Adani,NBPDCL ,0,Subs Itr rel,DLMS Order,3P4W LTCT 240V 5-10A,NORTEM,SMART,VK/SS,New firmware,2024-02-26T00:00:00.000Z,2024-03-22T00:00:00.000Z,2024-04-03T00:00:00.000Z,2024-04-24T00:00:00.000Z,2024-04-25T00:00:00.000Z,1.0,1.0,13.0,8.0,22.0,16.0,0,1970-01-01T00:00:00.000Z,SAN,0,yes,0.0,False,66ff8d975fd9b4586d603392,0,0
66ff8d975fd9b4586d603393,UC16.00 ,2.0,ESP,BC7DL0  ,0,Released,DLMS Order,"1Ph 5-30A , Cl.1.0",SFF,ENM,DK,CR chnages,2023-03-28T00:00:00.000Z,2024-03-22T00:00:00.000Z,2024-03-25T00:00:00.000Z,2024-03-25T00:00:00.000Z,1970-01-01T00:00:00.000Z,0.0,0.0,4.0,0.0,1.0,1.0,QER-109044,2024-04-11T00:00:00.000Z,0,0,0,0.0,False,66ff8d975fd9b4586d603393,0,0
66ff8d975fd9b4586d603394,UC15.00 ,3.0,ESP,BC5DL0 ,0,Released,DLMS Order,"1Ph 05-30A , Cl.1.0",SFF,ENM,DK,CR changes,2023-03-21T00:00:00.000Z,2024-03-22T00:00:00.000Z,2024-03-25T00:00:00.000Z,2024-03-25T00:00:00.000Z,1970-01-01T00:00:00.000Z,0.0,0.0,4.0,0.0,1.0,1.0,QER-109045,2024-04-08T00:00:00.000Z,0,0,0,0.0,False,66ff8d975fd9b4586d603394,0,0
66ff8d975fd9b4586d603395,COP14.00,0.0,DHBVN,DHBVN,bidirection,Subs Itr rel,DLMS Order, 3P4W LTWC Cl 1.0 10-60A,VENUS,TVM LT WC,AVM,New firmware,2024-03-22T00:00:00.000Z,2024-03-22T00:00:00.000Z,2024-03-25T00:00:00.000Z,2024-03-28T00:00:00.000Z,2024-04-01T00:00:00.000Z,4.0,2.0,4.0,0.0,4.0,4.0,0,1970-01-01T00:00:00.000Z,SAN,0,yes,0.0,False,66ff8d975fd9b4586d603395,0,0
66ff8d975fd9b4586d603396,CON07.01,1.0,ESP,MSEDCL,0,Withdrawn,DLMS Order, 3P 4W- SFF-LT 5-10A,SFF,TVM LT 0.5,SR,bug fixed,2024-03-22T00:00:00.000Z,2024-03-22T00:00:00.000Z,2024-03-25T00:00:00.000Z,1970-01-01T00:00:00.000Z,1970-01-01T00:00:00.000Z,0.0,0.0,4.0,0.0,0.0,0.0,0,1970-01-01T00:00:00.000Z,0,0,0,0.0,False,66ff8d975fd9b4586d603396,0,0
66ff8d975fd9b4586d603397,nHo038.01,1.0,NCC,NBPDCL,0,Withdrawn,DLMS Order,3P4W HTCT 63.5V 5-10A,NORTEM,SMART,0,bug fixed,2024-03-05T00:00:00.000Z,2024-04-12T00:00:00.000Z,1970-01-01T00:00:00.000Z,1970-01-01T00:00:00.000Z,1970-01-01T00:00:00.000Z,0.0,0.0,0.0,0.0,1.0,0.0,0,1970-01-01T00:00:00.000Z,0,0,0,0.0,False,66ff8d975fd9b4586d603397,0,0
66ff8d975fd9b4586d603398,CON08.00,1.0,BESCOM ,BESCOM ,0,Released,DLMS Order, 3P 4W- SFF-LT 5-10A,SFF,TVM LT 0.5,AM,Bug fixed,2024-02-23T00:00:00.000Z,2024-04-19T00:00:00.000Z,2024-04-22T00:00:00.000Z,2024-04-22T00:00:00.000Z,2024-04-23T00:00:00.000Z,1.0,1.0,4.0,2.0,1.0,1.0,QER-109062,2024-04-24T00:00:00.000Z,BCP,0,0,0.0,False,66ff8d975fd9b4586d603398,0,0
66ff8d975fd9b4586d603399,nHo039.01,1.0,Adani ,NBPDCL,0,Subs Itr rel,DLMS Order,3P4W HTCT 63.5V 5-10A,NORTEM,SMART,BHR,New firmware,2024-03-25T00:00:00.000Z,2024-03-25T00:00:00.000Z,2024-04-02T00:00:00.000Z,2024-04-08T00:00:00.000Z,2024-04-17T00:00:00.000Z,9.0,5.0,9.0,5.0,7.0,5.0,0,1970-01-01T00:00:00.000Z,AVM,0,yes,0.0,False,66ff8d975fd9b4586d603399,0,0
66ff8d975fd9b4586d60339a,nLo030.08,8.0,Techno,MPPKVVCL Indore ,(w/o DI),Subs Itr rel,DLMS Order,"3P4W LTCT 240V 5-10A,",NORTEM,SMART,VK,Bug fixed and CR changes,2024-01-04T00:00:00.000Z,2024-03-25T00:00:00.000Z,2024-03-25T00:00:00.000Z,2024-03-29T00:00:00.000Z,1970-01-01T00:00:00.000Z,0.0,0.0,1.0,0.0,5.0,5.0,0,1970-01-01T00:00:00.000Z,0,0,0,0.0,False,66ff8d975fd9b4586d60339a,0,0
66ff8d975fd9b4586d60339b,nLo031.08,8.0,Techno,MPPKVVCL Indore ,DI,Stopped,DLMS Order,"3P4W LTCT 240V 5-10A,",NORTEM,SMART,BCP,Bug fixed and CR changes,2024-01-04T00:00:00.000Z,2024-03-25T00:00:00.000Z,2024-03-25T00:00:00.000Z,1970-01-01T00:00:00.000Z,1970-01-01T00:00:00.000Z,0.0,0.0,1.0,0.0,0.0,0.0,0,1970-01-01T00:00:00.000Z,0,0,0,0.0,False,66ff8d975fd9b4586d60339b,0,0
66ff8d975fd9b4586d60339c,nLo035.01,1.0,Adani,MSEDCL,0,Withdrawn,DLMS Order,3P4W LTCT 240V 5-10A,NORTEM,SMART,0,New firmware,2024-02-28T00:00:00.000Z,2024-03-26T00:00:00.000Z,1970-01-01T00:00:00.000Z,1970-01-01T00:00:00.000Z,1970-01-01T00:00:00.000Z,0.0,0.0,0.0,0.0,1.0,0.0,0,1970-01-01T00:00:00.000Z,0,0,yes,0.0,False,66ff8d975fd9b4586d60339c,0,0
66ff8d975fd9b4586d60339d,CBO016.00,1.0,NCC,NBPDCL,0,Subs Itr rel,DLMS Order, 3P4W LTWC Cl 1.0 10-60A,CHRONAS,SMART,BCP,Bug fixed,2024-03-12T00:00:00.000Z,2024-03-26T00:00:00.000Z,2024-03-29T00:00:00.000Z,2024-04-02T00:00:00.000Z,2024-04-04T00:00:00.000Z,2.0,2.0,4.0,2.0,5.0,3.0,0,1970-01-01T00:00:00.000Z,0,0,0,0.0,False,66ff8d975fd9b4586d60339d,0,0
66ff8d975fd9b4586d60339e,RH45.00,0.0,Adani,NBPDCL,Quectel,Subs Itr rel,DLMS Order,"1Ph 10-60A , Cl.1.0",CYGNUS,SMART,BHR,RH36.00 modified to use Quectel module,2024-03-26T00:00:00.000Z,2024-03-26T00:00:00.000Z,2024-03-27T00:00:00.000Z,2024-03-28T00:00:00.000Z,2024-04-02T00:00:00.000Z,5.0,3.0,2.0,1.0,2.0,2.0,0,1970-01-01T00:00:00.000Z,SAN,0,0,0.0,False,66ff8d975fd9b4586d60339e,0,0
66ff8d975fd9b4586d60339f,COP02.02,0.0,DGVCL,DGVCL,0,Released,DLMS Order, 3P4W LTWC Cl 1.0 10-60A,VENUS,TVM LT WC,AM,New Firmware,2024-03-26T00:00:00.000Z,2024-03-26T00:00:00.000Z,2024-03-27T00:00:00.000Z,2024-03-28T00:00:00.000Z,2024-04-01T00:00:00.000Z,4.0,2.0,2.0,1.0,2.0,2.0,QER-108721(2),2024-04-11T00:00:00.000Z,BCP,0,yes,0.0,False,66ff8d975fd9b4586d60339f,0,0
66ff8d975fd9b4586d6033a0,CBO015.00 ,1.0,Adani,MSEDCL,0,Subs Itr rel,DLMS Order, 3P4W LTWC Cl 1.0 10-100A,CHRONAS,SMART,AVM,New firmware,2024-02-26T00:00:00.000Z,2024-03-26T00:00:00.000Z,2024-03-29T00:00:00.000Z,2024-04-03T00:00:00.000Z,2024-04-05T00:00:00.000Z,2.0,2.0,4.0,2.0,6.0,4.0,0,1970-01-01T00:00:00.000Z,SAN,0,yes,0.0,False,66ff8d975fd9b4586d6033a0,0,0
66ff8d975fd9b4586d6033a1,RH31.00,1.0,Intellismart,MGVCL,0,Withdrawn,DLMS Order,"1Ph 5-30A , Cl.1.0",CYGNUS,SMART,BCP,Bug fixed,2024-02-06T00:00:00.000Z,2024-03-26T00:00:00.000Z,2024-03-26T00:00:00.000Z,2024-03-29T00:00:00.000Z,2024-04-01T00:00:00.000Z,3.0,1.0,1.0,0.0,4.0,4.0,0,1970-01-01T00:00:00.000Z,SR,0,0,0.0,False,66ff8d975fd9b4586d6033a1,0,0
66ff8d975fd9b4586d6033a2,RH48.00,0.0,Adani,MSEDCL,0,Withdrawn,DLMS Order,"1PH 10-60A,  Cl.1.0",CYGNUS,SMART,0,New firmware,2024-03-26T00:00:00.000Z,2024-03-26T00:00:00.000Z,1970-01-01T00:00:00.000Z,1970-01-01T00:00:00.000Z,1970-01-01T00:00:00.000Z,0.0,0.0,0.0,0.0,1.0,0.0,0,1970-01-01T00:00:00.000Z,0,0,yes,0.0,False,66ff8d975fd9b4586d6033a2,0,0
66ff8d975fd9b4586d6033a3,nLo031.08,8.0,Techno,MPPKVVCL Indore ,DI,Withdrawn,DLMS Order,"3P4W LTCT 240V 5-10A,",NORTEM,SMART,0,Bug fixed and CR changes,2024-01-04T00:00:00.000Z,2024-03-27T00:00:00.000Z,1970-01-01T00:00:00.000Z,1970-01-01T00:00:00.000Z,1970-01-01T00:00:00.000Z,0.0,0.0,0.0,0.0,1.0,0.0,0,1970-01-01T00:00:00.000Z,0,0,0,0.0,False,66ff8d975fd9b4586d6033a3,0,0
66ff8d975fd9b4586d6033a4,CBO00902,0.0,Intellismart,APDCL ,0,Subs Itr rel,DLMS Order, 3P4W LTWC Cl 1.0 10-60A,CHRONAS,SMART,DK,CR display changes,2024-03-27T00:00:00.000Z,2024-03-27T00:00:00.000Z,2024-03-27T00:00:00.000Z,2024-03-28T00:00:00.000Z,2024-03-29T00:00:00.000Z,1.0,1.0,1.0,0.0,2.0,2.0,0,1970-01-01T00:00:00.000Z,SS,0,0,0.0,False,66ff8d975fd9b4586d6033a4,0,0
66ff8d975fd9b4586d6033a5,RH21.00,7.0,Intellismart,PVVNL,0,Subs Itr rel,DLMS Order,"1PH  LPR 10-60A,  Cl.1.0",CYGNUS,SMART,SS,CR changes,2023-10-31T00:00:00.000Z,2024-03-28T00:00:00.000Z,2024-03-28T00:00:00.000Z,2024-04-02T00:00:00.000Z,1970-01-01T00:00:00.000Z,0.0,0.0,1.0,0.0,6.0,4.0,0,1970-01-01T00:00:00.000Z,0,0,0,0.0,False,66ff8d975fd9b4586d6033a5,0,0
66ff8d975fd9b4586d6033a6,CBO014.01,0.0,Techno,MPPKVVCL Indore ,0,Withdrawn,DLMS Order, 3P4W LTWC Cl 1.0 10-60A,CHRONAS,SMART,0,New firmware,2024-02-06T00:00:00.000Z,2024-03-28T00:00:00.000Z,1970-01-01T00:00:00.000Z,1970-01-01T00:00:00.000Z,1970-01-01T00:00:00.000Z,0.0,0.0,0.0,2.0,1.0,0.0,0,1970-01-01T00:00:00.000Z,0,0,yes,0.0,False,66ff8d975fd9b4586d6033a6,0,0
66ff8d975fd9b4586d6033a7,RH51.00,0.0,Intellismart,MGVCL,Quectel,Exp Next Itr,DLMS Order,"1Ph 5-30A , Cl.1.0",CYGNUS,SMART,SR,RH31 converted for quectel module,2024-03-28T00:00:00.000Z,2024-03-28T00:00:00.000Z,2024-03-29T00:00:00.000Z,2024-04-02T00:00:00.000Z,2024-04-03T00:00:00.000Z,1.0,1.0,2.0,1.0,5.0,3.0,0,1970-01-01T00:00:00.000Z,SAN,0,0,0.0,False,66ff8d975fd9b4586d6033a7,0,0
66ff8d975fd9b4586d6033a8,HHo002.08,8.0,Techno,MPPKVVCL Indore ,0,Subs Itr rel,DLMS Order, 3P4W HTCT Cl 0.2 5-10A,NORTEM,SMART,BHR,bug fixed,2024-01-19T00:00:00.000Z,2024-03-28T00:00:00.000Z,2024-03-29T00:00:00.000Z,2024-04-01T00:00:00.000Z,2024-04-08T00:00:00.000Z,7.0,4.0,2.0,1.0,4.0,2.0,0,1970-01-01T00:00:00.000Z,VK,0,0,0.0,False,66ff8d975fd9b4586d6033a8,0,0
66ff8d975fd9b4586d6033a9,5HD2N.70,1.0,TANGEDCO,TANGEDCO,0,Subs Itr rel,DLMS Order,3P4W 63.5V 1-2A Cl 0.2Cl ,N2AVE,TVM HT 0.2,BCP,bug fixed,2024-03-13T00:00:00.000Z,2024-04-01T00:00:00.000Z,2024-04-02T00:00:00.000Z,2024-04-16T00:00:00.000Z,1970-01-01T00:00:00.000Z,0.0,0.0,2.0,1.0,15.0,9.0,0,1970-01-01T00:00:00.000Z,0,0,0,0.0,False,66ff8d975fd9b4586d6033a9,0,0
66ff8d975fd9b4586d6033aa,RH47.00,1.0,Adani,APEPDCL,0,Subs Itr rel,DLMS Order,"1PH 10-60A,  Cl.1.0",CYGNUS,SMART,BHR,New firmware,2024-04-01T00:00:00.000Z,2024-04-01T00:00:00.000Z,2024-04-25T00:00:00.000Z,2024-04-30T00:00:00.000Z,2024-05-06T00:00:00.000Z,6.0,3.0,25.0,18.0,6.0,4.0,0,1970-01-01T00:00:00.000Z,AVM,0,yes,0.0,False,66ff8d975fd9b4586d6033aa,0,0
66ff8d975fd9b4586d6033ab,CBO021.00,1.0,Intellismart,MGVCL,4G,Subs Itr rel,DLMS Order, 3P4W LTWC Cl 1.0 10-60A,CHRONAS,SMART,San,bug fixed,2024-03-19T00:00:00.000Z,2024-04-01T00:00:00.000Z,2024-04-05T00:00:00.000Z,2024-04-05T00:00:00.000Z,1970-01-01T00:00:00.000Z,0.0,0.0,5.0,2.0,2.0,1.0,0,1970-01-01T00:00:00.000Z,0,0,0,0.0,False,66ff8d975fd9b4586d6033ab,0,0
66ff8d975fd9b4586d6033ac,COP14.00,1.0,DHBVN,DHBVN,bidirection,Released,DLMS Order, 3P4W LTWC Cl 1.0 10-60A,VENUS,TVM LT WC,AM,bug fixed,2024-03-22T00:00:00.000Z,2024-04-02T00:00:00.000Z,2024-04-02T00:00:00.000Z,2024-04-03T00:00:00.000Z,2024-04-04T00:00:00.000Z,1.0,1.0,1.0,0.0,2.0,2.0,QER-109060,2024-04-23T00:00:00.000Z,BCP,0,0,0.0,False,66ff8d975fd9b4586d6033ac,0,0
66ff8d975fd9b4586d6033ad,CBO00902,0.0,Intellismart,APDCL ,0,Released,DLMS Order, 3P4W LTWC Cl 1.0 10-60A,CHRONAS,SMART,DK,Anomaly format changed,2024-03-27T00:00:00.000Z,2024-04-02T00:00:00.000Z,2024-04-02T00:00:00.000Z,2024-04-02T00:00:00.000Z,1970-01-01T00:00:00.000Z,0.0,0.0,1.0,0.0,1.0,0.5,QER-109041(1),2024-04-05T00:00:00.000Z,0,0,0,0.0,False,66ff8d975fd9b4586d6033ad,0,0
66ff8d975fd9b4586d6033ae,RH46.00,0.0,Adani,APDCL,Quectel,Subs Itr rel,DLMS Order,"1Ph 5-30A , Cl.1.0",CYGNUS,SMART,SR,RH40 modified for Quectel Module & Bugs fixed ,2024-04-02T00:00:00.000Z,2024-04-02T00:00:00.000Z,2024-04-03T00:00:00.000Z,2024-04-05T00:00:00.000Z,1970-01-01T00:00:00.000Z,0.0,0.0,2.0,0.0,3.0,3.0,0,1970-01-01T00:00:00.000Z,0,0,0,0.0,False,66ff8d975fd9b4586d6033ae,0,0
66ff8d975fd9b4586d6033af,COP13.00,1.0,DHBVN,DHBVN,0,Released,DLMS Order, 3P4W LTWC Cl 1.0 10-60A,VENUS,TVM LT WC,DK,bug fixed,2024-03-13T00:00:00.000Z,2024-04-02T00:00:00.000Z,2024-04-02T00:00:00.000Z,2024-04-03T00:00:00.000Z,2024-04-04T00:00:00.000Z,1.0,1.0,1.0,0.0,2.0,2.0,QER-109061,2024-04-23T00:00:00.000Z,SAN,0,0,0.0,False,66ff8d975fd9b4586d6033af,0,0
66ff8d975fd9b4586d6033b0,nLo030.09,9.0,Techno,MPPKVVCL Indore ,(w/o DI),Subs Itr rel,DLMS Order,"3P4W LTCT 240V 5-10A,",NORTEM,SMART,0,Bug fixed,2024-01-04T00:00:00.000Z,2024-04-05T00:00:00.000Z,1970-01-01T00:00:00.000Z,1970-01-01T00:00:00.000Z,1970-01-01T00:00:00.000Z,0.0,0.0,0.0,0.0,1.0,0.0,0,1970-01-01T00:00:00.000Z,0,0,0,0.0,False,66ff8d975fd9b4586d6033b0,0,0
66ff8d975fd9b4586d6033b1,nLo031.09,9.0,Techno,MPPKVVCL Indore ,DI,Subs Itr rel,DLMS Order,"3P4W LTCT 240V 5-10A,",NORTEM,SMART,San,New firmware(major changes),2024-01-04T00:00:00.000Z,2024-04-05T00:00:00.000Z,2024-04-10T00:00:00.000Z,2024-04-17T00:00:00.000Z,2024-04-19T00:00:00.000Z,2.0,2.0,6.0,2.0,8.0,6.0,0,1970-01-01T00:00:00.000Z,BHR,0,yes,0.0,False,66ff8d975fd9b4586d6033b1,0,0
66ff8d975fd9b4586d6033b2,COC54.00 ,1.0,ESP,BC83GOAN2 ,0,Hw Pending,DLMS Order, 3P4W LTWC Cl 1.0 10-60A,SFF,TVM LT WC,SS,New firmware,2024-02-08T00:00:00.000Z,2024-04-03T00:00:00.000Z,2024-07-04T00:00:00.000Z,2024-07-09T00:00:00.000Z,2024-07-10T00:00:00.000Z,1.0,1.0,93.0,60.0,6.0,4.0,0,1970-01-01T00:00:00.000Z,AVM,0,yes,0.0,False,66ff8d975fd9b4586d6033b2,0,0
66ff8d975fd9b4586d6033b3,RH45.00,1.0,Adani,NBPDCL,0,Released,DLMS Order,"1Ph 10-60A , Cl.1.0",CYGNUS,SMART,AM,Bug fixed,2024-03-26T00:00:00.000Z,2024-04-03T00:00:00.000Z,2024-04-04T00:00:00.000Z,2024-04-05T00:00:00.000Z,1970-01-01T00:00:00.000Z,0.0,0.0,2.0,1.0,2.0,2.0,QER-109049,2024-04-11T00:00:00.000Z,SR,0,0,0.0,False,66ff8d975fd9b4586d6033b3,0,0
66ff8d975fd9b4586d6033b4,CBO013.01,0.0,Intellismart,MGVCL,0,Subs Itr rel,DLMS Order, 3P4W LTWC Cl 1.0 10-60A,CHRONAS,SMART,BCP,bug fixed,2024-04-04T00:00:00.000Z,2024-04-04T00:00:00.000Z,2024-04-04T00:00:00.000Z,2024-04-04T00:00:00.000Z,1970-01-01T00:00:00.000Z,0.0,0.0,1.0,0.0,1.0,1.0,0,1970-01-01T00:00:00.000Z,0,0,0,0.0,False,66ff8d975fd9b4586d6033b4,0,0
66ff8d975fd9b4586d6033b5,CBO016.00,2.0,NCC,NBPDCL,0,Subs Itr rel,DLMS Order, 3P4W LTWC Cl 1.0 10-60A,CHRONAS,SMART,AVM,Bug fixed,2024-03-12T00:00:00.000Z,2024-04-04T00:00:00.000Z,2024-04-05T00:00:00.000Z,2024-04-05T00:00:00.000Z,1970-01-01T00:00:00.000Z,0.0,0.0,2.0,1.0,1.0,1.0,0,1970-01-01T00:00:00.000Z,BHR,0,0,0.0,False,66ff8d975fd9b4586d6033b5,0,0
66ff8d975fd9b4586d6033b6,CBO014.01,0.0,Techno,MPPKVVCL Indore ,0,Subs Itr rel,DLMS Order, 3P4W LTWC Cl 1.0 10-60A,CHRONAS,SMART,BHR,New firmware,2024-02-06T00:00:00.000Z,2024-04-04T00:00:00.000Z,2024-04-10T00:00:00.000Z,2024-04-12T00:00:00.000Z,2024-04-18T00:00:00.000Z,6.0,4.0,7.0,3.0,3.0,3.0,0,1970-01-01T00:00:00.000Z,AM,0,yes,0.0,False,66ff8d975fd9b4586d6033b6,0,0
66ff8d975fd9b4586d6033b7,RH21.00,8.0,Intellismart,PVVNL,0,Released,DLMS Order,"1PH  LPR 10-60A,  Cl.1.0",CYGNUS,SMART,DK,Bug fixed,2023-10-31T00:00:00.000Z,2024-04-04T00:00:00.000Z,2024-04-05T00:00:00.000Z,2024-04-05T00:00:00.000Z,1970-01-01T00:00:00.000Z,0.0,0.0,2.0,1.0,1.0,1.0,QER-109043,2024-04-05T00:00:00.000Z,DK,0,0,0.0,False,66ff8d975fd9b4586d6033b7,0,0
66ff8d975fd9b4586d6033b8,CBO013.01,1.0,Intellismart,MGVCL,0,Released,DLMS Order, 3P4W LTWC Cl 1.0 10-60A,CHRONAS,SMART,BCP,bug fixed,2024-04-04T00:00:00.000Z,2024-04-05T00:00:00.000Z,2024-04-05T00:00:00.000Z,2024-04-05T00:00:00.000Z,1970-01-01T00:00:00.000Z,0.0,0.0,1.0,0.0,1.0,1.0,QER-109032(2),2024-04-05T00:00:00.000Z,0,0,0,0.0,False,66ff8d975fd9b4586d6033b8,0,0
66ff8d975fd9b4586d6033b9,nLo033.01,1.0,Adani,UPCL ,4G+DI,Subs Itr rel,DLMS Order,"3P4W LTCT 240V 5-10A,",NORTEM,SMART,BHR,New firmware,2024-04-05T00:00:00.000Z,2024-04-05T00:00:00.000Z,2024-05-02T00:00:00.000Z,2024-05-03T00:00:00.000Z,2024-05-08T00:00:00.000Z,5.0,3.0,28.0,18.0,2.0,2.0,0,1970-01-01T00:00:00.000Z,AVM,0,0,0.0,False,66ff8d975fd9b4586d6033b9,0,0
66ff8d975fd9b4586d6033ba,nLo034.01,1.0,Adani,UPCL ,0,Withdrawn,DLMS Order,"3P4W LTCT 240V 5-10A,",NORTEM,SMART,0,New firmware,2024-04-05T00:00:00.000Z,2024-04-05T00:00:00.000Z,1970-01-01T00:00:00.000Z,1970-01-01T00:00:00.000Z,1970-01-01T00:00:00.000Z,0.0,0.0,0.0,0.0,1.0,0.0,0,1970-01-01T00:00:00.000Z,0,0,0,0.0,False,66ff8d975fd9b4586d6033ba,0,0
66ff8d975fd9b4586d6033bb,CBO021.00,2.0,Intellismart,MGVCL,4G,Subs Itr rel,DLMS Order, 3P4W LTWC Cl 1.0 10-60A,CHRONAS,SMART,San,bug fixed,2024-03-19T00:00:00.000Z,2024-04-05T00:00:00.000Z,2024-04-05T00:00:00.000Z,2024-04-08T00:00:00.000Z,1970-01-01T00:00:00.000Z,0.0,0.0,1.0,0.0,4.0,2.0,0,1970-01-01T00:00:00.000Z,0,0,0,0.0,False,66ff8d975fd9b4586d6033bb,0,0
66ff8d975fd9b4586d6033bc,nLo021.05,5.0,Adani,APDCL,DI,Withdrawn,DLMS Order,"3P4W LTCT 240V 5-10A,",NORTEM,SMART,0,New firmware,2024-02-13T00:00:00.000Z,2024-04-05T00:00:00.000Z,1970-01-01T00:00:00.000Z,1970-01-01T00:00:00.000Z,1970-01-01T00:00:00.000Z,0.0,0.0,0.0,0.0,1.0,0.0,0,1970-01-01T00:00:00.000Z,0,0,yes,0.0,False,66ff8d975fd9b4586d6033bc,0,0
66ff8d975fd9b4586d6033bd,nLo025.03,3.0,Adani,APDCL,0,Withdrawn,DLMS Order,"3P4W LTCT 240V 5-10A,",NORTEM,SMART,0,New firmware,2024-02-13T00:00:00.000Z,2024-04-05T00:00:00.000Z,1970-01-01T00:00:00.000Z,1970-01-01T00:00:00.000Z,1970-01-01T00:00:00.000Z,0.0,0.0,0.0,0.0,1.0,0.0,0,1970-01-01T00:00:00.000Z,0,0,yes,0.0,False,66ff8d975fd9b4586d6033bd,0,0
66ff8d975fd9b4586d6033be,RH46.00,1.0,Adani,APDCL,0,Subs Itr rel,DLMS Order,"1Ph 5-30A , Cl.1.0",CYGNUS,SMART,SAN,bug fixed,2024-04-02T00:00:00.000Z,2024-04-06T00:00:00.000Z,2024-04-06T00:00:00.000Z,2024-04-07T00:00:00.000Z,1970-01-01T00:00:00.000Z,0.0,0.0,1.0,0.0,2.0,1.0,0,1970-01-01T00:00:00.000Z,0,0,0,0.0,False,66ff8d975fd9b4586d6033be,0,0
66ff8d975fd9b4586d6033bf,RH46.00,2.0,Adani,APDCL,0,Subs Itr rel,DLMS Order,"1Ph 5-30A , Cl.1.0",CYGNUS,SMART,AM,bug fixed,2024-04-02T00:00:00.000Z,2024-04-07T00:00:00.000Z,2024-04-07T00:00:00.000Z,2024-04-07T00:00:00.000Z,2024-04-08T00:00:00.000Z,1.0,1.0,1.0,0.0,1.0,1.0,0,1970-01-01T00:00:00.000Z,BCP,0,0,0.0,False,66ff8d975fd9b4586d6033bf,0,0
66ff8d975fd9b4586d6033c0,CAO01301,0.0,Techno,MPPKVVCL Indore,0,Subs Itr rel,DLMS Order, 3P4W LTWC Cl 1.0 10-100A,CHRONAS,SMART,SR,New Firmware,2024-02-19T00:00:00.000Z,2024-04-05T00:00:00.000Z,2024-04-10T00:00:00.000Z,2024-04-19T00:00:00.000Z,2024-04-24T00:00:00.000Z,5.0,3.0,6.0,3.0,10.0,8.0,0,1970-01-01T00:00:00.000Z,AM,0,yes,0.0,False,66ff8d975fd9b4586d6033c0,0,0
66ff8d975fd9b4586d6033c1,CBO021.00,3.0,Intellismart,MGVCL,4G,Subs Itr rel,DLMS Order, 3P4W LTWC Cl 1.0 10-60A,CHRONAS,SMART,DK,bug fixed,2024-03-19T00:00:00.000Z,2024-04-08T00:00:00.000Z,2024-04-08T00:00:00.000Z,2024-04-10T00:00:00.000Z,1970-01-01T00:00:00.000Z,0.0,0.0,1.0,0.0,3.0,2.0,0,1970-01-01T00:00:00.000Z,AM,0,0,0.0,False,66ff8d975fd9b4586d6033c1,0,0
66ff8d975fd9b4586d6033c2,CAO01700,0.0,GMR,DVVNL,0,Withdrawn,DLMS Order, 3P4W LTWC Cl 1.0 10-100A,CHRONAS,SMART,0,New Firmware,2024-04-08T00:00:00.000Z,2024-04-08T00:00:00.000Z,1970-01-01T00:00:00.000Z,1970-01-01T00:00:00.000Z,1970-01-01T00:00:00.000Z,0.0,0.0,0.0,0.0,1.0,0.0,0,1970-01-01T00:00:00.000Z,0,0,yes,0.0,False,66ff8d975fd9b4586d6033c2,0,0
66ff8d975fd9b4586d6033c3,SR82.01,0.0,KSEB,KSEB,0,Released,DLMS Order,"1Ph 10-60A , Cl.1.0",SFF,ENM,SR,field modification(code compare),2024-04-11T00:00:00.000Z,2024-04-11T00:00:00.000Z,2024-04-19T00:00:00.000Z,2024-04-19T00:00:00.000Z,1970-01-01T00:00:00.000Z,0.0,0.0,9.0,4.0,1.0,0.5,QER-109033(1),2024-04-19T00:00:00.000Z,0,yes,0,0.0,False,66ff8d975fd9b4586d6033c3,0,0
66ff8d975fd9b4586d6033c4,RH46.00,3.0,Adani,APDCL,0,Released,DLMS Order,"1Ph 5-30A , Cl.1.0",CYGNUS,SMART,SR,bug fixed,2024-04-02T00:00:00.000Z,2024-04-11T00:00:00.000Z,2024-04-11T00:00:00.000Z,2024-04-11T00:00:00.000Z,1970-01-01T00:00:00.000Z,0.0,0.0,1.0,0.0,1.0,0.5,QER-109051(1),2024-04-17T00:00:00.000Z,BHR,0,0,0.0,False,66ff8d975fd9b4586d6033c4,0,0
66ff8d975fd9b4586d6033c5,RH43.00,2.0,GMR,DVVNL,0,Withdrawn,DLMS Order,"1PH 10-60A,  Cl.1.0",CYGNUS,SMART,0,bug fixed and CR changes,2024-03-15T00:00:00.000Z,2024-04-11T00:00:00.000Z,1970-01-01T00:00:00.000Z,1970-01-01T00:00:00.000Z,1970-01-01T00:00:00.000Z,0.0,0.0,0.0,0.0,1.0,0.0,0,1970-01-01T00:00:00.000Z,0,0,0,0.0,False,66ff8d975fd9b4586d6033c5,0,0
66ff8d975fd9b4586d6033c6,CTP16.00 ,5.0,KSEB,KSEB,0,Completed,DLMS Tender, 3P4W LTWC Cl 1.0 10-60A,VENUS,TVM LT WC,AVM,New firmware,2024-03-15T00:00:00.000Z,2024-04-11T00:00:00.000Z,2024-04-16T00:00:00.000Z,1970-01-01T00:00:00.000Z,1970-01-01T00:00:00.000Z,0.0,0.0,6.0,3.0,0.0,0.0,0,1970-01-01T00:00:00.000Z,BCP,0,yes,0.0,False,66ff8d975fd9b4586d6033c6,0,0
66ff8d975fd9b4586d6033c7,CAO01700,1.0,GMR,DVVNL,0,Subs Itr rel,DLMS Order, 3P4W LTWC Cl 1.0 10-100A,CHRONAS,SMART,AVM,New Firmware,2024-04-08T00:00:00.000Z,2024-04-12T00:00:00.000Z,2024-04-19T00:00:00.000Z,2024-04-24T00:00:00.000Z,2024-04-30T00:00:00.000Z,6.0,3.0,8.0,5.0,6.0,4.0,0,1970-01-01T00:00:00.000Z,BHR,0,yes,0.0,False,66ff8d975fd9b4586d6033c7,0,0
66ff8d975fd9b4586d6033c8,CBO018.00,2.0,Adani,NBPDCL ,0,Subs Itr rel,DLMS Order, 3P4W LTWC Cl 1.0 10-60A,CHRONAS,SMART,BHR,bug fixed,2024-03-15T00:00:00.000Z,2024-04-12T00:00:00.000Z,2024-04-16T00:00:00.000Z,2024-04-20T00:00:00.000Z,1970-01-01T00:00:00.000Z,0.0,0.0,5.0,2.0,5.0,5.0,0,1970-01-01T00:00:00.000Z,0,0,0,0.0,False,66ff8d975fd9b4586d6033c8,0,0
66ff8d975fd9b4586d6033c9,nLo040.00,1.0,Iskraemeco ,UGVCL,(DTR meter with DI  with 200/5 ratio),Exp Next Itr,DLMS Order,3P4W LTCT 240V 5-10A,NORTEM,SMART,AM,bug fixed,2024-03-19T00:00:00.000Z,2024-04-12T00:00:00.000Z,2024-04-12T00:00:00.000Z,2024-04-12T00:00:00.000Z,1970-01-01T00:00:00.000Z,0.0,0.0,1.0,0.0,1.0,1.0,0,1970-01-01T00:00:00.000Z,0,0,0,0.0,False,66ff8d975fd9b4586d6033c9,0,0
66ff8d975fd9b4586d6033ca,nLo041.00,1.0,Iskraemeco ,UGVCL,(consumer with DI without 200/5 ratio),Subs Itr rel,DLMS Order,3P4W LTCT 240V 5-10A,NORTEM,SMART,BCP,bug fixed,2024-03-19T00:00:00.000Z,2024-04-12T00:00:00.000Z,2024-04-12T00:00:00.000Z,2024-04-12T00:00:00.000Z,1970-01-01T00:00:00.000Z,0.0,0.0,1.0,0.0,1.0,1.0,0,1970-01-01T00:00:00.000Z,0,0,0,0.0,False,66ff8d975fd9b4586d6033ca,0,0
66ff8d975fd9b4586d6033cb,RH50.00,0.0,Techno,MPPKVVCL Indore,Quectel,Subs Itr rel,DLMS Order,"1Ph 10-60A , Cl.1.0",CYGNUS,SMART,AM/SAN,RH30 is modified for using Quectel Module & Bugs fixed ,2024-01-30T00:00:00.000Z,2024-04-12T00:00:00.000Z,2024-04-13T00:00:00.000Z,2024-04-13T00:00:00.000Z,1970-01-01T00:00:00.000Z,0.0,0.0,2.0,0.0,1.0,1.0,0,1970-01-01T00:00:00.000Z,0,0,0,0.0,False,66ff8d975fd9b4586d6033cb,0,0
66ff8d975fd9b4586d6033cc,RH43.00,3.0,GMR,DVVNL,0,Subs Itr rel,DLMS Order,"1PH 10-60A,  Cl.1.0",CYGNUS,SMART,AM,bug fixed and CR changes,2024-03-15T00:00:00.000Z,2024-04-12T00:00:00.000Z,2024-04-16T00:00:00.000Z,2024-04-18T00:00:00.000Z,2024-04-22T00:00:00.000Z,4.0,2.0,5.0,2.0,3.0,3.0,0,1970-01-01T00:00:00.000Z,SAN,0,0,0.0,False,66ff8d975fd9b4586d6033cc,0,0
66ff8d975fd9b4586d6033cd,RH53.00,0.0,TPCL,TPCL,0,Subs Itr rel,DLMS Order,"1PH 10-60A,  Cl.1.0",CYGNUS,SMART,San,New Firmware,2024-04-12T00:00:00.000Z,2024-04-12T00:00:00.000Z,2024-05-10T00:00:00.000Z,2024-05-16T00:00:00.000Z,2024-05-20T00:00:00.000Z,4.0,0.0,29.0,19.0,7.0,5.0,0,1970-01-01T00:00:00.000Z,BHR,0,yes,0.0,False,66ff8d975fd9b4586d6033cd,0,0
66ff8d975fd9b4586d6033ce,RH50.00,1.0,Techno,MPPKVVCL Indore,0,Subs Itr rel,DLMS Order,"1Ph 10-60A , Cl.1.0",CYGNUS,SMART,AVM,bug fixed,2024-01-30T00:00:00.000Z,2024-04-15T00:00:00.000Z,2024-04-15T00:00:00.000Z,2024-04-15T00:00:00.000Z,1970-01-01T00:00:00.000Z,0.0,0.0,1.0,0.0,1.0,1.0,0,1970-01-01T00:00:00.000Z,0,0,0,0.0,False,66ff8d975fd9b4586d6033ce,0,0
66ff8d975fd9b4586d6033cf,HHo002.09,9.0,Techno,MPPKVVCL Indore ,0,Subs Itr rel,DLMS Order, 3P4W HTCT Cl 0.2 5-10A,NORTEM,SMART,BHR,bug fixed,2024-01-19T00:00:00.000Z,2024-04-15T00:00:00.000Z,2024-04-15T00:00:00.000Z,2024-04-15T00:00:00.000Z,1970-01-01T00:00:00.000Z,0.0,0.0,1.0,0.0,1.0,1.0,0,1970-01-01T00:00:00.000Z,0,0,0,0.0,False,66ff8d975fd9b4586d6033cf,0,0
66ff8d975fd9b4586d6033d0,HHo004.01,1.0,Adani,MSEDCL,0,Subs Itr rel,DLMS Order, 3P4W HTCT Cl 0.5 5-10A,NORTEM,SMART,VK,New Firmware,2024-04-15T00:00:00.000Z,2024-04-15T00:00:00.000Z,2024-04-30T00:00:00.000Z,2024-05-08T00:00:00.000Z,2024-05-09T00:00:00.000Z,1.0,1.0,16.0,10.0,9.0,7.0,0,1970-01-01T00:00:00.000Z,SAN,0,yes,0.0,False,66ff8d975fd9b4586d6033d0,0,0
66ff8d975fd9b4586d6033d1,RH21.01,0.0,Intellismart,PVVNL,0,Withdrawn,DLMS Order,"1PH  LPR 10-60A,  Cl.1.0",CYGNUS,SMART,BCP,CR changes,2024-04-15T00:00:00.000Z,2024-04-15T00:00:00.000Z,2024-04-22T00:00:00.000Z,1970-01-01T00:00:00.000Z,1970-01-01T00:00:00.000Z,0.0,0.0,8.0,5.0,0.0,0.0,0,1970-01-01T00:00:00.000Z,0,0,0,0.0,False,66ff8d975fd9b4586d6033d1,0,0
66ff8d975fd9b4586d6033d2,RH50.00,2.0,Techno,MPPKVVCL Indore,0,Released,DLMS Order,"1Ph 10-60A , Cl.1.0",CYGNUS,SMART,San,bug fixed,2024-01-30T00:00:00.000Z,2024-04-15T00:00:00.000Z,2024-04-15T00:00:00.000Z,2024-04-15T00:00:00.000Z,1970-01-01T00:00:00.000Z,0.0,0.0,1.0,0.0,1.0,1.0,QER-109053,2024-04-16T00:00:00.000Z,AVM,0,0,0.0,False,66ff8d975fd9b4586d6033d2,0,0
66ff8d975fd9b4586d6033d3,RH35.00,1.0,Adani,EEPL,0,Subs Itr rel,DLMS Order,"1Ph 10-60A , Cl.1.0",CYGNUS,SMART,DK,bug fixed,2024-02-19T00:00:00.000Z,2024-04-15T00:00:00.000Z,2024-05-06T00:00:00.000Z,2024-05-06T00:00:00.000Z,1970-01-01T00:00:00.000Z,0.0,0.0,22.0,13.0,1.0,1.0,0,1970-01-01T00:00:00.000Z,SS,0,0,0.0,False,66ff8d975fd9b4586d6033d3,0,0
66ff8d975fd9b4586d6033d4,5HD09.76,2.0,ESP,BB11BEDLMS2 ,0,Released,DLMS Order,3P4W 63.5V 1-2A Cl 0.2Cl ,N2AVE,TVM HT 0.2,BCP,bug fixed,2024-03-13T00:00:00.000Z,2024-04-15T00:00:00.000Z,2024-04-16T00:00:00.000Z,2024-04-16T00:00:00.000Z,2024-04-19T00:00:00.000Z,3.0,2.0,2.0,1.0,1.0,0.5,QER-109056,2024-04-19T00:00:00.000Z,AVM,0,0,0.0,False,66ff8d975fd9b4586d6033d4,0,0
66ff8d975fd9b4586d6033d5,RH54.00,0.0,ESP, Innologics ,0,Released,DLMS Order,"1Ph 10-60A , Cl.1.0",CYGNUS,SMART,BCP,RH26 converted for CR changes,2024-04-17T00:00:00.000Z,2024-04-17T00:00:00.000Z,2024-04-19T00:00:00.000Z,2024-04-19T00:00:00.000Z,2024-04-23T00:00:00.000Z,4.0,2.0,3.0,1.0,1.0,0.5,QER-109059(1),2024-04-23T00:00:00.000Z,AVM,0,0,0.0,False,66ff8d975fd9b4586d6033d5,0,0
66ff8d975fd9b4586d6033d6,5HD2N.70,2.0,TANGEDCO,TANGEDCO,0,Subs Itr rel,DLMS Order,3P4W 63.5V 1-2A Cl 0.2Cl ,N2AVE,TVM HT 0.2,BCP,RS232 battery mode enable,2024-03-13T00:00:00.000Z,2024-04-17T00:00:00.000Z,2024-04-17T00:00:00.000Z,2024-04-17T00:00:00.000Z,2024-04-19T00:00:00.000Z,2.0,2.0,1.0,0.0,1.0,0.5,0,1970-01-01T00:00:00.000Z,SAN,0,0,0.0,False,66ff8d975fd9b4586d6033d6,0,0
66ff8d975fd9b4586d6033d7,nLo040.04,4.0,Iskraemeco ,UGVCL,(DTR meter with DI  with 200/5 ratio),Exp Next Itr,DLMS Order,3P4W LTCT 240V 5-10A,NORTEM,SMART,BCP,bug fixed,2024-03-19T00:00:00.000Z,2024-04-17T00:00:00.000Z,2024-04-17T00:00:00.000Z,2024-04-18T00:00:00.000Z,1970-01-01T00:00:00.000Z,0.0,0.0,1.0,0.0,2.0,2.0,0,1970-01-01T00:00:00.000Z,0,0,0,0.0,False,66ff8d975fd9b4586d6033d7,0,0
66ff8d975fd9b4586d6033d8,nLo041.04,4.0,Iskraemeco ,UGVCL,(consumer with DI without 200/5 ratio),Subs Itr rel,DLMS Order,3P4W LTCT 240V 5-10A,NORTEM,SMART,BCP,bug fixed,2024-03-19T00:00:00.000Z,2024-04-17T00:00:00.000Z,2024-04-17T00:00:00.000Z,2024-04-18T00:00:00.000Z,1970-01-01T00:00:00.000Z,0.0,0.0,1.0,0.0,2.0,2.0,0,1970-01-01T00:00:00.000Z,0,0,0,0.0,False,66ff8d975fd9b4586d6033d8,0,0
66ff8d975fd9b4586d6033d9,nLo021.06,6.0,Adani,APDCL,DI,Subs Itr rel,DLMS Order,"3P4W LTCT 240V 5-10A,",NORTEM,SMART,San,New firmware,2024-02-13T00:00:00.000Z,2024-04-17T00:00:00.000Z,2024-04-18T00:00:00.000Z,2024-04-24T00:00:00.000Z,2024-04-25T00:00:00.000Z,1.0,1.0,2.0,1.0,7.0,5.0,0,1970-01-01T00:00:00.000Z,SS,0,yes,0.0,False,66ff8d975fd9b4586d6033d9,0,0
66ff8d975fd9b4586d6033da,nLo025.04,4.0,Adani,APDCL,0,Withdrawn,DLMS Order,"3P4W LTCT 240V 5-10A,",NORTEM,SMART,0,New firmware,2024-02-13T00:00:00.000Z,2024-04-17T00:00:00.000Z,1970-01-01T00:00:00.000Z,1970-01-01T00:00:00.000Z,1970-01-01T00:00:00.000Z,0.0,0.0,0.0,0.0,1.0,0.0,0,1970-01-01T00:00:00.000Z,0,0,yes,0.0,False,66ff8d975fd9b4586d6033da,0,0
66ff8d975fd9b4586d6033db,nLo035.02,2.0,Adani,MSEDCL,0,Subs Itr rel,DLMS Order,"3P4W LTCT 240V 5-10A,",NORTEM,SMART,BCP/SAN,New firmware,2024-04-17T00:00:00.000Z,2024-04-17T00:00:00.000Z,2024-04-29T00:00:00.000Z,2024-05-06T00:00:00.000Z,2024-05-07T00:00:00.000Z,1.0,1.0,13.0,6.0,8.0,6.0,0,1970-01-01T00:00:00.000Z,BHR,0,yes,0.0,False,66ff8d975fd9b4586d6033db,0,0
66ff8d975fd9b4586d6033dc,CBO017.00,1.0,Adani,APDCL,0,Subs Itr rel,DLMS Order, 3P4W LTWC Cl 1.0 10-60A,CHRONAS,SMART,BCP,New firmware,2024-03-12T00:00:00.000Z,2024-04-19T00:00:00.000Z,2024-05-09T00:00:00.000Z,2024-05-14T00:00:00.000Z,2024-05-16T00:00:00.000Z,2.0,2.0,21.0,14.0,6.0,4.0,0,1970-01-01T00:00:00.000Z,AVM,0,yes,0.0,False,66ff8d975fd9b4586d6033dc,0,0
66ff8d975fd9b4586d6033dd,RH56.00,0.0,Adani,NBPDCL ,0,Released,DLMS Order,"1Ph 10-60A , Cl.1.0",CYGNUS,SMART,BCP,CR change,2024-04-19T00:00:00.000Z,2024-04-19T00:00:00.000Z,2024-04-19T00:00:00.000Z,2024-04-19T00:00:00.000Z,2024-04-22T00:00:00.000Z,3.0,1.0,1.0,0.0,1.0,0.5,QER-109063,2024-04-24T00:00:00.000Z,SR,0,0,0.0,False,66ff8d975fd9b4586d6033dd,0,0
66ff8d975fd9b4586d6033de,RH48.00,1.0,Adani,MSEDCL,0,Subs Itr rel,DLMS Order,"1PH 10-60A,  Cl.1.0",CYGNUS,SMART,BHR,New firmware,2024-03-26T00:00:00.000Z,2024-04-19T00:00:00.000Z,2024-04-20T00:00:00.000Z,2024-04-24T00:00:00.000Z,2024-04-26T00:00:00.000Z,2.0,2.0,2.0,1.0,5.0,3.0,0,1970-01-01T00:00:00.000Z,AVM,0,yes,0.0,False,66ff8d975fd9b4586d6033de,0,0
66ff8d975fd9b4586d6033df,UR09.00 ,1.0,WM101BC5DLMSC ,WM101BC5DLMSC ,0,Released,DLMS Order,"1Ph 5-30A , Cl.1.0",MERCURY,ENM,DK,New firmware  Platform conversion,2024-04-19T00:00:00.000Z,2024-04-19T00:00:00.000Z,2024-07-15T00:00:00.000Z,2024-07-19T00:00:00.000Z,2024-07-23T00:00:00.000Z,4.0,2.0,88.0,45.0,5.0,4.0,109207,2024-08-27T00:00:00.000Z,VN,0,yes,0.0,False,66ff8d975fd9b4586d6033df,0,0
66ff8d975fd9b4586d6033e0,nLo031.10,10.0,Techno,MPPKVVCL Indore ,DI,Subs Itr rel,DLMS Order,"3P4W LTCT 240V 5-10A,",NORTEM,SMART,BCP,bug fixed,2024-01-04T00:00:00.000Z,2024-04-19T00:00:00.000Z,2024-04-20T00:00:00.000Z,2024-04-20T00:00:00.000Z,2024-04-22T00:00:00.000Z,2.0,2.0,2.0,1.0,1.0,1.0,0,1970-01-01T00:00:00.000Z,BHR,0,0,0.0,False,66ff8d975fd9b4586d6033e0,0,0
66ff8d975fd9b4586d6033e1,nLo030.10,10.0,Techno,MPPKVVCL Indore ,(w/o DI),Subs Itr rel,DLMS Order,"3P4W LTCT 240V 5-10A,",NORTEM,SMART,0,bug fixed,2024-01-04T00:00:00.000Z,2024-04-19T00:00:00.000Z,1970-01-01T00:00:00.000Z,1970-01-01T00:00:00.000Z,1970-01-01T00:00:00.000Z,0.0,0.0,0.0,0.0,1.0,0.0,0,1970-01-01T00:00:00.000Z,0,0,0,0.0,False,66ff8d975fd9b4586d6033e1,0,0
66ff8d975fd9b4586d6033e2,RH49.00,0.0,Intellismart,DGVCL,Quectel,Withdrawn,DLMS Order,"1Ph 10-60A , Cl.1.0",CYGNUS,SMART,0,RH33 is modified for using Quectel Module & Bugs fixed ,2024-04-19T00:00:00.000Z,2024-04-19T00:00:00.000Z,1970-01-01T00:00:00.000Z,1970-01-01T00:00:00.000Z,1970-01-01T00:00:00.000Z,0.0,0.0,0.0,0.0,1.0,0.0,0,1970-01-01T00:00:00.000Z,0,0,0,0.0,False,66ff8d975fd9b4586d6033e2,0,0
66ff8d975fd9b4586d6033e3,RH14.01,0.0,APDCL,Purbanchal ,0,Subs Itr rel,DLMS Order,"1Ph 10-60A , Cl.1.0",CYGNUS,SMART,AM,CR changes,2024-04-19T00:00:00.000Z,2024-04-19T00:00:00.000Z,2024-04-25T00:00:00.000Z,2024-04-25T00:00:00.000Z,1970-01-01T00:00:00.000Z,0.0,0.0,7.0,3.0,1.0,1.0,0,1970-01-01T00:00:00.000Z,0,0,0,0.0,False,66ff8d975fd9b4586d6033e3,0,0
66ff8d975fd9b4586d6033e4,RH21.01,1.0,Intellismart,PVVNL,0,Released,DLMS Order,"1PH  LPR 10-60A,  Cl.1.0",CYGNUS,SMART,BCP,CR changes,2024-04-22T00:00:00.000Z,2024-04-22T00:00:00.000Z,2024-04-23T00:00:00.000Z,2024-04-23T00:00:00.000Z,2024-04-25T00:00:00.000Z,2.0,2.0,2.0,1.0,1.0,1.0,QER-109065 ,2024-04-25T00:00:00.000Z,AVM,0,0,0.0,False,66ff8d975fd9b4586d6033e4,0,0
66ff8d975fd9b4586d6033e5,nLo040.05,5.0,Iskraemeco ,UGVCL,(DTR meter with DI  with 200/5 ratio),Exp Next Itr,DLMS Order,3P4W LTCT 240V 5-10A,NORTEM,SMART,BCP,bug fixed,2024-03-19T00:00:00.000Z,2024-04-22T00:00:00.000Z,2024-04-25T00:00:00.000Z,2024-04-25T00:00:00.000Z,2024-04-30T00:00:00.000Z,5.0,2.0,4.0,2.0,1.0,1.0,0,1970-01-01T00:00:00.000Z,0,0,0,0.0,False,66ff8d975fd9b4586d6033e5,0,0
66ff8d975fd9b4586d6033e6,nLo041.05,5.0,Iskraemeco ,UGVCL,(consumer with DI without 200/5 ratio),Subs Itr rel,DLMS Order,3P4W LTCT 240V 5-10A,NORTEM,SMART,BCP,bug fixed,2024-03-19T00:00:00.000Z,2024-04-22T00:00:00.000Z,2024-04-25T00:00:00.000Z,2024-04-25T00:00:00.000Z,2024-04-30T00:00:00.000Z,5.0,2.0,4.0,2.0,1.0,1.0,0,1970-01-01T00:00:00.000Z,0,0,0,0.0,False,66ff8d975fd9b4586d6033e6,0,0
66ff8d975fd9b4586d6033e7,nHo039.03,3.0,Adani ,NBPDCL ,0,Withdrawn,DLMS Order,3P4W HTCT 63.5V 5-10A,NORTEM,SMART,0,bug fixed,2024-03-25T00:00:00.000Z,2024-04-22T00:00:00.000Z,2024-04-23T00:00:00.000Z,1970-01-01T00:00:00.000Z,1970-01-01T00:00:00.000Z,0.0,0.0,2.0,1.0,0.0,0.0,0,1970-01-01T00:00:00.000Z,0,0,0,0.0,False,66ff8d975fd9b4586d6033e7,0,0
66ff8d975fd9b4586d6033e8,RH46.01,0.0,Adani,APDCL,0,Released,DLMS Order,"1Ph 5-30A , Cl.1.0",CYGNUS,SMART,AM,bug fixed,2024-04-22T00:00:00.000Z,2024-04-22T00:00:00.000Z,2024-04-23T00:00:00.000Z,2024-04-23T00:00:00.000Z,2024-04-24T00:00:00.000Z,1.0,1.0,2.0,1.0,1.0,1.0,QER-109051(2),2024-04-24T00:00:00.000Z,AVM,0,0,0.0,False,66ff8d975fd9b4586d6033e8,0,0
66ff8d975fd9b4586d6033e9,RH49.00,1.0,Intellismart,DGVCL,Quectel,Released,DLMS Order,"1Ph 10-60A , Cl.1.0",CYGNUS,SMART,BCP,RH33 is modified for using Quectel Module & Bugs fixed ,2024-04-19T00:00:00.000Z,2024-04-22T00:00:00.000Z,2024-05-07T00:00:00.000Z,2024-05-08T00:00:00.000Z,2024-05-13T00:00:00.000Z,5.0,2.0,16.0,8.0,2.0,2.0,QER-109145,2024-06-21T00:00:00.000Z,AVM,0,0,0.0,False,66ff8d975fd9b4586d6033e9,0,0
66ff8d975fd9b4586d6033ea,nHo039.04,4.0,Adani ,NBPDCL,0,Subs Itr rel,DLMS Order,3P4W HTCT 63.5V 5-10A,NORTEM,SMART,BCP,bug fixed,2024-03-25T00:00:00.000Z,2024-04-23T00:00:00.000Z,2024-04-23T00:00:00.000Z,2024-04-24T00:00:00.000Z,1970-01-01T00:00:00.000Z,0.0,0.0,1.0,0.0,2.0,2.0,0,1970-01-01T00:00:00.000Z,0,0,0,0.0,False,66ff8d975fd9b4586d6033ea,0,0
66ff8d975fd9b4586d6033eb,HHo002.10,10.0,Techno,MPPKVVCL Indore ,0,Released,DLMS Order, 3P4W HTCT Cl 0.2 5-10A,NORTEM,SMART,BCP,bug fixed,2024-01-19T00:00:00.000Z,2024-04-24T00:00:00.000Z,2024-04-24T00:00:00.000Z,2024-04-24T00:00:00.000Z,2024-04-29T00:00:00.000Z,5.0,2.0,1.0,0.0,1.0,1.0,109091,2024-05-17T00:00:00.000Z,AM,0,0,0.0,False,66ff8d975fd9b4586d6033eb,0,0
66ff8d975fd9b4586d6033ec,RH43.00,4.0,GMR,DVVNL,0,Subs Itr rel,DLMS Order,"1PH 10-60A,  Cl.1.0",CYGNUS,SMART,DK,HES related modification(code compare),2024-03-15T00:00:00.000Z,2024-04-24T00:00:00.000Z,2024-05-02T00:00:00.000Z,2024-05-02T00:00:00.000Z,1970-01-01T00:00:00.000Z,0.0,0.0,9.0,4.0,1.0,1.0,0,1970-01-01T00:00:00.000Z,0,0,0,0.0,False,66ff8d975fd9b4586d6033ec,0,0
66ff8d975fd9b4586d6033ed,RH18.02,0.0,Intellismart,SBPDCL,0,Released,DLMS Order,"1Ph 10-60A , Cl.1.0",CYGNUS,SMART,SR,FOTA for enable LRC,2024-04-24T00:00:00.000Z,2024-04-24T00:00:00.000Z,2024-04-25T00:00:00.000Z,2024-04-25T00:00:00.000Z,1970-01-01T00:00:00.000Z,0.0,0.0,2.0,1.0,1.0,1.0,108973(3),2024-06-07T00:00:00.000Z,BHR,0,0,0.0,False,66ff8d975fd9b4586d6033ed,0,0
66ff8d975fd9b4586d6033ee,nHo039.05,5.0,Adani ,NBPDCL,0,Subs Itr rel,DLMS Order,3P4W HTCT 63.5V 5-10A,NORTEM,SMART,AVM,bug fixed,2024-03-25T00:00:00.000Z,2024-04-24T00:00:00.000Z,2024-04-25T00:00:00.000Z,2024-04-25T00:00:00.000Z,1970-01-01T00:00:00.000Z,0.0,0.0,2.0,1.0,1.0,1.0,0,1970-01-01T00:00:00.000Z,0,0,0,0.0,False,66ff8d975fd9b4586d6033ee,0,0
66ff8d975fd9b4586d6033ef,nHo051.00,0.0,Adani ,APDCL,0,Subs Itr rel,DLMS Order,3P4W HTCT 63.5V 5-10A,NORTEM,SMART,AVM,New firmware,2024-04-25T00:00:00.000Z,2024-04-25T00:00:00.000Z,2024-04-29T00:00:00.000Z,2024-05-02T00:00:00.000Z,2024-05-06T00:00:00.000Z,4.0,2.0,5.0,1.0,4.0,3.0,0,1970-01-01T00:00:00.000Z,BHR,0,yes,0.0,False,66ff8d975fd9b4586d6033ef,0,0
66ff8d975fd9b4586d6033f0,CBO018.00,3.0,Adani,NBPDCL ,0,Subs Itr rel,DLMS Order, 3P4W LTWC Cl 1.0 10-60A,CHRONAS,SMART,AM,bug fixed,2024-03-15T00:00:00.000Z,2024-04-25T00:00:00.000Z,2024-04-29T00:00:00.000Z,2024-05-02T00:00:00.000Z,1970-01-01T00:00:00.000Z,0.0,0.0,5.0,2.0,4.0,3.0,0,1970-01-01T00:00:00.000Z,0,0,0,0.0,False,66ff8d975fd9b4586d6033f0,0,0
66ff8d975fd9b4586d6033f1,CAO01600,1.0,Adani,AEML,Nbiot,Withdrawn,DLMS Order, 3P4W LTWC Cl 1.0 10-100A,CHRONAS,SMART,0,bug fixed,2024-03-04T00:00:00.000Z,2024-04-25T00:00:00.000Z,1970-01-01T00:00:00.000Z,1970-01-01T00:00:00.000Z,1970-01-01T00:00:00.000Z,0.0,0.0,0.0,0.0,1.0,0.0,0,1970-01-01T00:00:00.000Z,0,0,0,0.0,False,66ff8d975fd9b4586d6033f1,0,0
66ff8d975fd9b4586d6033f2,nLo025.05,5.0,Adani,APDCL,0,Subs Itr rel,DLMS Order,"3P4W LTCT 240V 5-10A,",NORTEM,SMART,0,bug fixed,2024-04-25T00:00:00.000Z,2024-04-25T00:00:00.000Z,1970-01-01T00:00:00.000Z,1970-01-01T00:00:00.000Z,1970-01-01T00:00:00.000Z,0.0,0.0,0.0,0.0,1.0,0.0,0,1970-01-01T00:00:00.000Z,0,0,0,0.0,False,66ff8d975fd9b4586d6033f2,0,0
66ff8d975fd9b4586d6033f3,nLo021.08,8.0,Adani,APDCL,DI,Subs Itr rel,DLMS Order,"3P4W LTCT 240V 5-10A,",NORTEM,SMART,BCP,bug fixed,2024-02-13T00:00:00.000Z,2024-04-25T00:00:00.000Z,2024-04-29T00:00:00.000Z,2024-04-30T00:00:00.000Z,1970-01-01T00:00:00.000Z,0.0,0.0,5.0,1.0,2.0,0.0,0,1970-01-01T00:00:00.000Z,0,0,0,0.0,False,66ff8d975fd9b4586d6033f3,0,0
66ff8d975fd9b4586d6033f4,nLo037.03,3.0,Adani,NBPDCL ,0,Stopped,DLMS Order,3P4W LTCT 240V 5-10A,NORTEM,SMART,SS,bug fixed,2024-02-26T00:00:00.000Z,2024-04-25T00:00:00.000Z,2024-04-29T00:00:00.000Z,1970-01-01T00:00:00.000Z,1970-01-01T00:00:00.000Z,0.0,0.0,5.0,2.0,0.0,0.0,0,1970-01-01T00:00:00.000Z,0,0,0,0.0,False,66ff8d975fd9b4586d6033f4,0,0
66ff8d975fd9b4586d6033f5,nHo039.06,6.0,Adani ,NBPDCL,0,Subs Itr rel,DLMS Order,3P4W HTCT 63.5V 5-10A,NORTEM,SMART,SR,bug fixed,2024-03-25T00:00:00.000Z,2024-04-25T00:00:00.000Z,2024-04-29T00:00:00.000Z,2024-04-30T00:00:00.000Z,1970-01-01T00:00:00.000Z,0.0,0.0,5.0,1.0,2.0,1.0,0,1970-01-01T00:00:00.000Z,0,0,0,0.0,False,66ff8d975fd9b4586d6033f5,0,0
66ff8d975fd9b4586d6033f6,CBO014.01,1.0,Techno,MPPKVVCL Indore ,0,Subs Itr rel,DLMS Order, 3P4W LTWC Cl 1.0 10-60A,CHRONAS,SMART,AVM,bug fixed,2024-02-06T00:00:00.000Z,2024-04-29T00:00:00.000Z,2024-05-07T00:00:00.000Z,2024-05-07T00:00:00.000Z,1970-01-01T00:00:00.000Z,0.0,0.0,9.0,4.0,1.0,1.0,0,1970-01-01T00:00:00.000Z,0,0,0,0.0,False,66ff8d975fd9b4586d6033f6,0,0
66ff8d975fd9b4586d6033f7,CBO016.00,2.0,NCC,NBPDCL,0,Released,DLMS Order, 3P4W LTWC Cl 1.0 10-60A,CHRONAS,SMART,AVM,base fw upgrade for RTC correction,2024-03-12T00:00:00.000Z,2024-04-29T00:00:00.000Z,2024-04-29T00:00:00.000Z,2024-04-29T00:00:00.000Z,1970-01-01T00:00:00.000Z,0.0,0.0,1.0,0.0,1.0,1.0,QER-109067,2024-04-29T00:00:00.000Z,0,Yes,0,0.0,False,66ff8d975fd9b4586d6033f7,0,0
66ff8d975fd9b4586d6033f8,RH56.01,0.0,Adani,NBPDCL ,0,Released,DLMS Order,"1Ph 10-60A , Cl.1.0",CYGNUS,SMART,BCP,field correction,2024-04-29T00:00:00.000Z,2024-04-29T00:00:00.000Z,2024-04-29T00:00:00.000Z,2024-04-29T00:00:00.000Z,1970-01-01T00:00:00.000Z,0.0,0.0,1.0,0.0,1.0,0.5,QER-109063(1),2024-04-29T00:00:00.000Z,0,Yes,0,0.0,False,66ff8d975fd9b4586d6033f8,0,0
66ff8d975fd9b4586d6033f9,CAO013.01,1.0,Techno,MPPKVVCL Indore,0,Subs Itr rel,DLMS Order, 3P4W LTWC Cl 1.0 10-100A,CHRONAS,SMART,BHR,bug fixed,2024-02-19T00:00:00.000Z,2024-04-29T00:00:00.000Z,2024-05-06T00:00:00.000Z,2024-05-08T00:00:00.000Z,1970-01-01T00:00:00.000Z,0.0,0.0,8.0,4.0,3.0,3.0,0,1970-01-01T00:00:00.000Z,0,0,0,0.0,False,66ff8d975fd9b4586d6033f9,0,0
66ff8d975fd9b4586d6033fa,CON08.01,0.0,BESCOM ,BESCOM ,0,Released,DLMS Order, 3P 4W- SFF-LT 5-10A,SFF,TVM LT 0.5,AM,Meter constant changed,2024-04-29T00:00:00.000Z,2024-04-29T00:00:00.000Z,2024-04-30T00:00:00.000Z,2024-04-30T00:00:00.000Z,1970-01-01T00:00:00.000Z,0.0,0.0,2.0,1.0,1.0,0.5,QER-109062(1),2024-04-30T00:00:00.000Z,0,yes,0,0.0,False,66ff8d975fd9b4586d6033fa,0,0
66ff8d975fd9b4586d6033fb,nLo031.11,11.0,Techno,MPPKVVCL Indore ,DI,On Hold,DLMS Order,"3P4W LTCT 240V 5-10A,",NORTEM,SMART,0,Meter constant corrected,2024-01-04T00:00:00.000Z,2024-04-30T00:00:00.000Z,1970-01-01T00:00:00.000Z,1970-01-01T00:00:00.000Z,1970-01-01T00:00:00.000Z,0.0,0.0,0.0,0.0,1.0,0.0,0,1970-01-01T00:00:00.000Z,0,yes,0,0.0,False,66ff8d975fd9b4586d6033fb,0,0
66ff8d975fd9b4586d6033fc,nLo030.11,11.0,Techno,MPPKVVCL Indore ,(w/o DI),On Hold,DLMS Order,"3P4W LTCT 240V 5-10A,",NORTEM,SMART,0,Meter constant corrected,2024-01-04T00:00:00.000Z,2024-04-30T00:00:00.000Z,1970-01-01T00:00:00.000Z,1970-01-01T00:00:00.000Z,1970-01-01T00:00:00.000Z,0.0,0.0,0.0,0.0,1.0,0.0,0,1970-01-01T00:00:00.000Z,0,yes,0,0.0,False,66ff8d975fd9b4586d6033fc,0,0
66ff8d975fd9b4586d6033fd,CBO020.00,1.0,Intellismart,DGVCL,0,Subs Itr rel,DLMS Order, 3P4W LTWC Cl 1.0 10-60A,CHRONAS,SMART,San,bug fixed,2024-03-15T00:00:00.000Z,2024-05-06T00:00:00.000Z,2024-05-06T00:00:00.000Z,2024-05-06T00:00:00.000Z,1970-01-01T00:00:00.000Z,0.0,0.0,1.0,0.0,1.0,1.0,0,1970-01-01T00:00:00.000Z,0,0,0,0.0,False,66ff8d975fd9b4586d6033fd,0,0
66ff8d975fd9b4586d6033fe,nLo037.04,4.0,Adani,NBPDCL ,0,Subs Itr rel,DLMS Order,3P4W LTCT 240V 5-10A,NORTEM,SMART,SS,bug fixed,2024-02-26T00:00:00.000Z,2024-04-30T00:00:00.000Z,2024-04-30T00:00:00.000Z,2024-05-02T00:00:00.000Z,1970-01-01T00:00:00.000Z,0.0,0.0,1.0,0.0,3.0,2.0,0,1970-01-01T00:00:00.000Z,0,0,0,0.0,False,66ff8d975fd9b4586d6033fe,0,0
66ff8d975fd9b4586d6033ff,nHo039.07,7.0,Adani ,NBPDCL,0,Subs Itr rel,DLMS Order,3P4W HTCT 63.5V 5-10A,NORTEM,SMART,SR,bug fixed,2024-03-25T00:00:00.000Z,2024-04-30T00:00:00.000Z,2024-04-30T00:00:00.000Z,2024-05-02T00:00:00.000Z,1970-01-01T00:00:00.000Z,0.0,0.0,1.0,0.0,3.0,1.0,0,1970-01-01T00:00:00.000Z,0,0,0,0.0,False,66ff8d975fd9b4586d6033ff,0,0
66ff8d975fd9b4586d603400,CBO016.00,2.0,NCC,NBPDCL,0,Released,DLMS Order, 3P4W LTWC Cl 1.0 10-60A,CHRONAS,SMART,AVM,base fw upgrade for day of the week,2024-03-12T00:00:00.000Z,2024-04-30T00:00:00.000Z,2024-04-30T00:00:00.000Z,2024-04-30T00:00:00.000Z,1970-01-01T00:00:00.000Z,0.0,0.0,1.0,0.0,1.0,0.5,QER-109067(1),2024-04-30T00:00:00.000Z,0,yes,0,0.0,False,66ff8d975fd9b4586d603400,0,0
66ff8d975fd9b4586d603401,nLo021.09,9.0,Adani,APDCL,DI,Released,DLMS Order,"3P4W LTCT 240V 5-10A,",NORTEM,SMART,BCP,Meter constant corrected,2024-02-13T00:00:00.000Z,2024-04-30T00:00:00.000Z,2024-04-30T00:00:00.000Z,2024-05-02T00:00:00.000Z,2024-05-03T00:00:00.000Z,1.0,1.0,1.0,0.0,3.0,1.0,QER-109085,2024-05-15T00:00:00.000Z,AM,yes,0,0.0,False,66ff8d975fd9b4586d603401,0,0
66ff8d975fd9b4586d603402,nLo025.06,6.0,Adani,APDCL,0,Withdrawn,DLMS Order,"3P4W LTCT 240V 5-10A,",NORTEM,SMART,0,Bug fixed,2024-04-25T00:00:00.000Z,2024-04-30T00:00:00.000Z,1970-01-01T00:00:00.000Z,1970-01-01T00:00:00.000Z,1970-01-01T00:00:00.000Z,0.0,0.0,0.0,13.0,1.0,0.0,0,1970-01-01T00:00:00.000Z,0,0,0,0.0,False,66ff8d975fd9b4586d603402,0,0
66ff8d975fd9b4586d603403,CAO01700,2.0,GMR,DVVNL,0,Subs Itr rel,DLMS Order, 3P4W LTWC Cl 1.0 10-100A,CHRONAS,SMART,SR,bug fixed,2024-04-08T00:00:00.000Z,2024-04-30T00:00:00.000Z,2024-05-08T00:00:00.000Z,2024-05-13T00:00:00.000Z,1970-01-01T00:00:00.000Z,0.0,0.0,9.0,5.0,6.0,4.0,0,1970-01-01T00:00:00.000Z,0,0,0,0.0,False,66ff8d975fd9b4586d603403,0,0
66ff8d975fd9b4586d603404,CAO01900,2.0,Intellismart,MGVCL,4G,Withdrawn,DLMS Order, 3P4W LTWC Cl 1.0 10-100A,CHRONAS,SMART,0,New firmware,2024-05-02T00:00:00.000Z,2024-05-02T00:00:00.000Z,1970-01-01T00:00:00.000Z,1970-01-01T00:00:00.000Z,1970-01-01T00:00:00.000Z,0.0,0.0,0.0,0.0,1.0,0.0,0,1970-01-01T00:00:00.000Z,0,0,yes,0.0,False,66ff8d975fd9b4586d603404,0,0
66ff8d975fd9b4586d603405,nHo039.08,8.0,Adani ,NBPDCL,0,Subs Itr rel,DLMS Order,3P4W HTCT 63.5V 5-10A,NORTEM,SMART,SR,bug fixed,2024-03-25T00:00:00.000Z,2024-05-02T00:00:00.000Z,2024-05-02T00:00:00.000Z,2024-05-02T00:00:00.000Z,1970-01-01T00:00:00.000Z,0.0,0.0,1.0,0.0,1.0,0.5,0,1970-01-01T00:00:00.000Z,0,0,0,0.0,False,66ff8d975fd9b4586d603405,0,0
66ff8d975fd9b4586d603406,CAO02000,2.0,Intellismart,MGVCL,RF(cyan),Withdrawn,DLMS Order, 3P4W LTWC Cl 1.0 10-100A,CHRONAS,SMART,0,New firmware,2024-05-02T00:00:00.000Z,2024-05-02T00:00:00.000Z,1970-01-01T00:00:00.000Z,1970-01-01T00:00:00.000Z,1970-01-01T00:00:00.000Z,0.0,0.0,0.0,0.0,1.0,0.0,0,1970-01-01T00:00:00.000Z,0,0,yes,0.0,False,66ff8d975fd9b4586d603406,0,0
66ff8d975fd9b4586d603407,RH57.00,0.0,NCC,NBPDCL,Quectel,Released,DLMS Order,"1Ph 10-60A , Cl.1.0",CYGNUS,SMART,DK,RH37.02 modified  for  Quectel module ,2024-05-02T00:00:00.000Z,2024-05-02T00:00:00.000Z,2024-05-30T00:00:00.000Z,2024-06-03T00:00:00.000Z,2024-06-05T00:00:00.000Z,2.0,2.0,29.0,18.0,5.0,3.0,109123,2024-06-06T00:00:00.000Z,BCP,0,0,0.0,False,66ff8d975fd9b4586d603407,0,0
66ff8d975fd9b4586d603408,CBO018.00,4.0,Adani,NBPDCL ,0,Subs Itr rel,DLMS Order, 3P4W LTWC Cl 1.0 10-60A,CHRONAS,SMART,SS,New firmware,2024-03-15T00:00:00.000Z,2024-05-03T00:00:00.000Z,2024-05-06T00:00:00.000Z,2024-05-10T00:00:00.000Z,1970-01-01T00:00:00.000Z,0.0,0.0,4.0,2.0,5.0,5.0,0,1970-01-01T00:00:00.000Z,0,0,yes,0.0,False,66ff8d975fd9b4586d603408,0,0
66ff8d975fd9b4586d603409,nLo037.05,5.0,Adani,NBPDCL ,0,Released,DLMS Order,3P4W LTCT 240V 5-10A,NORTEM,SMART,SS,bug fixed,2024-02-26T00:00:00.000Z,2024-05-03T00:00:00.000Z,2024-05-03T00:00:00.000Z,2024-05-03T00:00:00.000Z,1970-01-01T00:00:00.000Z,0.0,0.0,1.0,0.0,1.0,1.0,QER 109076,2024-05-09T00:00:00.000Z,BHR,0,0,0.0,False,66ff8d975fd9b4586d603409,0,0
66ff8d975fd9b4586d60340a,nHo039.09,9.0,Adani ,NBPDCL,0,Subs Itr rel,DLMS Order,3P4W HTCT 63.5V 5-10A,NORTEM,SMART,DK,bug fixed,2024-03-25T00:00:00.000Z,2024-05-03T00:00:00.000Z,2024-05-03T00:00:00.000Z,2024-05-03T00:00:00.000Z,1970-01-01T00:00:00.000Z,0.0,0.0,1.0,0.0,1.0,1.0,0,1970-01-01T00:00:00.000Z,VK,0,0,0.0,False,66ff8d975fd9b4586d60340a,0,0
66ff8d975fd9b4586d60340b,RH48.00,2.0,Adani,MSEDCL,Quectel,Subs Itr rel,DLMS Order,"1PH 10-60A,  Cl.1.0",CYGNUS,SMART,SR,bug fixed and  Quectel Module,2024-03-26T00:00:00.000Z,2024-05-03T00:00:00.000Z,2024-05-06T00:00:00.000Z,2024-05-07T00:00:00.000Z,2024-05-09T00:00:00.000Z,2.0,2.0,4.0,2.0,2.0,2.0,0,1970-01-01T00:00:00.000Z,BHR,0,0,0.0,False,66ff8d975fd9b4586d60340b,0,0
66ff8d975fd9b4586d60340c,RH14.01,1.0,APDCL,Purbanchal ,0,Subs Itr rel,DLMS Order,"1Ph 10-60A , Cl.1.0",CYGNUS,SMART,AM,CR changes,2024-04-19T00:00:00.000Z,2024-05-03T00:00:00.000Z,2024-05-07T00:00:00.000Z,2024-05-08T00:00:00.000Z,1970-01-01T00:00:00.000Z,0.0,0.0,5.0,3.0,2.0,2.0,0,1970-01-01T00:00:00.000Z,0,0,0,0.0,False,66ff8d975fd9b4586d60340c,0,0
66ff8d975fd9b4586d60340d,RH51.00,1.0,Intellismart,MGVCL,0,Stopped,DLMS Order,"1Ph 5-30A , Cl.1.0",CYGNUS,SMART,BHR,CR changes,2024-03-28T00:00:00.000Z,2024-05-06T00:00:00.000Z,2024-05-08T00:00:00.000Z,2024-05-10T00:00:00.000Z,1970-01-01T00:00:00.000Z,0.0,0.0,3.0,1.0,3.0,0.0,0,1970-01-01T00:00:00.000Z,0,0,0,0.0,False,66ff8d975fd9b4586d60340d,0,0
66ff8d975fd9b4586d60340e,nLo030.12,12.0,Techno,MPPKVVCL Indore ,(w/o DI),Subs Itr rel,DLMS Order,"3P4W LTCT 240V 5-10A,",NORTEM,SMART,BCP,Meter constant corrected and bug fixed,2024-01-04T00:00:00.000Z,2024-05-06T00:00:00.000Z,2024-05-20T00:00:00.000Z,2024-05-20T00:00:00.000Z,1970-01-01T00:00:00.000Z,0.0,0.0,15.0,8.0,1.0,1.0,0,1970-01-01T00:00:00.000Z,0,YES,0,0.0,False,66ff8d975fd9b4586d60340e,0,0
66ff8d975fd9b4586d60340f,nLo031.12,12.0,Techno,MPPKVVCL Indore ,DI,Released,DLMS Order,"3P4W LTCT 240V 5-10A,",NORTEM,SMART,DK,Meter constant corrected and bug fixed,2024-01-04T00:00:00.000Z,2024-05-06T00:00:00.000Z,2024-05-07T00:00:00.000Z,2024-05-07T00:00:00.000Z,1970-01-01T00:00:00.000Z,0.0,0.0,2.0,1.0,1.0,1.0,109092,2024-05-17T00:00:00.000Z,SR,0,0,0.0,False,66ff8d975fd9b4586d60340f,0,0
66ff8d975fd9b4586d603410,RH44.00,0.0,Intellismart,PVVNL,4GQuectel,Subs Itr rel,DLMS Order,"1Ph 4G 10-60A , Cl.1.0",CYGNUS,SMART,DK,Bug fixed of RH23.00 REL05 and  modified to use Quectel module ,2024-05-07T00:00:00.000Z,2024-05-07T00:00:00.000Z,2024-05-17T00:00:00.000Z,2024-05-21T00:00:00.000Z,1970-01-01T00:00:00.000Z,0.0,0.0,11.0,6.0,5.0,3.0,0,1970-01-01T00:00:00.000Z,SS,0,0,0.0,False,66ff8d975fd9b4586d603410,0,0
66ff8d975fd9b4586d603411,nHo051.03,3.0,Adani ,APDCL,0,Subs Itr rel,DLMS Order,3P4W HTCT 63.5V 5-10A,NORTEM,SMART,San,bug fixed,2024-04-25T00:00:00.000Z,2024-05-07T00:00:00.000Z,2024-05-07T00:00:00.000Z,2024-05-09T00:00:00.000Z,1970-01-01T00:00:00.000Z,0.0,0.0,1.0,0.0,3.0,3.0,0,1970-01-01T00:00:00.000Z,0,0,0,0.0,False,66ff8d975fd9b4586d603411,0,0
66ff8d975fd9b4586d603412,nLo056.00,0.0,Adani,EEPL,0,Subs Itr rel,DLMS Order,3P4W LTCT 240V 5-10A,NORTEM,SMART,DK,nLo027.12 FW modified for Cr changes and bug fixing,2024-05-07T00:00:00.000Z,2024-05-07T00:00:00.000Z,2024-05-08T00:00:00.000Z,2024-05-08T00:00:00.000Z,2024-05-10T00:00:00.000Z,2.0,2.0,2.0,1.0,1.0,1.0,0,1970-01-01T00:00:00.000Z,BCP,0,0,0.0,False,66ff8d975fd9b4586d603412,0,0
66ff8d975fd9b4586d603413,nLo036.02,2.0,NCC, NBPDCL ,0,Subs Itr rel,DLMS Order,3P4W LTCT 240V 5-10A,NORTEM,SMART,AVM,bug fixed,2024-02-26T00:00:00.000Z,2024-05-07T00:00:00.000Z,2024-05-08T00:00:00.000Z,2024-05-10T00:00:00.000Z,1970-01-01T00:00:00.000Z,0.0,0.0,2.0,1.0,3.0,3.0,0,1970-01-01T00:00:00.000Z,0,0,0,0.0,False,66ff8d975fd9b4586d603413,0,0
66ff8d975fd9b4586d603414,nLo035.03,3.0,Adani,MSEDCL,0,Subs Itr rel,DLMS Order,"3P4W LTCT 240V 5-10A,",NORTEM,SMART,VK,bug fixed,2024-04-17T00:00:00.000Z,2024-05-08T00:00:00.000Z,2024-05-10T00:00:00.000Z,2024-05-13T00:00:00.000Z,1970-01-01T00:00:00.000Z,0.0,0.0,3.0,1.0,4.0,2.0,0,1970-01-01T00:00:00.000Z,0,0,0,0.0,False,66ff8d975fd9b4586d603414,0,0
66ff8d975fd9b4586d603415,CAO01900,3.0,Intellismart,MGVCL,4G,Withdrawn,DLMS Order, 3P4W LTWC Cl 1.0 10-100A,CHRONAS,SMART,0,New firmware,2024-05-02T00:00:00.000Z,2024-05-08T00:00:00.000Z,1970-01-01T00:00:00.000Z,1970-01-01T00:00:00.000Z,1970-01-01T00:00:00.000Z,0.0,0.0,0.0,0.0,1.0,0.0,0,1970-01-01T00:00:00.000Z,0,0,yes,0.0,False,66ff8d975fd9b4586d603415,0,0
66ff8d975fd9b4586d603416,CAO02000,3.0,Intellismart,MGVCL,RF(cyan),Withdrawn,DLMS Order, 3P4W LTWC Cl 1.0 10-100A,CHRONAS,SMART,0,New firmware,2024-05-02T00:00:00.000Z,2024-05-08T00:00:00.000Z,1970-01-01T00:00:00.000Z,1970-01-01T00:00:00.000Z,1970-01-01T00:00:00.000Z,0.0,0.0,0.0,0.0,1.0,0.0,0,1970-01-01T00:00:00.000Z,0,0,yes,0.0,False,66ff8d975fd9b4586d603416,0,0
66ff8d975fd9b4586d603417,nHo039.10,10.0,Adani ,NBPDCL,0,Released,DLMS Order,3P4W HTCT 63.5V 5-10A,NORTEM,SMART,DK,bug fixed(code compare),2024-03-25T00:00:00.000Z,2024-05-09T00:00:00.000Z,2024-05-09T00:00:00.000Z,2024-05-09T00:00:00.000Z,1970-01-01T00:00:00.000Z,0.0,0.0,1.0,0.0,1.0,0.5,QER-109069,2024-05-10T00:00:00.000Z,0,yes,0,0.0,False,66ff8d975fd9b4586d603417,0,0
66ff8d975fd9b4586d603418,nHo051.04,4.0,Adani ,APDCL,0,Released,DLMS Order,3P4W HTCT 63.5V 5-10A,NORTEM,SMART,BHR,bug fixed,2024-04-25T00:00:00.000Z,2024-05-09T00:00:00.000Z,2024-05-13T00:00:00.000Z,2024-05-13T00:00:00.000Z,2024-05-14T00:00:00.000Z,1.0,1.0,5.0,2.0,1.0,1.0,QER-109087(1),2024-05-16T00:00:00.000Z,SS,0,0,0.0,False,66ff8d975fd9b4586d603418,0,0
66ff8d975fd9b4586d603419,nHo038.02,2.0,NCC,NBPDCL,0,Exp Next Itr,DLMS Order,3P4W HTCT 63.5V 5-10A,NORTEM,SMART,AM,New firmware,2024-03-05T00:00:00.000Z,2024-05-09T00:00:00.000Z,2024-06-13T00:00:00.000Z,2024-06-14T00:00:00.000Z,2024-06-17T00:00:00.000Z,3.0,1.0,36.0,22.0,2.0,2.0,0,1970-01-01T00:00:00.000Z,SAN,0,yes,0.0,False,66ff8d975fd9b4586d603419,0,0
66ff8d975fd9b4586d60341a,RH43.00,4.0,GMR,DVVNL,0,Released,DLMS Order,"1PH 10-60A,  Cl.1.0",CYGNUS,SMART,DK,CR changes for push(itr kept same as previous),2024-03-15T00:00:00.000Z,2024-05-09T00:00:00.000Z,2024-05-10T00:00:00.000Z,2024-05-10T00:00:00.000Z,1970-01-01T00:00:00.000Z,0.0,0.0,2.0,1.0,1.0,1.0,108735,2024-05-16T00:00:00.000Z,0,0,0,0.0,False,66ff8d975fd9b4586d60341a,0,0
66ff8d975fd9b4586d60341b,nHo055.00,0.0,Iskraemeco ,UGVCL,0,Exp Next Itr,DLMS Order,3P4W HTCT 63.5V 5-10A,NORTEM,SMART,AM/AVM,New firmware,2024-05-10T00:00:00.000Z,2024-05-10T00:00:00.000Z,2024-05-16T00:00:00.000Z,2024-05-21T00:00:00.000Z,1970-01-01T00:00:00.000Z,0.0,0.0,7.0,5.0,6.0,4.0,0,1970-01-01T00:00:00.000Z,SAN,0,yes,0.0,False,66ff8d975fd9b4586d60341b,0,0
66ff8d975fd9b4586d60341c,CBO022.00,0.0,Intellismart,SBPDCL,0,Withdrawn,DLMS Order, 3P4W LTWC Cl 1.0 10-60A,CHRONAS,SMART,0,New firmware,2024-05-10T00:00:00.000Z,2024-05-10T00:00:00.000Z,1970-01-01T00:00:00.000Z,1970-01-01T00:00:00.000Z,1970-01-01T00:00:00.000Z,0.0,0.0,0.0,0.0,1.0,0.0,0,1970-01-01T00:00:00.000Z,0,0,yes,0.0,False,66ff8d975fd9b4586d60341c,0,0
66ff8d975fd9b4586d60341d,CBO021.00,3.0,Intellismart,MGVCL,4G,Released,DLMS Order, 3P4W LTWC Cl 1.0 10-60A,CHRONAS,SMART,AM,RTC deviation bug fixed(code compare),2024-03-19T00:00:00.000Z,2024-05-10T00:00:00.000Z,2024-05-10T00:00:00.000Z,2024-05-10T00:00:00.000Z,1970-01-01T00:00:00.000Z,0.0,0.0,1.0,0.0,1.0,0.5,109089,2024-05-16T00:00:00.000Z,0,yes,0,0.0,False,66ff8d975fd9b4586d60341d,0,0
66ff8d975fd9b4586d60341e,RH14.02,2.0,APDCL,Purbanchal ,0,Released,DLMS Order,"1Ph 10-60A , Cl.1.0",CYGNUS,SMART,AM,Bug fixed,2024-04-19T00:00:00.000Z,2024-05-10T00:00:00.000Z,2024-05-10T00:00:00.000Z,2024-05-13T00:00:00.000Z,2024-05-14T00:00:00.000Z,1.0,1.0,1.0,0.0,4.0,2.0,108992(1),2024-05-17T00:00:00.000Z,DK,0,0,0.0,False,66ff8d975fd9b4586d60341e,0,0
66ff8d975fd9b4586d60341f,CBO023.00,0.0,Adani,UPCL ,4G,Subs Itr rel,DLMS Order, 3P4W LTWC Cl 1.0 10-60A,CHRONAS,SMART,AVM,New firmware,2024-05-10T00:00:00.000Z,2024-05-10T00:00:00.000Z,2024-05-13T00:00:00.000Z,2024-05-15T00:00:00.000Z,2024-05-16T00:00:00.000Z,1.0,1.0,4.0,1.0,3.0,3.0,0,1970-01-01T00:00:00.000Z,0,0,yes,0.0,False,66ff8d975fd9b4586d60341f,0,0
66ff8d975fd9b4586d603420,CBO014.01,2.0,Techno,MPPKVVCL Indore ,0,Subs Itr rel,DLMS Order, 3P4W LTWC Cl 1.0 10-60A,CHRONAS,SMART,DK,bug fixed,2024-02-06T00:00:00.000Z,2024-05-10T00:00:00.000Z,2024-05-13T00:00:00.000Z,2024-05-13T00:00:00.000Z,1970-01-01T00:00:00.000Z,0.0,0.0,4.0,1.0,1.0,1.0,0,1970-01-01T00:00:00.000Z,0,0,0,0.0,False,66ff8d975fd9b4586d603420,0,0
66ff8d975fd9b4586d603421,CAO013.01,2.0,Techno,MPPKVVCL Indore,0,Subs Itr rel,DLMS Order, 3P4W LTWC Cl 1.0 10-100A,CHRONAS,SMART,SS,bug fixed,2024-02-19T00:00:00.000Z,2024-05-10T00:00:00.000Z,2024-05-13T00:00:00.000Z,2024-05-16T00:00:00.000Z,1970-01-01T00:00:00.000Z,0.0,0.0,4.0,1.0,4.0,4.0,0,1970-01-01T00:00:00.000Z,0,0,0,0.0,False,66ff8d975fd9b4586d603421,0,0
66ff8d975fd9b4586d603422,RH60.00,0.0,Intellismart,SBPDCL,Quectel,Released,DLMS Order,"1Ph 10-60A , Cl.1.0",CYGNUS,SMART,ABK,RH20.00 Rel: 02 modification for Quectel EC200U module ,2024-05-10T00:00:00.000Z,2024-05-10T00:00:00.000Z,2024-05-22T00:00:00.000Z,2024-05-30T00:00:00.000Z,2024-06-03T00:00:00.000Z,4.0,2.0,13.0,8.0,9.0,6.0,QER -109125,2024-06-07T00:00:00.000Z,AVM,0,0,0.0,False,66ff8d975fd9b4586d603422,0,0
66ff8d975fd9b4586d603423,RH48.00,3.0,Adani,MSEDCL,0,Released,DLMS Order,"1PH 10-60A,  Cl.1.0",CYGNUS,SMART,SR,bug fixed,2024-03-26T00:00:00.000Z,2024-05-13T00:00:00.000Z,2024-05-14T00:00:00.000Z,2024-05-14T00:00:00.000Z,1970-01-01T00:00:00.000Z,0.0,0.0,2.0,0.0,1.0,1.0,QER-109084,2024-05-15T00:00:00.000Z,0,yes,0,0.0,False,66ff8d975fd9b4586d603423,0,0
66ff8d975fd9b4586d603424,nLo036.03,3.0,NCC, NBPDCL ,0,Released,DLMS Order,3P4W LTCT 240V 5-10A,NORTEM,SMART,DK,bug fixed,2024-02-26T00:00:00.000Z,2024-05-13T00:00:00.000Z,2024-05-13T00:00:00.000Z,2024-05-14T00:00:00.000Z,1970-01-01T00:00:00.000Z,0.0,0.0,1.0,0.0,2.0,2.0,109088,2024-05-16T00:00:00.000Z,BCP,0,0,0.0,False,66ff8d975fd9b4586d603424,0,0
66ff8d975fd9b4586d603425,RH58.00,0.0,Adani,UPCL ,Quectel,Subs Itr rel,DLMS Order,"1PH 10-60A,  Cl.1.0",CYGNUS,SMART,BHR,New firmware,2024-05-13T00:00:00.000Z,2024-05-13T00:00:00.000Z,2024-05-14T00:00:00.000Z,2024-05-16T00:00:00.000Z,2024-05-21T00:00:00.000Z,5.0,2.0,2.0,1.0,3.0,3.0,0,1970-01-01T00:00:00.000Z,SAN,0,yes,0.0,False,66ff8d975fd9b4586d603425,0,0
66ff8d975fd9b4586d603426,RH06.02,0.0,JKPDD ,JKPDD ,0,Subs Itr rel,DLMS Order,"1PH 10-60A,  Cl.1.0",CYGNUS,SMART,BCP,field issue corrected,2024-05-13T00:00:00.000Z,2024-05-13T00:00:00.000Z,2024-05-21T00:00:00.000Z,2024-05-22T00:00:00.000Z,1970-01-01T00:00:00.000Z,0.0,0.0,9.0,6.0,2.0,2.0,0,1970-01-01T00:00:00.000Z,0,0,0,0.0,False,66ff8d975fd9b4586d603426,0,0
66ff8d975fd9b4586d603427,CBO015.00 ,3.0,Adani,MSEDCL,0,Subs Itr rel,DLMS Order, 3P4W LTWC Cl 1.0 10-100A,CHRONAS,SMART,VK,bug fixed,2024-02-26T00:00:00.000Z,2024-05-13T00:00:00.000Z,2024-05-14T00:00:00.000Z,2024-05-16T00:00:00.000Z,1970-01-01T00:00:00.000Z,0.0,0.0,2.0,0.0,3.0,3.0,0,1970-01-01T00:00:00.000Z,0,0,0,0.0,False,66ff8d975fd9b4586d603427,0,0
66ff8d975fd9b4586d603428,nLo033.02,2.0,Adani,UPCL ,4G+DI,Subs Itr rel,DLMS Order,"3P4W LTCT 240V 5-10A,",NORTEM,SMART,SR,bug fixed,2024-04-05T00:00:00.000Z,2024-05-14T00:00:00.000Z,2024-05-15T00:00:00.000Z,2024-05-16T00:00:00.000Z,1970-01-01T00:00:00.000Z,0.0,0.0,2.0,1.0,2.0,2.0,0,1970-01-01T00:00:00.000Z,0,0,0,0.0,False,66ff8d975fd9b4586d603428,0,0
66ff8d975fd9b4586d603429,nLo034.02,2.0,Adani,UPCL ,0,Withdrawn,DLMS Order,"3P4W LTCT 240V 5-10A,",NORTEM,SMART,0,New firmware,2024-04-05T00:00:00.000Z,2024-05-14T00:00:00.000Z,1970-01-01T00:00:00.000Z,1970-01-01T00:00:00.000Z,1970-01-01T00:00:00.000Z,0.0,0.0,0.0,0.0,1.0,0.0,0,1970-01-01T00:00:00.000Z,0,0,yes,0.0,False,66ff8d975fd9b4586d603429,0,0
66ff8d975fd9b4586d60342a,HHo004.03,3.0,Adani,MSEDCL,0,Subs Itr rel,DLMS Order, 3P4W HTCT Cl 0.5 5-10A,NORTEM,SMART,BCP,bug fixed,2024-04-15T00:00:00.000Z,2024-05-14T00:00:00.000Z,2024-05-15T00:00:00.000Z,2024-05-16T00:00:00.000Z,2024-05-27T00:00:00.000Z,11.0,0.0,2.0,1.0,2.0,2.0,0,1970-01-01T00:00:00.000Z,SR,0,0,0.0,False,66ff8d975fd9b4586d60342a,0,0
66ff8d975fd9b4586d60342b,CAO01700,3.0,GMR,DVVNL,0,Subs Itr rel,DLMS Order, 3P4W LTWC Cl 1.0 10-100A,CHRONAS,SMART,VN,bug fixed,2024-04-08T00:00:00.000Z,2024-05-14T00:00:00.000Z,2024-05-15T00:00:00.000Z,2024-05-16T00:00:00.000Z,1970-01-01T00:00:00.000Z,0.0,0.0,2.0,1.0,2.0,2.0,0,1970-01-01T00:00:00.000Z,0,0,0,0.0,False,66ff8d975fd9b4586d60342b,0,0
66ff8d975fd9b4586d60342c,nLo035.04,4.0,Adani,MSEDCL,0,Subs Itr rel,DLMS Order,"3P4W LTCT 240V 5-10A,",NORTEM,SMART,DK,bug fixed,2024-04-17T00:00:00.000Z,2024-05-15T00:00:00.000Z,2024-05-15T00:00:00.000Z,2024-05-16T00:00:00.000Z,1970-01-01T00:00:00.000Z,0.0,0.0,1.0,0.0,2.0,2.0,0,1970-01-01T00:00:00.000Z,AVM,0,0,0.0,False,66ff8d975fd9b4586d60342c,0,0
66ff8d975fd9b4586d60342d,CBO018.00,5.0,Adani,NBPDCL ,0,Subs Itr rel,DLMS Order, 3P4W LTWC Cl 1.0 10-60A,CHRONAS,SMART,AVM,bug fixed,2024-03-15T00:00:00.000Z,2024-05-15T00:00:00.000Z,2024-05-16T00:00:00.000Z,2024-05-17T00:00:00.000Z,1970-01-01T00:00:00.000Z,0.0,0.0,2.0,1.0,2.0,2.0,0,1970-01-01T00:00:00.000Z,0,0,0,0.0,False,66ff8d975fd9b4586d60342d,0,0
66ff8d975fd9b4586d60342e,RH29.01,0.0,BCITS,Indore,0,Released,DLMS Order,"1Ph 10-60A , Cl.1.0",CYGNUS,SMART,BCP,CR changes,2024-03-15T00:00:00.000Z,2024-05-15T00:00:00.000Z,2024-05-16T00:00:00.000Z,2024-05-16T00:00:00.000Z,1970-01-01T00:00:00.000Z,0.0,0.0,2.0,1.0,1.0,1.0,QER-108994(1),2024-05-20T00:00:00.000Z,AVM,0,0,0.0,False,66ff8d975fd9b4586d60342e,0,0
66ff8d975fd9b4586d60342f,RH51.00,2.0,Intellismart,MGVCL,0,Released,DLMS Order,"1Ph 5-30A , Cl.1.0",CYGNUS,SMART,San,CR changes,2024-03-28T00:00:00.000Z,2024-05-15T00:00:00.000Z,2024-05-16T00:00:00.000Z,2024-05-17T00:00:00.000Z,1970-01-01T00:00:00.000Z,0.0,0.0,2.0,1.0,2.0,2.0,QER-109093,2024-05-20T00:00:00.000Z,SR,0,0,0.0,False,66ff8d975fd9b4586d60342f,0,0
66ff8d975fd9b4586d603430,nLo041.06,6.0,Iskraemeco ,UGVCL,(consumer with DI without 200/5 ratio),Subs Itr rel,DLMS Order,3P4W LTCT 240V 5-10A,NORTEM,SMART,SS,bug fixed,2024-03-19T00:00:00.000Z,2024-05-15T00:00:00.000Z,2024-05-16T00:00:00.000Z,2024-05-22T00:00:00.000Z,1970-01-01T00:00:00.000Z,0.0,0.0,2.0,1.0,7.0,5.0,0,1970-01-01T00:00:00.000Z,0,0,0,0.0,False,66ff8d975fd9b4586d603430,0,0
66ff8d975fd9b4586d603431,CBO023.00,2.0,Adani,UPCL ,4G,Subs Itr rel,DLMS Order, 3P4W LTWC Cl 1.0 10-60A,CHRONAS,SMART,BHR,bug fixed,2024-05-10T00:00:00.000Z,2024-05-16T00:00:00.000Z,2024-05-17T00:00:00.000Z,2024-05-20T00:00:00.000Z,1970-01-01T00:00:00.000Z,0.0,0.0,2.0,1.0,4.0,2.0,0,1970-01-01T00:00:00.000Z,0,0,0,0.0,False,66ff8d975fd9b4586d603431,0,0
66ff8d975fd9b4586d603432,nLo033.03,3.0,Adani,UPCL ,4G+DI,Subs Itr rel,DLMS Order,"3P4W LTCT 240V 5-10A,",NORTEM,SMART,SR,bug fixed,2024-04-05T00:00:00.000Z,2024-05-16T00:00:00.000Z,2024-05-17T00:00:00.000Z,2024-05-20T00:00:00.000Z,1970-01-01T00:00:00.000Z,0.0,0.0,2.0,0.0,4.0,2.0,0,1970-01-01T00:00:00.000Z,SAN,0,0,0.0,False,66ff8d975fd9b4586d603432,0,0
66ff8d975fd9b4586d603433,nLo034.03,3.0,Adani,UPCL ,0,Stopped,DLMS Order,"3P4W LTCT 240V 5-10A,",NORTEM,SMART,San,New firmware,2024-04-05T00:00:00.000Z,2024-05-16T00:00:00.000Z,2024-05-20T00:00:00.000Z,1970-01-01T00:00:00.000Z,1970-01-01T00:00:00.000Z,0.0,0.0,5.0,2.0,0.0,0.0,0,1970-01-01T00:00:00.000Z,0,0,yes,0.0,False,66ff8d975fd9b4586d603433,0,0
66ff8d975fd9b4586d603434,RH59.00,1.0,Intellismart,APDCL,0,Subs Itr rel,DLMS Order,"1Ph 5-30A , Cl.1.0",CYGNUS,SMART,San,New firmware,2024-05-16T00:00:00.000Z,2024-05-16T00:00:00.000Z,2024-05-30T00:00:00.000Z,2024-06-04T00:00:00.000Z,2024-06-05T00:00:00.000Z,1.0,1.0,15.0,8.0,6.0,4.0,0,1970-01-01T00:00:00.000Z,SR,0,yes,0.0,False,66ff8d975fd9b4586d603434,0,0
66ff8d975fd9b4586d603435,CAO01700,3.0,GMR,DVVNL,0,Subs Itr rel,DLMS Order, 3P4W LTWC Cl 1.0 10-100A,CHRONAS,SMART,VK,bug fixed,2024-04-08T00:00:00.000Z,2024-05-17T00:00:00.000Z,2024-05-17T00:00:00.000Z,2024-05-17T00:00:00.000Z,1970-01-01T00:00:00.000Z,0.0,0.0,1.0,0.0,1.0,1.0,0,1970-01-01T00:00:00.000Z,0,0,0,0.0,False,66ff8d975fd9b4586d603435,0,0
66ff8d975fd9b4586d603436,nLo056.01,1.0,Adani,EEPL,0,Released,DLMS Order,3P4W LTCT 240V 5-10A,NORTEM,SMART,VN,CR change(MD IP),2024-05-07T00:00:00.000Z,2024-05-17T00:00:00.000Z,2024-05-20T00:00:00.000Z,2024-05-21T00:00:00.000Z,1970-01-01T00:00:00.000Z,0.0,0.0,4.0,2.0,2.0,2.0,QER-109095,2024-05-21T00:00:00.000Z,DK,0,0,0.0,False,66ff8d975fd9b4586d603436,0,0
66ff8d975fd9b4586d603437,CBO017.00,2.0,Adani,APDCL,0,Subs Itr rel,DLMS Order, 3P4W LTWC Cl 1.0 10-60A,CHRONAS,SMART,SR,bug fixed,2024-03-12T00:00:00.000Z,2024-05-17T00:00:00.000Z,2024-05-20T00:00:00.000Z,2024-05-20T00:00:00.000Z,1970-01-01T00:00:00.000Z,0.0,0.0,4.0,2.0,1.0,1.0,0,1970-01-01T00:00:00.000Z,SS,0,0,0.0,False,66ff8d975fd9b4586d603437,0,0
66ff8d975fd9b4586d603438,CBO021.01,0.0,Intellismart,MGVCL,4G,Subs Itr rel,DLMS Order, 3P4W LTWC Cl 1.0 10-60A,CHRONAS,SMART,VN,modification for Quectel EC200U module ,2024-05-17T00:00:00.000Z,2024-05-17T00:00:00.000Z,2024-05-20T00:00:00.000Z,2024-05-20T00:00:00.000Z,1970-01-01T00:00:00.000Z,0.0,0.0,4.0,2.0,1.0,1.0,0,1970-01-01T00:00:00.000Z,0,0,0,0.0,False,66ff8d975fd9b4586d603438,0,0
66ff8d975fd9b4586d603439,nLo035.05,5.0,Adani,MSEDCL,0,Released,DLMS Order,"3P4W LTCT 240V 5-10A,",NORTEM,SMART,VK,bug fixed,2024-04-17T00:00:00.000Z,2024-05-17T00:00:00.000Z,2024-05-20T00:00:00.000Z,2024-05-20T00:00:00.000Z,1970-01-01T00:00:00.000Z,0.0,0.0,4.0,2.0,1.0,1.0,QER-109096,2024-05-22T00:00:00.000Z,SAN,0,0,0.0,False,66ff8d975fd9b4586d603439,0,0
66ff8d975fd9b4586d60343a,CBO015.00 ,5.0,Adani,MSEDCL,0,Subs Itr rel,DLMS Order, 3P4W LTWC Cl 1.0 10-100A,CHRONAS,SMART,ABK,bug fixed,2024-02-26T00:00:00.000Z,2024-05-20T00:00:00.000Z,2024-05-20T00:00:00.000Z,2024-05-20T00:00:00.000Z,1970-01-01T00:00:00.000Z,0.0,0.0,1.0,0.0,1.0,3.0,0,1970-01-01T00:00:00.000Z,AVM,0,0,0.0,False,66ff8d975fd9b4586d60343a,0,0
66ff8d975fd9b4586d60343b,NHO051.05,5.0,Adani ,APDCL,0,Released,DLMS Order,3P4W HTCT 63.5V 5-10A,NORTEM,SMART,VK,Conversion from D4 to D3,2024-05-20T00:00:00.000Z,2024-05-20T00:00:00.000Z,2024-05-21T00:00:00.000Z,2024-05-22T00:00:00.000Z,1970-01-01T00:00:00.000Z,0.0,0.0,2.0,2.0,2.0,2.0,QER-109087(2),2024-05-24T00:00:00.000Z,AVM,0,0,0.0,False,66ff8d975fd9b4586d60343b,0,0
66ff8d975fd9b4586d60343c,RH50.01,0.0,Techno,MPPKVVCL Indore,0,Released,DLMS Order,"1Ph 10-60A , Cl.1.0",CYGNUS,SMART,AM,Field issue corrected,2024-05-20T00:00:00.000Z,2024-05-20T00:00:00.000Z,2024-05-21T00:00:00.000Z,2024-05-21T00:00:00.000Z,2024-05-23T00:00:00.000Z,2.0,1.0,2.0,1.0,1.0,1.0,QER-109053(1),2024-05-24T00:00:00.000Z,DK,0,0,0.0,False,66ff8d975fd9b4586d60343c,0,0
66ff8d975fd9b4586d60343d,CBO014.01,2.0,Techno,MPPKVVCL Indore ,0,Withdrawn,DLMS Order, 3P4W LTWC Cl 1.0 10-60A,CHRONAS,SMART,AM,bug fixed,2024-02-06T00:00:00.000Z,2024-05-20T00:00:00.000Z,2024-05-21T00:00:00.000Z,1970-01-01T00:00:00.000Z,1970-01-01T00:00:00.000Z,0.0,0.0,2.0,1.0,0.0,0.0,0,1970-01-01T00:00:00.000Z,0,0,0,0.0,False,66ff8d975fd9b4586d60343d,0,0
66ff8d975fd9b4586d60343e,CAO013.01,3.0,Techno,MPPKVVCL Indore,0,Withdrawn,DLMS Order, 3P4W LTWC Cl 1.0 10-100A,CHRONAS,SMART,VN,bug fixed,2024-02-19T00:00:00.000Z,2024-05-20T00:00:00.000Z,2024-05-21T00:00:00.000Z,1970-01-01T00:00:00.000Z,1970-01-01T00:00:00.000Z,0.0,0.0,2.0,1.0,0.0,0.0,0,1970-01-01T00:00:00.000Z,0,0,0,0.0,False,66ff8d975fd9b4586d60343e,0,0
66ff8d975fd9b4586d60343f,CBO018.00,5.0,Adani,NBPDCL ,0,Withdrawn,DLMS Order, 3P4W LTWC Cl 1.0 10-60A,CHRONAS,SMART,0,bug fixed,2024-03-15T00:00:00.000Z,2024-05-20T00:00:00.000Z,2024-05-21T00:00:00.000Z,1970-01-01T00:00:00.000Z,1970-01-01T00:00:00.000Z,0.0,0.0,2.0,1.0,0.0,0.0,0,1970-01-01T00:00:00.000Z,0,yes,0,0.0,False,66ff8d975fd9b4586d60343f,0,0
66ff8d975fd9b4586d603440,RH35.00,2.0,Adani,EEPL,0,Released,DLMS Order,"1Ph 10-60A , Cl.1.0",CYGNUS,SMART,VN,bug fixed,2024-02-19T00:00:00.000Z,2024-05-21T00:00:00.000Z,2024-05-23T00:00:00.000Z,2024-05-24T00:00:00.000Z,1970-01-01T00:00:00.000Z,0.0,0.0,3.0,2.0,2.0,2.0,QER-109101(1),2024-05-27T00:00:00.000Z,0,0,0,0.0,False,66ff8d975fd9b4586d603440,0,0
66ff8d975fd9b4586d603441,RH61.00,0.0,GMR,PuVVNL,0,Released,DLMS Order,"1PH 10-60A,  Cl.1.0",CYGNUS,SMART,VN,RH43.00 FW modified ,2024-05-21T00:00:00.000Z,2024-05-21T00:00:00.000Z,2024-05-22T00:00:00.000Z,2024-05-22T00:00:00.000Z,1970-01-01T00:00:00.000Z,0.0,0.0,2.0,1.0,1.0,1.0,QER-109100,2024-05-22T00:00:00.000Z,AM,0,0,0.0,False,66ff8d975fd9b4586d603441,0,0
66ff8d975fd9b4586d603442,5HD2N.70,3.0,TANGEDCO,TANGEDCO,0,Released,DLMS Order,3P4W 63.5V 1-2A Cl 0.2Cl ,N2AVE,TVM HT 0.2,DK,CR changes,2024-03-13T00:00:00.000Z,2024-05-21T00:00:00.000Z,2024-05-22T00:00:00.000Z,2024-05-24T00:00:00.000Z,2024-05-27T00:00:00.000Z,3.0,2.0,2.0,1.0,3.0,2.0,QER-109108,2024-05-27T00:00:00.000Z,AVM,0,0,0.0,False,66ff8d975fd9b4586d603442,0,0
66ff8d975fd9b4586d603443,nLo034.04,4.0,Adani,UPCL ,0,Released,DLMS Order,"3P4W LTCT 240V 5-10A,",NORTEM,SMART,San,Bug fixed,2024-04-05T00:00:00.000Z,2024-05-21T00:00:00.000Z,2024-05-21T00:00:00.000Z,2024-05-22T00:00:00.000Z,1970-01-01T00:00:00.000Z,0.0,0.0,1.0,0.0,2.0,2.0,109111,2024-05-29T00:00:00.000Z,VK,0,0,0.0,False,66ff8d975fd9b4586d603443,0,0
66ff8d975fd9b4586d603444,nLo033.04,4.0,Adani,UPCL ,4G+DI,Released,DLMS Order,"3P4W LTCT 240V 5-10A,",NORTEM,SMART,SR,bug fixed,2024-04-05T00:00:00.000Z,2024-05-21T00:00:00.000Z,2024-05-21T00:00:00.000Z,2024-05-22T00:00:00.000Z,1970-01-01T00:00:00.000Z,0.0,0.0,1.0,0.0,2.0,2.0,109099,2024-05-29T00:00:00.000Z,AVM,0,0,0.0,False,66ff8d975fd9b4586d603444,0,0
66ff8d975fd9b4586d603445,nLo025.07,7.0,Adani,APDCL,0,Released,DLMS Order,"3P4W LTCT 240V 5-10A,",NORTEM,SMART,BHR,Bug fixed,2024-04-25T00:00:00.000Z,2024-05-21T00:00:00.000Z,2024-05-21T00:00:00.000Z,2024-05-22T00:00:00.000Z,1970-01-01T00:00:00.000Z,0.0,0.0,1.0,0.0,2.0,2.0,QER-109106,2024-05-27T00:00:00.000Z,AVM,0,0,0.0,False,66ff8d975fd9b4586d603445,0,0
66ff8d975fd9b4586d603446,nLo030.15,15.0,Techno,MPPKVVCL Indore ,(w/o DI),Released,DLMS Order,"3P4W LTCT 240V 5-10A,",NORTEM,SMART,BCP,code compare,2024-01-04T00:00:00.000Z,2024-05-22T00:00:00.000Z,2024-05-23T00:00:00.000Z,2024-05-23T00:00:00.000Z,1970-01-01T00:00:00.000Z,0.0,0.0,2.0,0.0,1.0,0.5,109116,2024-06-06T00:00:00.000Z,VK,yes,0,0.0,False,66ff8d975fd9b4586d603446,0,0
66ff8d975fd9b4586d603447,nLo037.06,6.0,Adani,NBPDCL ,0,Released,DLMS Order,3P4W LTCT 240V 5-10A,NORTEM,SMART,BHR,bug fixed,2024-05-21T00:00:00.000Z,2024-05-22T00:00:00.000Z,2024-05-23T00:00:00.000Z,2024-05-24T00:00:00.000Z,1970-01-01T00:00:00.000Z,0.0,0.0,2.0,1.0,2.0,2.0,QER 109076(1),2024-05-27T00:00:00.000Z,0,0,0,0.0,False,66ff8d975fd9b4586d603447,0,0
66ff8d975fd9b4586d603448,CBO014.01,2.0,Techno,MPPKVVCL Indore ,0,Released,DLMS Order, 3P4W LTWC Cl 1.0 10-60A,CHRONAS,SMART,VK,code compare,2024-02-06T00:00:00.000Z,2024-05-22T00:00:00.000Z,2024-05-30T00:00:00.000Z,2024-05-30T00:00:00.000Z,1970-01-01T00:00:00.000Z,0.0,0.0,9.0,4.0,1.0,0.5,QER-109118,2024-06-05T00:00:00.000Z,SAN,yes,0,0.0,False,66ff8d975fd9b4586d603448,0,0
66ff8d975fd9b4586d603449,CBO015.00 ,6.0,Adani,MSEDCL,0,Released,DLMS Order, 3P4W LTWC Cl 1.0 10-100A,CHRONAS,SMART,VK,code compare,2024-02-26T00:00:00.000Z,2024-05-22T00:00:00.000Z,2024-05-27T00:00:00.000Z,2024-05-27T00:00:00.000Z,1970-01-01T00:00:00.000Z,0.0,0.0,6.0,3.0,1.0,0.5,QER-109110,2024-05-28T00:00:00.000Z,0,yes,0,0.0,False,66ff8d975fd9b4586d603449,0,0
66ff8d975fd9b4586d60344a,CBO018.00,6.0,Adani,NBPDCL ,0,Released,DLMS Order, 3P4W LTWC Cl 1.0 10-60A,CHRONAS,SMART,AVM,bug fixed,2024-03-15T00:00:00.000Z,2024-05-22T00:00:00.000Z,2024-05-22T00:00:00.000Z,2024-05-23T00:00:00.000Z,1970-01-01T00:00:00.000Z,0.0,0.0,1.0,0.0,2.0,2.0,109104,2024-05-27T00:00:00.000Z,VK,0,0,0.0,False,66ff8d975fd9b4586d60344a,0,0
66ff8d975fd9b4586d60344b,CAO013.01,4.0,Techno,MPPKVVCL Indore,0,Released,DLMS Order, 3P4W LTWC Cl 1.0 10-100A,CHRONAS,SMART,BCP,bug fixed,2024-02-19T00:00:00.000Z,2024-05-22T00:00:00.000Z,2024-05-30T00:00:00.000Z,2024-05-30T00:00:00.000Z,1970-01-01T00:00:00.000Z,0.0,0.0,9.0,5.0,1.0,1.0,QER-109119,2024-06-05T00:00:00.000Z,SS,0,0,0.0,False,66ff8d975fd9b4586d60344b,0,0
66ff8d975fd9b4586d60344c,HHo008.00,0.0,Adani,MSEDCL,0,Exp Next Itr,DLMS Order, 3P4W HTCT Cl 0.2 5-10A,NORTEM,SMART,VK,New firmware,2024-05-22T00:00:00.000Z,2024-05-22T00:00:00.000Z,2024-06-04T00:00:00.000Z,2024-06-06T00:00:00.000Z,2024-06-07T00:00:00.000Z,1.0,1.0,14.0,8.0,3.0,3.0,0,1970-01-01T00:00:00.000Z,0,0,yes,0.0,False,66ff8d975fd9b4586d60344c,0,0
66ff8d975fd9b4586d60344d,CAO01700,4.0,GMR,DVVNL,0,Subs Itr rel,DLMS Order, 3P4W LTWC Cl 1.0 10-100A,CHRONAS,SMART,San,bug fixed,2024-04-08T00:00:00.000Z,2024-05-22T00:00:00.000Z,2024-05-23T00:00:00.000Z,2024-05-24T00:00:00.000Z,1970-01-01T00:00:00.000Z,0.0,0.0,2.0,1.0,2.0,2.0,0,1970-01-01T00:00:00.000Z,0,0,0,0.0,False,66ff8d975fd9b4586d60344d,0,0
66ff8d975fd9b4586d60344e,RH53.00,1.0,TPCL,TPCL,0,Subs Itr rel,DLMS Order,"1PH 10-60A,  Cl.1.0",CYGNUS,SMART,AVM,bug fixed,2024-04-12T00:00:00.000Z,2024-05-23T00:00:00.000Z,2024-06-12T00:00:00.000Z,2024-06-13T00:00:00.000Z,1970-01-01T00:00:00.000Z,0.0,0.0,21.0,12.0,2.0,2.0,0,1970-01-01T00:00:00.000Z,0,0,0,0.0,False,66ff8d975fd9b4586d60344e,0,0
66ff8d975fd9b4586d60344f,RH44.00,1.0,Intellismart,PVVNL,4GQuectel,Released,DLMS Order,"1Ph 4G 10-60A , Cl.1.0",CYGNUS,SMART,AM,bug fixed,2024-05-07T00:00:00.000Z,2024-05-23T00:00:00.000Z,2024-05-23T00:00:00.000Z,2024-05-24T00:00:00.000Z,2024-05-25T00:00:00.000Z,1.0,1.0,1.0,0.0,2.0,2.0,QER-109117,2024-06-03T00:00:00.000Z,BCP,0,0,0.0,False,66ff8d975fd9b4586d60344f,0,0
66ff8d975fd9b4586d603450,nLo035.06,6.0,Adani,MSEDCL,0,Released,DLMS Order,"3P4W LTCT 240V 5-10A,",NORTEM,SMART,BHR,CR change,2024-04-17T00:00:00.000Z,2024-05-23T00:00:00.000Z,2024-05-23T00:00:00.000Z,2024-05-24T00:00:00.000Z,1970-01-01T00:00:00.000Z,0.0,0.0,1.0,0.0,2.0,2.0,QER-109096(1),2024-05-24T00:00:00.000Z,VN,0,0,0.0,False,66ff8d975fd9b4586d603450,0,0
66ff8d975fd9b4586d603451,nHo055.01,1.0,Iskraemeco ,UGVCL,0,Exp Next Itr,DLMS Order,3P4W HTCT 63.5V 5-10A,NORTEM,SMART,BCP,bug fixed,2024-05-10T00:00:00.000Z,2024-05-23T00:00:00.000Z,2024-05-23T00:00:00.000Z,2024-05-27T00:00:00.000Z,2024-05-31T00:00:00.000Z,4.0,2.0,1.0,0.0,5.0,3.0,0,1970-01-01T00:00:00.000Z,SAN,0,0,0.0,False,66ff8d975fd9b4586d603451,0,0
66ff8d975fd9b4586d603452,nLo031.15,15.0,Techno,MPPKVVCL Indore ,DI,Subs Itr rel,DLMS Order,"3P4W LTCT 240V 5-10A,",NORTEM,SMART,VN,bug fixed,2024-01-04T00:00:00.000Z,2024-05-23T00:00:00.000Z,2024-05-23T00:00:00.000Z,2024-05-24T00:00:00.000Z,1970-01-01T00:00:00.000Z,0.0,0.0,1.0,0.0,2.0,1.0,0,1970-01-01T00:00:00.000Z,0,0,0,0.0,False,66ff8d975fd9b4586d603452,0,0
66ff8d975fd9b4586d603453,CBO023.00,3.0,Adani,UPCL ,4G,Subs Itr rel,DLMS Order, 3P4W LTWC Cl 1.0 10-60A,CHRONAS,SMART,San,bug fixed,2024-05-10T00:00:00.000Z,2024-05-23T00:00:00.000Z,2024-05-28T00:00:00.000Z,2024-05-30T00:00:00.000Z,1970-01-01T00:00:00.000Z,0.0,0.0,6.0,3.0,3.0,3.0,0,1970-01-01T00:00:00.000Z,0,0,0,0.0,False,66ff8d975fd9b4586d603453,0,0
66ff8d975fd9b4586d603454,CBO017.00,2.0,Adani,APDCL,0,Subs Itr rel,DLMS Order, 3P4W LTWC Cl 1.0 10-60A,CHRONAS,SMART,SS,bug fixed,2024-03-12T00:00:00.000Z,2024-05-23T00:00:00.000Z,2024-05-28T00:00:00.000Z,2024-05-30T00:00:00.000Z,1970-01-01T00:00:00.000Z,0.0,0.0,6.0,3.0,3.0,3.0,0,1970-01-01T00:00:00.000Z,0,0,0,0.0,False,66ff8d975fd9b4586d603454,0,0
66ff8d975fd9b4586d603455,COC56.00 ,1.0,CESC,KEDL  ,0,Completed,DLMS Order, 3P4W LTWC Cl 1.0 10-60A,SFF,TVM LT WC,AM,New firmware,2024-05-23T00:00:00.000Z,2024-05-23T00:00:00.000Z,2024-06-07T00:00:00.000Z,2024-06-11T00:00:00.000Z,2024-06-13T00:00:00.000Z,2.0,2.0,16.0,10.0,5.0,3.0,0,1970-01-01T00:00:00.000Z,AVM,0,yes,0.0,False,66ff8d975fd9b4586d603455,0,0
66ff8d975fd9b4586d603456,COT64.02,0.0,TPL,Ahmedabad,0,Released,DLMS Order, 3P4W LTWC Cl 1.0 10-60A,M3R,TVM LT WC,DK,Checklist Implementation ,2024-03-24T00:00:00.000Z,2024-05-24T00:00:00.000Z,2024-06-12T00:00:00.000Z,2024-06-12T00:00:00.000Z,2024-06-13T00:00:00.000Z,1.0,1.0,20.0,18.0,1.0,1.0,QER 109136,2024-06-14T00:00:00.000Z,VN,0,0,0.0,False,66ff8d975fd9b4586d603456,0,0
66ff8d975fd9b4586d603457,RH58.00,1.0,Adani,UPCL ,Quectel,Subs Itr rel,DLMS Order,"1PH 10-60A,  Cl.1.0",CYGNUS,SMART,VN,bug fixed,2024-05-13T00:00:00.000Z,2024-05-24T00:00:00.000Z,2024-05-28T00:00:00.000Z,2024-05-31T00:00:00.000Z,2024-06-03T00:00:00.000Z,3.0,2.0,5.0,2.0,4.0,4.0,0,1970-01-01T00:00:00.000Z,AVM,0,0,0.0,False,66ff8d975fd9b4586d603457,0,0
66ff8d975fd9b4586d603458,CAO01700,5.0,GMR,DVVNL,0,Released,DLMS Order, 3P4W LTWC Cl 1.0 10-100A,CHRONAS,SMART,San,bug fixed,2024-04-08T00:00:00.000Z,2024-05-24T00:00:00.000Z,2024-05-24T00:00:00.000Z,2024-05-24T00:00:00.000Z,1970-01-01T00:00:00.000Z,0.0,0.0,1.0,0.0,1.0,1.0,QER-109105,2024-05-27T00:00:00.000Z,BHR,0,0,0.0,False,66ff8d975fd9b4586d603458,0,0
66ff8d975fd9b4586d603459,RH06.02,1.0,JKPDD ,JKPDD ,0,Released,DLMS Order,"1PH 10-60A,  Cl.1.0",CYGNUS,SMART,VN,bug fixed,2024-05-13T00:00:00.000Z,2024-05-24T00:00:00.000Z,2024-05-27T00:00:00.000Z,2024-05-27T00:00:00.000Z,2024-05-29T00:00:00.000Z,2.0,2.0,4.0,2.0,1.0,1.0,108842(2),2024-05-29T00:00:00.000Z,DK,0,0,0.0,False,66ff8d975fd9b4586d603459,0,0
66ff8d975fd9b4586d60345a,RH47.00,2.0,Adani,APEPDCL,0,Subs Itr rel,DLMS Order,"1PH 10-60A,  Cl.1.0",CYGNUS,SMART,AVM,bug fixed,2024-04-01T00:00:00.000Z,2024-05-24T00:00:00.000Z,2024-06-04T00:00:00.000Z,2024-06-07T00:00:00.000Z,1970-01-01T00:00:00.000Z,0.0,0.0,12.0,2.0,4.0,4.0,0,1970-01-01T00:00:00.000Z,0,0,0,0.0,False,66ff8d975fd9b4586d60345a,0,0
66ff8d975fd9b4586d60345b,nLo031.16,16.0,Techno,MPPKVVCL Indore ,DI,Released,DLMS Order,"3P4W LTCT 240V 5-10A,",NORTEM,SMART,VN,bug fixed,2024-01-04T00:00:00.000Z,2024-05-24T00:00:00.000Z,2024-05-24T00:00:00.000Z,2024-05-27T00:00:00.000Z,1970-01-01T00:00:00.000Z,0.0,0.0,1.0,0.0,4.0,2.0,QER-109092(1),2024-05-27T00:00:00.000Z,BCP,0,0,0.0,False,66ff8d975fd9b4586d60345b,0,0
66ff8d975fd9b4586d60345c,HHo002.12,12.0,Techno,MPPKVVCL Indore ,0,Released,DLMS Order, 3P4W HTCT Cl 0.2 5-10A,NORTEM,SMART,BCP,bug fixed,2024-05-24T00:00:00.000Z,2024-05-24T00:00:00.000Z,2024-05-24T00:00:00.000Z,2024-05-24T00:00:00.000Z,1970-01-01T00:00:00.000Z,0.0,0.0,1.0,0.0,0.5,1.0,109091(1),2024-05-27T00:00:00.000Z,0,0,0,0.0,False,66ff8d975fd9b4586d60345c,0,0
66ff8d975fd9b4586d60345d,RH56.02,0.0,Adani,NBPDCL ,0,Released,DLMS Order,"1Ph 10-60A , Cl.1.0",CYGNUS,SMART,ABK,code compare,2024-04-29T00:00:00.000Z,2024-05-24T00:00:00.000Z,2024-05-27T00:00:00.000Z,2024-05-27T00:00:00.000Z,1970-01-01T00:00:00.000Z,0.0,0.0,4.0,1.0,1.0,1.0,QER-109063(2),2024-05-27T00:00:00.000Z,0,yes,0,0.0,False,66ff8d975fd9b4586d60345d,0,0
66ff8d975fd9b4586d60345e,CBO019.00,2.0,Adani,APEPDCL ,4G,Subs Itr rel,DLMS Order, 3P4W LTWC Cl 1.0 10-60A,CHRONAS,SMART,AVM,New firmware,2024-03-15T00:00:00.000Z,2024-05-24T00:00:00.000Z,2024-05-27T00:00:00.000Z,2024-05-31T00:00:00.000Z,2024-06-04T00:00:00.000Z,4.0,2.0,4.0,2.0,5.0,5.0,0,1970-01-01T00:00:00.000Z,VK,0,yes,0.0,False,66ff8d975fd9b4586d60345e,0,0
66ff8d975fd9b4586d60345f,RH46.02,0.0,Adani,APDCL,0,Released,DLMS Order,"1Ph 5-30A , Cl.1.0",CYGNUS,SMART,NB,code compare,2024-04-22T00:00:00.000Z,2024-05-24T00:00:00.000Z,2024-05-27T00:00:00.000Z,2024-05-27T00:00:00.000Z,1970-01-01T00:00:00.000Z,0.0,0.0,4.0,2.0,1.0,1.0,QER-109051(3),2024-05-27T00:00:00.000Z,0,yes,0,0.0,False,66ff8d975fd9b4586d60345f,0,0
66ff8d975fd9b4586d603460,HHo007.00,0.0,Adani,MSEDCL,0,Exp Next Itr,DLMS Order, 3P4W HTCT Cl 0.5 5-10A,NORTEM,SMART,BHR,Firmware HHO004.03 modified ,2024-05-24T00:00:00.000Z,2024-05-24T00:00:00.000Z,2024-05-28T00:00:00.000Z,2024-05-31T00:00:00.000Z,2024-06-06T00:00:00.000Z,6.0,3.0,5.0,3.0,4.0,4.0,0,1970-01-01T00:00:00.000Z,0,0,0,0.0,False,66ff8d975fd9b4586d603460,0,0
66ff8d975fd9b4586d603461,HHo009.00,0.0,Adani,MSEDCL,w/o DI,Withdrawn,DLMS Order, 3P4W HTCT Cl 0.2 5-10A,NORTEM,SMART,0,New firmware,2024-05-24T00:00:00.000Z,2024-05-24T00:00:00.000Z,1970-01-01T00:00:00.000Z,1970-01-01T00:00:00.000Z,1970-01-01T00:00:00.000Z,0.0,0.0,0.0,0.0,1.0,0.0,0,1970-01-01T00:00:00.000Z,0,0,yes,0.0,False,66ff8d975fd9b4586d603461,0,0
66ff8d975fd9b4586d603462,COT71.01,1.0,TPL,Bhiwandi,0,Released,DLMS Order, 3P4W LTWC Cl 1.0 10-60A,M3R,TVM LT WC,BCP,CTT changes 4.3,2024-05-24T00:00:00.000Z,2024-05-24T00:00:00.000Z,2024-05-27T00:00:00.000Z,2024-05-27T00:00:00.000Z,1970-01-01T00:00:00.000Z,0.0,0.0,4.0,2.0,1.0,1.0,108782(1),2024-05-28T00:00:00.000Z,VN,0,0,0.0,False,66ff8d975fd9b4586d603462,0,0
66ff8d975fd9b4586d603463,CAO01800,0.0,GMR,PuVVNL ,0,Released,DLMS Order, 3P4W LTWC Cl 1.0 10-100A,CHRONAS,SMART,San,code compare,2024-05-24T00:00:00.000Z,2024-05-24T00:00:00.000Z,2024-05-24T00:00:00.000Z,2024-05-24T00:00:00.000Z,1970-01-01T00:00:00.000Z,0.0,0.0,1.0,0.0,1.0,1.0,QER-109104,2024-05-27T00:00:00.000Z,0,yes,0,0.0,False,66ff8d975fd9b4586d603463,0,0
66ff8d975fd9b4586d603464,RH48.01,0.0,Adani,MSEDCL,0,Released,DLMS Order,"1PH 10-60A,  Cl.1.0",CYGNUS,SMART,VN,code compare,2024-05-24T00:00:00.000Z,2024-05-24T00:00:00.000Z,2024-05-27T00:00:00.000Z,2024-05-27T00:00:00.000Z,1970-01-01T00:00:00.000Z,0.0,0.0,4.0,2.0,1.0,1.0,QER-109084(1),2024-05-27T00:00:00.000Z,0,yes,0,0.0,False,66ff8d975fd9b4586d603464,0,0
66ff8d975fd9b4586d603465,RF14.01,0.0,TPSODL,TPSODL,0,Released,DLMS Order,"1PH 10-60A,  Cl.1.0",SFF,ENM,DK,cr changes,2024-05-27T00:00:00.000Z,2024-05-27T00:00:00.000Z,2024-05-28T00:00:00.000Z,2024-05-29T00:00:00.000Z,2024-05-31T00:00:00.000Z,2.0,2.0,2.0,1.0,2.0,2.0,QER-108949(1),2024-05-31T00:00:00.000Z,BCP,0,0,0.0,False,66ff8d975fd9b4586d603465,0,0
66ff8d975fd9b4586d603466,HHo004.04,4.0,Adani,MSEDCL,0,Subs Itr rel,DLMS Order, 3P4W HTCT Cl 0.5 5-10A,NORTEM,SMART,AM,bug fixed,2024-04-15T00:00:00.000Z,2024-05-27T00:00:00.000Z,2024-05-28T00:00:00.000Z,2024-05-29T00:00:00.000Z,1970-01-01T00:00:00.000Z,0.0,0.0,2.0,1.0,2.0,2.0,0,1970-01-01T00:00:00.000Z,AVM,0,0,0.0,False,66ff8d975fd9b4586d603466,0,0
66ff8d975fd9b4586d603467,nLo061.00,0.0,GMR,DVVNL,0,Exp Next Itr,DLMS Order,3P4W LTCT 240V 5-10A,NORTEM,SMART,AVM,New firmware,2024-05-27T00:00:00.000Z,2024-05-27T00:00:00.000Z,2024-06-14T00:00:00.000Z,2024-06-19T00:00:00.000Z,2024-06-25T00:00:00.000Z,6.0,3.0,19.0,13.0,6.0,4.0,0,1970-01-01T00:00:00.000Z,BHR,0,yes,0.0,False,66ff8d975fd9b4586d603467,0,0
66ff8d975fd9b4586d603468,CBO021.01,1.0,Intellismart,MGVCL,4G,Released,DLMS Order, 3P4W LTWC Cl 1.0 10-60A,CHRONAS,SMART,AM,code compare,2024-05-17T00:00:00.000Z,2024-05-28T00:00:00.000Z,2024-05-28T00:00:00.000Z,2024-05-28T00:00:00.000Z,1970-01-01T00:00:00.000Z,0.0,0.0,1.0,0.0,1.0,0.5,109089(1),2024-05-28T00:00:00.000Z,0,yes,0,0.0,False,66ff8d975fd9b4586d603468,0,0
66ff8d975fd9b4586d603469,CBO016.01,0.0,NCC,NBPDCL,0,Released,DLMS Order, 3P4W LTWC Cl 1.0 10-60A,CHRONAS,SMART,AM,code compare,2024-05-28T00:00:00.000Z,2024-05-28T00:00:00.000Z,2024-05-28T00:00:00.000Z,2024-05-28T00:00:00.000Z,1970-01-01T00:00:00.000Z,0.0,0.0,1.0,0.0,1.0,0.5,109067(2),2024-05-28T00:00:00.000Z,0,yes,0,0.0,False,66ff8d975fd9b4586d603469,0,0
66ff8d975fd9b4586d60346a,nLo059.03,3.0,Adani,MSEDCL,w/o DI,Released,DLMS Order,"3P4W LTCT 240V 5-10A,",NORTEM,SMART,AM,New firmware,2024-05-29T00:00:00.000Z,2024-05-29T00:00:00.000Z,2024-05-31T00:00:00.000Z,2024-06-05T00:00:00.000Z,2024-06-06T00:00:00.000Z,1.0,1.0,3.0,1.0,6.0,4.0,QER-109127,2024-06-10T00:00:00.000Z,SAN,0,yes,0.0,False,66ff8d975fd9b4586d60346a,0,0
66ff8d975fd9b4586d60346b,CAO01600,2.0,Adani,AEML,Nbiot,Subs Itr rel,DLMS Order, 3P4W LTWC Cl 1.0 10-100A,CHRONAS,SMART,SS,bug fixed,2024-03-04T00:00:00.000Z,2024-05-30T00:00:00.000Z,2024-05-31T00:00:00.000Z,2024-06-05T00:00:00.000Z,2024-06-06T00:00:00.000Z,1.0,1.0,2.0,1.0,6.0,4.0,0,1970-01-01T00:00:00.000Z,0,0,0,0.0,False,66ff8d975fd9b4586d60346b,0,0
66ff8d975fd9b4586d60346c,CBO012.00,4.0,Intellismart,DGVCL,0,Released,DLMS Order, 3P4W LTWC Cl 1.0 10-60A,CHRONAS,SMART,VK,code compare,2024-05-30T00:00:00.000Z,2024-05-30T00:00:00.000Z,2024-05-30T00:00:00.000Z,2024-05-30T00:00:00.000Z,1970-01-01T00:00:00.000Z,0.0,0.0,1.0,0.0,1.0,0.5,QER-109002(2),2024-06-04T00:00:00.000Z,0,yes,0,0.0,False,66ff8d975fd9b4586d60346c,0,0
66ff8d975fd9b4586d60346d,CBO023.00,4.0,Adani,UPCL ,4G,Subs Itr rel,DLMS Order, 3P4W LTWC Cl 1.0 10-60A,CHRONAS,SMART,BCP,bug fixed,2024-05-10T00:00:00.000Z,2024-05-30T00:00:00.000Z,2024-05-31T00:00:00.000Z,2024-05-31T00:00:00.000Z,2024-06-04T00:00:00.000Z,4.0,2.0,2.0,1.0,1.0,1.0,0,1970-01-01T00:00:00.000Z,SS,0,0,0.0,False,66ff8d975fd9b4586d60346d,0,0
66ff8d975fd9b4586d60346e,CON13.00,0.0,ESP,ESP,0,Subs Itr rel,DLMS Order, 3P 4W- SFF-LT 5-10A,SFF,TVM LT 0.5,DK,platform conversion (kwh meter),2024-05-30T00:00:00.000Z,2024-05-30T00:00:00.000Z,2024-06-06T00:00:00.000Z,2024-06-06T00:00:00.000Z,1970-01-01T00:00:00.000Z,0.0,0.0,8.0,4.0,1.0,1.0,0,1970-01-01T00:00:00.000Z,0,0,0,0.0,False,66ff8d975fd9b4586d60346e,0,0
66ff8d975fd9b4586d60346f,COP17.00,1.0,ESP,ESP,0,Subs Itr rel,DLMS Order, 3P4W LTWC Cl 1.0 10-60A,VENUS,TVM LT WC,DK,platform conversion (kwh meter),2024-05-30T00:00:00.000Z,2024-05-30T00:00:00.000Z,2024-06-06T00:00:00.000Z,2024-06-06T00:00:00.000Z,1970-01-01T00:00:00.000Z,0.0,0.0,8.0,4.0,1.0,1.0,0,1970-01-01T00:00:00.000Z,0,0,0,0.0,False,66ff8d975fd9b4586d60346f,0,0
66ff8d975fd9b4586d603470,COP16.00,1.0,ESP,ESP,0,Released,DLMS Order, 3P4W LTWC Cl 1.0 10-60A,VENUS,TVM LT WC,DK,platform conversion (kwh meter),2024-05-30T00:00:00.000Z,2024-05-30T00:00:00.000Z,2024-06-06T00:00:00.000Z,2024-06-06T00:00:00.000Z,1970-01-01T00:00:00.000Z,0.0,0.0,8.0,4.0,1.0,1.0,QER-109154,2024-07-01T00:00:00.000Z,0,0,0,0.0,False,66ff8d975fd9b4586d603470,0,0
66ff8d975fd9b4586d603471,COT73.01,0.0,TPL,Ahmedabad,0,Released,DLMS Order, 3P4W LTWC Cl 1.0 10-60A,M3R,TVM LT WC,ABK,CTT changes 4.3,2024-05-30T00:00:00.000Z,2024-05-30T00:00:00.000Z,2024-05-31T00:00:00.000Z,2024-05-31T00:00:00.000Z,2024-06-03T00:00:00.000Z,3.0,1.0,2.0,0.0,1.0,1.0,QER-109132,2024-06-13T00:00:00.000Z,DK,0,0,0.0,False,66ff8d975fd9b4586d603471,0,0
66ff8d975fd9b4586d603472,COT70.02,0.0,TPL,Surat,0,Released,DLMS Order, 3P4W LTWC Cl 1.0 10-60A,M3R,TVM LT WC,DK,Display and CTT changes,2024-05-31T00:00:00.000Z,2024-05-31T00:00:00.000Z,2024-06-05T00:00:00.000Z,2024-06-05T00:00:00.000Z,2024-06-06T00:00:00.000Z,1.0,1.0,6.0,3.0,1.0,1.0,108757(2),2024-06-07T00:00:00.000Z,BCP,0,0,0.0,False,66ff8d975fd9b4586d603472,0,0
66ff8d975fd9b4586d603473,nLo041.07,7.0,Iskraemeco ,UGVCL,(consumer with DI without 200/5 ratio),Subs Itr rel,DLMS Order,3P4W LTCT 240V 5-10A,NORTEM,SMART,VN,bug fixed,2024-03-19T00:00:00.000Z,2024-05-31T00:00:00.000Z,2024-06-03T00:00:00.000Z,2024-06-03T00:00:00.000Z,2024-06-05T00:00:00.000Z,2.0,2.0,4.0,1.0,1.0,1.0,0,1970-01-01T00:00:00.000Z,SAN,0,0,0.0,False,66ff8d975fd9b4586d603473,0,0
66ff8d975fd9b4586d603474,CBO016.02,0.0,NCC,NBPDCL,0,Subs Itr rel,DLMS Order, 3P4W LTWC Cl 1.0 10-60A,CHRONAS,SMART,BCP,Firmware modified for Quectel module,2024-05-31T00:00:00.000Z,2024-05-31T00:00:00.000Z,2024-06-04T00:00:00.000Z,2024-06-04T00:00:00.000Z,1970-01-01T00:00:00.000Z,0.0,0.0,5.0,2.0,1.0,1.0,0,1970-01-01T00:00:00.000Z,0,0,0,0.0,False,66ff8d975fd9b4586d603474,0,0
66ff8d975fd9b4586d603475,nHo039.12,12.0,Adani ,NBPDCL,0,Released,DLMS Order,3P4W HTCT 63.5V 5-10A,NORTEM,SMART,VK,code compare,2024-05-31T00:00:00.000Z,2024-05-31T00:00:00.000Z,2024-05-31T00:00:00.000Z,2024-05-31T00:00:00.000Z,1970-01-01T00:00:00.000Z,0.0,0.0,1.0,0.0,1.0,0.5,QER-109069(1),2024-05-31T00:00:00.000Z,0,0,0,0.0,False,66ff8d975fd9b4586d603475,0,0
66ff8d975fd9b4586d603476,CBO024.00,0.0,Intellismart,APDCL,4G,Subs Itr rel,DLMS Order, 3P4W LTWC Cl 1.0 10-60A,CHRONAS,SMART,BCP,New firmware,2024-05-31T00:00:00.000Z,2024-05-31T00:00:00.000Z,2024-06-06T00:00:00.000Z,2024-06-08T00:00:00.000Z,2024-06-10T00:00:00.000Z,2.0,2.0,7.0,3.0,3.0,3.0,0,1970-01-01T00:00:00.000Z,VK,0,yes,0.0,False,66ff8d975fd9b4586d603476,0,0
66ff8d975fd9b4586d603477,CBO017.00,3.0,Adani,APDCL,0,Released,DLMS Order, 3P4W LTWC Cl 1.0 10-60A,CHRONAS,SMART,AVM,bug fixed,2024-03-12T00:00:00.000Z,2024-05-31T00:00:00.000Z,2024-06-03T00:00:00.000Z,2024-06-04T00:00:00.000Z,1970-01-01T00:00:00.000Z,0.0,0.0,4.0,2.0,2.0,2.0,QER-109129,2024-06-11T00:00:00.000Z,AM,0,0,0.0,False,66ff8d975fd9b4586d603477,0,0
66ff8d975fd9b4586d603478,nLo044.00,0.0,TPCL,TPCL,4G,Subs Itr rel,DLMS Order,3P4W LTCT 240V 5-10A,NORTEM,SMART,BHR,New firmware,2024-06-01T00:00:00.000Z,2024-06-01T00:00:00.000Z,2024-06-03T00:00:00.000Z,2024-06-06T00:00:00.000Z,1970-01-01T00:00:00.000Z,0.0,0.0,3.0,1.0,4.0,4.0,0,1970-01-01T00:00:00.000Z,0,0,yes,0.0,False,66ff8d975fd9b4586d603478,0,0
66ff8d975fd9b4586d603479,HHo004.05,5.0,Adani,MSEDCL,0,Subs Itr rel,DLMS Order, 3P4W HTCT Cl 0.5 5-10A,NORTEM,SMART,BCP,bug fixed,2024-04-15T00:00:00.000Z,2024-06-01T00:00:00.000Z,2024-06-03T00:00:00.000Z,2024-06-03T00:00:00.000Z,1970-01-01T00:00:00.000Z,0.0,0.0,3.0,1.0,1.0,1.0,0,1970-01-01T00:00:00.000Z,BHR,yes,0,0.0,False,66ff8d975fd9b4586d603479,0,0
66ff8d975fd9b4586d60347a,CBO020.00,1.0,Intellismart,DGVCL,0,Released,DLMS Order, 3P4W LTWC Cl 1.0 10-60A,CHRONAS,SMART,VN,bug fixed,2024-03-15T00:00:00.000Z,2024-06-01T00:00:00.000Z,2024-06-06T00:00:00.000Z,2024-06-10T00:00:00.000Z,2024-06-11T00:00:00.000Z,1.0,1.0,6.0,3.0,5.0,3.0,QER-109143,2024-06-21T00:00:00.000Z,BCP,0,0,0.0,False,66ff8d975fd9b4586d60347a,0,0
66ff8d975fd9b4586d60347b,nLo057.00,0.0,Adani,APEPDCL,4G,Subs Itr rel,DLMS Order,"3P4W LTCT 240V 5-10A,",NORTEM,SMART,VK,New firmware,2024-06-04T00:00:00.000Z,2024-06-04T00:00:00.000Z,2024-06-10T00:00:00.000Z,2024-06-14T00:00:00.000Z,2024-06-18T00:00:00.000Z,4.0,2.0,7.0,3.0,5.0,5.0,0,1970-01-01T00:00:00.000Z,0,0,yes,0.0,False,66ff8d975fd9b4586d60347b,0,0
66ff8d975fd9b4586d60347c,CBO016.02,1.0,NCC,NBPDCL,0,Released,DLMS Order, 3P4W LTWC Cl 1.0 10-60A,CHRONAS,SMART,BCP,Bug fixed,2024-05-31T00:00:00.000Z,2024-06-05T00:00:00.000Z,2024-06-05T00:00:00.000Z,2024-06-05T00:00:00.000Z,1970-01-01T00:00:00.000Z,0.0,0.0,1.0,0.0,1.0,1.0,109067(3),2024-06-06T00:00:00.000Z,DK,0,0,0.0,False,66ff8d975fd9b4586d60347c,0,0
66ff8d975fd9b4586d60347d,nLo047.01,1.0,Montecarlo ,MSEDCL,"4G, DI",Subs Itr rel,DLMS Order,"3P4W LTCT 240V 5-10A,",NORTEM,SMART,San,New firmware,2024-06-05T00:00:00.000Z,2024-06-05T00:00:00.000Z,2024-06-06T00:00:00.000Z,2024-06-13T00:00:00.000Z,2024-06-14T00:00:00.000Z,1.0,1.0,2.0,1.0,8.0,6.0,0,1970-01-01T00:00:00.000Z,SR,0,yes,0.0,False,66ff8d975fd9b4586d60347d,0,0
66ff8d975fd9b4586d60347e,nLo048.01,1.0,Montecarlo ,MSEDCL,"4G, w/o DI",Withdrawn,DLMS Order,"3P4W LTCT 240V 5-10A,",NORTEM,SMART,0,Firmware nLo047.01 modified for Cr changes,2024-06-05T00:00:00.000Z,2024-06-05T00:00:00.000Z,1970-01-01T00:00:00.000Z,1970-01-01T00:00:00.000Z,1970-01-01T00:00:00.000Z,0.0,0.0,0.0,0.0,1.0,0.0,0,1970-01-01T00:00:00.000Z,0,0,0,0.0,False,66ff8d975fd9b4586d60347e,0,0
66ff8d975fd9b4586d60347f,CBO019.00,3.0,Adani,APEPDCL ,4G,Subs Itr rel,DLMS Order, 3P4W LTWC Cl 1.0 10-60A,CHRONAS,SMART,BHR,Bug fixed,2024-03-15T00:00:00.000Z,2024-06-06T00:00:00.000Z,2024-06-07T00:00:00.000Z,2024-06-11T00:00:00.000Z,1970-01-01T00:00:00.000Z,0.0,0.0,2.0,1.0,5.0,3.0,0,1970-01-01T00:00:00.000Z,0,0,0,0.0,False,66ff8d975fd9b4586d60347f,0,0
66ff8d975fd9b4586d603480,RH59.00,2.0,Intellismart,APDCL,0,Released,DLMS Order,"1Ph 5-30A , Cl.1.0",CYGNUS,SMART,SR,Bug fixed,2024-05-16T00:00:00.000Z,2024-06-06T00:00:00.000Z,2024-06-07T00:00:00.000Z,2024-06-07T00:00:00.000Z,2024-06-08T00:00:00.000Z,1.0,1.0,2.0,0.0,1.0,1.0,QER-109126,2024-06-10T00:00:00.000Z,AVM,0,0,0.0,False,66ff8d975fd9b4586d603480,0,0
66ff8d975fd9b4586d603481,COT62.01,0.0,TPL,Surat,0,Subs Itr rel,DLMS Order, 3P4W LTWC Cl 1.0 10-60A,M3R,TVM LT WC,DK,CR changes,2024-06-06T00:00:00.000Z,2024-06-06T00:00:00.000Z,2024-06-12T00:00:00.000Z,2024-06-12T00:00:00.000Z,1970-01-01T00:00:00.000Z,0.0,0.0,7.0,4.0,1.0,1.0,0,1970-01-01T00:00:00.000Z,0,0,0,0.0,False,66ff8d975fd9b4586d603481,0,0
66ff8d975fd9b4586d603482,HHo004.06,6.0,Adani,MSEDCL,0,Released,DLMS Order, 3P4W HTCT Cl 0.5 5-10A,NORTEM,SMART,DK,bug fixed,2024-04-15T00:00:00.000Z,2024-06-07T00:00:00.000Z,2024-06-07T00:00:00.000Z,2024-06-07T00:00:00.000Z,1970-01-01T00:00:00.000Z,0.0,0.0,1.0,0.0,1.0,1.0,109124,2024-06-07T00:00:00.000Z,0,0,0,0.0,False,66ff8d975fd9b4586d603482,0,0
66ff8d975fd9b4586d603483,CBO023.00,5.0,Adani,UPCL ,4G,Released,DLMS Order, 3P4W LTWC Cl 1.0 10-60A,CHRONAS,SMART,DK,bug fixed,2024-05-10T00:00:00.000Z,2024-06-07T00:00:00.000Z,2024-06-10T00:00:00.000Z,2024-06-10T00:00:00.000Z,1970-01-01T00:00:00.000Z,0.0,0.0,4.0,2.0,1.0,1.0,109128,2024-06-11T00:00:00.000Z,BHR,0,0,0.0,False,66ff8d975fd9b4586d603483,0,0
66ff8d975fd9b4586d603484,nLo044.01,1.0,TPCL,TPCL,4G,Subs Itr rel,DLMS Order,3P4W LTCT 240V 5-10A,NORTEM,SMART,SS,bug fixed,2024-06-01T00:00:00.000Z,2024-06-10T00:00:00.000Z,2024-06-10T00:00:00.000Z,2024-06-12T00:00:00.000Z,1970-01-01T00:00:00.000Z,0.0,0.0,1.0,1.0,3.0,3.0,0,1970-01-01T00:00:00.000Z,0,0,0,0.0,False,66ff8d975fd9b4586d603484,0,0
66ff8d975fd9b4586d603485,CBO024.00,0.0,Intellismart,APDCL,4G,Withdrawn,DLMS Order, 3P4W LTWC Cl 1.0 10-60A,CHRONAS,SMART,BCP,bug fixed,2024-05-31T00:00:00.000Z,2024-06-10T00:00:00.000Z,2024-06-10T00:00:00.000Z,1970-01-01T00:00:00.000Z,1970-01-01T00:00:00.000Z,0.0,0.0,1.0,0.0,0.0,0.0,0,1970-01-01T00:00:00.000Z,0,0,0,0.0,False,66ff8d975fd9b4586d603485,0,0
66ff8d975fd9b4586d603486,nLo033.05,5.0,Adani,UPCL ,4G+DI,Released,DLMS Order,"3P4W LTCT 240V 5-10A,",NORTEM,SMART,VN,CR changes,2024-06-10T00:00:00.000Z,2024-06-10T00:00:00.000Z,2024-06-10T00:00:00.000Z,2024-06-10T00:00:00.000Z,1970-01-01T00:00:00.000Z,0.0,0.0,1.0,0.0,1.0,1.0,109099(1)            ,2024-06-11T00:00:00.000Z,DK,0,0,0.0,False,66ff8d975fd9b4586d603486,0,0
66ff8d975fd9b4586d603487,nLo034.05,5.0,Adani,UPCL ,4G,Released,DLMS Order,"3P4W LTCT 240V 5-10A,",NORTEM,SMART,VN,CR changes,2024-06-10T00:00:00.000Z,2024-06-10T00:00:00.000Z,2024-06-11T00:00:00.000Z,2024-06-11T00:00:00.000Z,1970-01-01T00:00:00.000Z,0.0,0.0,2.0,1.0,1.0,1.0,109111(1),2024-06-11T00:00:00.000Z,0,0,0,0.0,False,66ff8d975fd9b4586d603487,0,0
66ff8d975fd9b4586d603488,nLo041.08,8.0,Iskraemeco ,UGVCL,(consumer with DI without 200/5 ratio),Released,DLMS Order,3P4W LTCT 240V 5-10A,NORTEM,SMART,DK,bug fixed,2024-03-19T00:00:00.000Z,2024-06-10T00:00:00.000Z,2024-06-11T00:00:00.000Z,2024-06-11T00:00:00.000Z,1970-01-01T00:00:00.000Z,0.0,0.0,2.0,1.0,1.0,1.0,QER 109134,2024-06-14T00:00:00.000Z,SAN,0,0,0.0,False,66ff8d975fd9b4586d603488,0,0
66ff8d975fd9b4586d603489,CBO024.00,1.0,Intellismart,APDCL,4G,Released,DLMS Order, 3P4W LTWC Cl 1.0 10-60A,CHRONAS,SMART,BCP,bug fixed,2024-05-31T00:00:00.000Z,2024-06-10T00:00:00.000Z,2024-06-11T00:00:00.000Z,2024-06-11T00:00:00.000Z,1970-01-01T00:00:00.000Z,0.0,0.0,2.0,0.0,1.0,1.0,109130,2024-06-11T00:00:00.000Z,SAN,0,0,0.0,False,66ff8d975fd9b4586d603489,0,0
66ff8d975fd9b4586d60348a,HHo007.01,1.0,Adani,MSEDCL,0,Exp Next Itr,DLMS Order, 3P4W HTCT Cl 0.5 5-10A,NORTEM,SMART,SR,bug fixed,2024-05-24T00:00:00.000Z,2024-06-10T00:00:00.000Z,2024-06-12T00:00:00.000Z,2024-06-13T00:00:00.000Z,1970-01-01T00:00:00.000Z,0.0,0.0,3.0,2.0,2.0,2.0,0,1970-01-01T00:00:00.000Z,0,0,0,0.0,False,66ff8d975fd9b4586d60348a,0,0
66ff8d975fd9b4586d60348b,HHo008.01,1.0,Adani,MSEDCL,0,Withdrawn,DLMS Order, 3P4W HTCT Cl 0.2 5-10A,NORTEM,SMART,DK,bug fixed,2024-05-22T00:00:00.000Z,2024-06-10T00:00:00.000Z,2024-06-13T00:00:00.000Z,1970-01-01T00:00:00.000Z,1970-01-01T00:00:00.000Z,0.0,0.0,4.0,2.0,0.0,0.0,0,1970-01-01T00:00:00.000Z,0,0,0,0.0,False,66ff8d975fd9b4586d60348b,0,0
66ff8d975fd9b4586d60348c,HHo009.01,1.0,Adani,MSEDCL,w/o DI,Withdrawn,DLMS Order, 3P4W HTCT Cl 0.2 5-10A,NORTEM,SMART,SS,bug fixed,2024-05-24T00:00:00.000Z,2024-06-10T00:00:00.000Z,2024-06-13T00:00:00.000Z,1970-01-01T00:00:00.000Z,1970-01-01T00:00:00.000Z,0.0,0.0,4.0,3.0,0.0,0.0,0,1970-01-01T00:00:00.000Z,0,0,0,0.0,False,66ff8d975fd9b4586d60348c,0,0
66ff8d975fd9b4586d60348d,nHo055.02,2.0,Iskraemeco ,UGVCL,0,Exp Next Itr,DLMS Order,3P4W HTCT 63.5V 5-10A,NORTEM,SMART,BHR,bug fixed,2024-05-10T00:00:00.000Z,2024-06-11T00:00:00.000Z,2024-06-11T00:00:00.000Z,2024-06-13T00:00:00.000Z,1970-01-01T00:00:00.000Z,0.0,0.0,1.0,0.0,3.0,3.0,0,1970-01-01T00:00:00.000Z,0,0,0,0.0,False,66ff8d975fd9b4586d60348d,0,0
66ff8d975fd9b4586d60348e,CBO019.00,4.0,Adani,APEPDCL ,4G,Subs Itr rel,DLMS Order, 3P4W LTWC Cl 1.0 10-60A,CHRONAS,SMART,BCP,Bug fixed,2024-03-15T00:00:00.000Z,2024-06-11T00:00:00.000Z,2024-06-12T00:00:00.000Z,2024-06-12T00:00:00.000Z,1970-01-01T00:00:00.000Z,0.0,0.0,2.0,1.0,1.0,1.0,0,1970-01-01T00:00:00.000Z,0,0,0,0.0,False,66ff8d975fd9b4586d60348e,0,0
66ff8d975fd9b4586d60348f,RH44.00,2.0,Intellismart,PVVNL,4GQuectel,Released,DLMS Order,"1Ph 4G 10-60A , Cl.1.0",CYGNUS,SMART,VN,CR chnages,2024-05-07T00:00:00.000Z,2024-06-11T00:00:00.000Z,2024-06-12T00:00:00.000Z,2024-06-12T00:00:00.000Z,1970-01-01T00:00:00.000Z,0.0,0.0,2.0,1.0,1.0,1.0,109117(1),2024-06-13T00:00:00.000Z,BCP,0,0,0.0,False,66ff8d975fd9b4586d60348f,0,0
66ff8d975fd9b4586d603490,CBO017.01,0.0,Adani,APDCL,0,Released,DLMS Order, 3P4W LTWC Cl 1.0 10-60A,CHRONAS,SMART,AVM,Bug fixed(code compare),2024-06-12T00:00:00.000Z,2024-06-12T00:00:00.000Z,2024-06-12T00:00:00.000Z,2024-06-12T00:00:00.000Z,1970-01-01T00:00:00.000Z,0.0,0.0,1.0,0.0,1.0,0.5,109129(1) ,2024-06-12T00:00:00.000Z,0,yes,0,0.0,False,66ff8d975fd9b4586d603490,0,0
66ff8d975fd9b4586d603491,COC57.00 ,0.0,WBSEDCL,WBSEDCL ,sampark,Subs Itr rel,DLMS Order, 3P4W LTWC Cl 1.0 10-60A,SFF,TVM LT WC,BHR,New firmware,2024-06-12T00:00:00.000Z,2024-06-12T00:00:00.000Z,2024-06-26T00:00:00.000Z,2024-06-28T00:00:00.000Z,2024-07-05T00:00:00.000Z,7.0,3.0,15.0,8.0,3.0,3.0,0,1970-01-01T00:00:00.000Z,VK,0,yes,0.0,False,66ff8d975fd9b4586d603491,0,0
66ff8d975fd9b4586d603492,RH47.00,3.0,Adani,APEPDCL,0,Subs Itr rel,DLMS Order,"1PH 10-60A,  Cl.1.0",CYGNUS,SMART,VN,bug fixed,2024-04-01T00:00:00.000Z,2024-06-12T00:00:00.000Z,2024-06-13T00:00:00.000Z,2024-06-14T00:00:00.000Z,1970-01-01T00:00:00.000Z,0.0,0.0,2.0,1.0,2.0,2.0,0,1970-01-01T00:00:00.000Z,0,0,0,0.0,False,66ff8d975fd9b4586d603492,0,0
66ff8d975fd9b4586d603493,CBO023.01,0.0,Adani,UPCL ,4G,Released,DLMS Order, 3P4W LTWC Cl 1.0 10-60A,CHRONAS,SMART,DK,CR changes(sr. no.  format),2024-06-12T00:00:00.000Z,2024-06-12T00:00:00.000Z,2024-06-13T00:00:00.000Z,2024-06-13T00:00:00.000Z,1970-01-01T00:00:00.000Z,0.0,0.0,2.0,1.0,1.0,0.5,109128(1),2024-06-13T00:00:00.000Z,0,0,0,0.0,False,66ff8d975fd9b4586d603493,0,0
66ff8d975fd9b4586d603494,HHo007.02,2.0,Adani,MSEDCL,0,Exp Next Itr,DLMS Order, 3P4W HTCT Cl 0.5 5-10A,NORTEM,SMART,SR,bug fixed(code compare),2024-05-24T00:00:00.000Z,2024-06-14T00:00:00.000Z,2024-06-14T00:00:00.000Z,2024-06-14T00:00:00.000Z,1970-01-01T00:00:00.000Z,0.0,0.0,1.0,0.0,1.0,1.0,0,1970-01-01T00:00:00.000Z,0,yes,0,0.0,False,66ff8d975fd9b4586d603494,0,0
66ff8d975fd9b4586d603495,HHo008.02,2.0,Adani,MSEDCL,0,Exp Next Itr,DLMS Order, 3P4W HTCT Cl 0.2 5-10A,NORTEM,SMART,DK,bug fixed,2024-05-22T00:00:00.000Z,2024-06-14T00:00:00.000Z,2024-06-14T00:00:00.000Z,2024-06-17T00:00:00.000Z,1970-01-01T00:00:00.000Z,0.0,0.0,1.0,0.0,4.0,2.0,0,1970-01-01T00:00:00.000Z,AVM,0,0,0.0,False,66ff8d975fd9b4586d603495,0,0
66ff8d975fd9b4586d603496,HHo009.02,2.0,Adani,MSEDCL,w/o DI,Exp Next Itr,DLMS Order, 3P4W HTCT Cl 0.2 5-10A,NORTEM,SMART,SS,bug fixed,2024-05-24T00:00:00.000Z,2024-06-14T00:00:00.000Z,2024-06-14T00:00:00.000Z,2024-06-17T00:00:00.000Z,1970-01-01T00:00:00.000Z,0.0,0.0,1.0,0.0,4.0,2.0,0,1970-01-01T00:00:00.000Z,0,0,0,0.0,False,66ff8d975fd9b4586d603496,0,0
66ff8d975fd9b4586d603497,nLo048.02,2.0,Montecarlo ,MSEDCL,"4G, w/o DI",Subs Itr rel,DLMS Order,"3P4W LTCT 240V 5-10A,",NORTEM,SMART,BHR,Firmware nLo047.02 modified for Cr changes,2024-06-05T00:00:00.000Z,2024-06-14T00:00:00.000Z,2024-06-14T00:00:00.000Z,2024-06-18T00:00:00.000Z,2024-06-20T00:00:00.000Z,2.0,2.0,1.0,0.0,5.0,3.0,0,1970-01-01T00:00:00.000Z,AM,0,0,0.0,False,66ff8d975fd9b4586d603497,0,0
66ff8d975fd9b4586d603498,nHo055.03,3.0,Iskraemeco ,UGVCL,0,Exp Next Itr,DLMS Order,3P4W HTCT 63.5V 5-10A,NORTEM,SMART,AM,bug fixed,2024-05-10T00:00:00.000Z,2024-06-14T00:00:00.000Z,2024-06-17T00:00:00.000Z,2024-06-18T00:00:00.000Z,1970-01-01T00:00:00.000Z,0.0,0.0,4.0,1.0,2.0,2.0,0,1970-01-01T00:00:00.000Z,0,0,0,0.0,False,66ff8d975fd9b4586d603498,0,0
66ff8d975fd9b4586d603499,HHo004.07,7.0,Adani,MSEDCL,0,Released,DLMS Order, 3P4W HTCT Cl 0.5 5-10A,NORTEM,SMART,DK,code compare,2024-06-14T00:00:00.000Z,2024-06-14T00:00:00.000Z,2024-06-14T00:00:00.000Z,2024-06-14T00:00:00.000Z,1970-01-01T00:00:00.000Z,0.0,0.0,1.0,0.0,1.0,1.0,109124(1),2024-06-14T00:00:00.000Z,0,yes,0,0.0,False,66ff8d975fd9b4586d603499,0,0
66ff8d975fd9b4586d60349a,5BD0C.30,0.0,TS,Transco,0,Exp Next Itr,DLMS Order,3P4W HTCT 63.5V 5-10A,SEM N2,TVM HT 0.2,San,New firmware,2024-06-14T00:00:00.000Z,2024-06-14T00:00:00.000Z,2024-06-19T00:00:00.000Z,2024-06-25T00:00:00.000Z,2024-06-27T00:00:00.000Z,2.0,2.0,6.0,3.0,7.0,5.0,0,1970-01-01T00:00:00.000Z,SS,0,yes,0.0,False,66ff8d975fd9b4586d60349a,0,0
66ff8d975fd9b4586d60349b,5YD28.33,0.0,WBSETCL,WBSETCL,0,Released,DLMS Order,3P4W HTCT 63.5V 5-10A,SEM N2,TVM HT 0.2,DK,Checklist Implementation,2024-06-14T00:00:00.000Z,2024-06-14T00:00:00.000Z,2024-06-18T00:00:00.000Z,2024-06-20T00:00:00.000Z,2024-06-24T00:00:00.000Z,4.0,2.0,5.0,3.0,3.0,3.0,QER-109144(1),2024-06-28T00:00:00.000Z,VN,0,0,0.0,False,66ff8d975fd9b4586d60349b,0,0
66ff8d975fd9b4586d60349c,HHo010.00,0.0,GMR,DVVNL,4G,Withdrawn,DLMS Order, 3P4W HTCT Cl 0.2 5-10A,NORTEM,SMART,SS,New firmware,2024-06-14T00:00:00.000Z,2024-06-14T00:00:00.000Z,2024-06-17T00:00:00.000Z,2024-06-21T00:00:00.000Z,2024-06-25T00:00:00.000Z,4.0,2.0,4.0,1.0,5.0,5.0,0,1970-01-01T00:00:00.000Z,AM,0,yes,0.0,False,66ff8d975fd9b4586d60349c,0,0
66ff8d975fd9b4586d60349d,RH53.00,2.0,TPCL,TPCL,0,Subs Itr rel,DLMS Order,"1PH 10-60A,  Cl.1.0",CYGNUS,SMART,BHR,bug fixed,2024-04-12T00:00:00.000Z,2024-06-14T00:00:00.000Z,2024-06-18T00:00:00.000Z,2024-06-19T00:00:00.000Z,1970-01-01T00:00:00.000Z,0.0,0.0,5.0,2.0,2.0,2.0,0,1970-01-01T00:00:00.000Z,0,0,0,0.0,False,66ff8d975fd9b4586d60349d,0,0
66ff8d975fd9b4586d60349e,RH58.00,2.0,Adani,UPCL ,Quectel,Released,DLMS Order,"1PH 10-60A,  Cl.1.0",CYGNUS,SMART,VN,bug fixed,2024-05-13T00:00:00.000Z,2024-06-17T00:00:00.000Z,2024-06-17T00:00:00.000Z,2024-06-17T00:00:00.000Z,1970-01-01T00:00:00.000Z,0.0,0.0,1.0,0.0,1.0,1.0,QER-109140,2024-06-18T00:00:00.000Z,BCP,0,0,0.0,False,66ff8d975fd9b4586d60349e,0,0
66ff8d975fd9b4586d60349f,RH62.00,0.0,Alfanar ,MPMKVVCL-Bhopal,0,Stopped,DLMS Order,"1PH 10-60A,  Cl.1.0",CYGNUS,SMART,BCP,New firmware,2024-06-17T00:00:00.000Z,2024-06-17T00:00:00.000Z,2024-06-18T00:00:00.000Z,1970-01-01T00:00:00.000Z,1970-01-01T00:00:00.000Z,0.0,0.0,2.0,1.0,0.0,0.0,0,1970-01-01T00:00:00.000Z,0,0,yes,0.0,False,66ff8d975fd9b4586d60349f,0,0
66ff8d975fd9b4586d6034a0,nLo041.09,9.0,Iskraemeco ,UGVCL,(consumer with DI without 200/5 ratio),Released,DLMS Order,3P4W LTCT 240V 5-10A,NORTEM,SMART,DK,process related change,2024-06-17T00:00:00.000Z,2024-06-17T00:00:00.000Z,2024-06-17T00:00:00.000Z,2024-06-18T00:00:00.000Z,1970-01-01T00:00:00.000Z,0.0,0.0,1.0,0.0,2.0,1.0,QER-109134(1),2024-06-18T00:00:00.000Z,0,0,0,0.0,False,66ff8d975fd9b4586d6034a0,0,0
66ff8d975fd9b4586d6034a1,RH47.00,4.0,Adani,APEPDCL,0,Released,DLMS Order,"1PH 10-60A,  Cl.1.0",CYGNUS,SMART,VN,bug fixed,2024-04-01T00:00:00.000Z,2024-06-17T00:00:00.000Z,2024-06-18T00:00:00.000Z,2024-06-18T00:00:00.000Z,1970-01-01T00:00:00.000Z,0.0,0.0,2.0,1.0,1.0,1.0,QER-109146,2024-06-24T00:00:00.000Z,SR,0,0,0.0,False,66ff8d975fd9b4586d6034a1,0,0
66ff8d975fd9b4586d6034a2,HHo014.00,0.0,Montecarlo ,MSEDCL,DI,Withdrawn,DLMS Order, 3P4W HTCT Cl 0.2 5-10A,NORTEM,SMART,0,New firmware,2024-06-17T00:00:00.000Z,2024-06-17T00:00:00.000Z,1970-01-01T00:00:00.000Z,1970-01-01T00:00:00.000Z,1970-01-01T00:00:00.000Z,0.0,0.0,0.0,0.0,1.0,0.0,0,1970-01-01T00:00:00.000Z,0,0,yes,0.0,False,66ff8d975fd9b4586d6034a2,0,0
66ff8d975fd9b4586d6034a3,HHo013.00,0.0,Montecarlo ,MSEDCL,w/o DI,Withdrawn,DLMS Order, 3P4W HTCT Cl 0.5 5-10A,NORTEM,SMART,0,New firmware,2024-06-17T00:00:00.000Z,2024-06-17T00:00:00.000Z,1970-01-01T00:00:00.000Z,1970-01-01T00:00:00.000Z,1970-01-01T00:00:00.000Z,0.0,0.0,0.0,0.0,1.0,0.0,0,1970-01-01T00:00:00.000Z,0,0,yes,0.0,False,66ff8d975fd9b4586d6034a3,0,0
66ff8d975fd9b4586d6034a4,HHo011.02,2.0,Montecarlo ,MSEDCL,DI,Stopped,DLMS Order, 3P4W HTCT Cl 0.5 5-10A,NORTEM,SMART,VK,New firmware,2024-06-17T00:00:00.000Z,2024-06-17T00:00:00.000Z,2024-06-18T00:00:00.000Z,1970-01-01T00:00:00.000Z,1970-01-01T00:00:00.000Z,0.0,0.0,2.0,1.0,0.0,0.0,0,1970-01-01T00:00:00.000Z,0,0,0,0.0,False,66ff8d975fd9b4586d6034a4,0,0
66ff8d975fd9b4586d6034a5,CAO02200,0.0,ESP,Innologics,0,Released,DLMS Order, 3P4W LTWC Cl 1.0 10-100A,CHRONAS,SMART,VN,CAO0090004 modified for CR changes,2024-06-17T00:00:00.000Z,2024-06-17T00:00:00.000Z,2024-06-18T00:00:00.000Z,2024-06-21T00:00:00.000Z,2024-06-25T00:00:00.000Z,4.0,2.0,2.0,1.0,4.0,4.0,QER-109157,2024-07-02T00:00:00.000Z,DK,0,0,0.0,False,66ff8d975fd9b4586d6034a5,0,0
66ff8d975fd9b4586d6034a6,nHo055.04,4.0,Iskraemeco ,UGVCL,0,Exp Next Itr,DLMS Order,3P4W HTCT 63.5V 5-10A,NORTEM,SMART,AM,bug fixed,2024-05-10T00:00:00.000Z,2024-06-18T00:00:00.000Z,2024-06-19T00:00:00.000Z,2024-06-20T00:00:00.000Z,2024-06-24T00:00:00.000Z,4.0,2.0,2.0,1.0,2.0,2.0,0,1970-01-01T00:00:00.000Z,SAN,0,0,0.0,False,66ff8d975fd9b4586d6034a6,0,0
66ff8d975fd9b4586d6034a7,COC59.00 ,0.0,Rajashree Electricals,Rajashree Electricals,0,Exp Next Itr,DLMS Order, 3P4W LTWC Cl 1.0 10-60A,SFF,TVM LT WC,BCP,CR changes,2024-06-18T00:00:00.000Z,2024-06-18T00:00:00.000Z,2024-06-28T00:00:00.000Z,2024-06-28T00:00:00.000Z,1970-01-01T00:00:00.000Z,0.0,0.0,11.0,6.0,1.0,1.0,0,1970-01-01T00:00:00.000Z,0,0,yes,0.0,False,66ff8d975fd9b4586d6034a7,0,0
66ff8d975fd9b4586d6034a8,nHo038.03,3.0,NCC,NBPDCL,0,Completed,DLMS Order,3P4W HTCT 63.5V 5-10A,NORTEM,SMART,AM,bug fixed,2024-03-05T00:00:00.000Z,2024-06-19T00:00:00.000Z,2024-06-25T00:00:00.000Z,2024-06-26T00:00:00.000Z,1970-01-01T00:00:00.000Z,0.0,0.0,7.0,4.0,2.0,2.0,0,1970-01-01T00:00:00.000Z,DK,0,0,0.0,False,66ff8d975fd9b4586d6034a8,0,0
66ff8d975fd9b4586d6034a9,HHo004.08,8.0,Adani,MSEDCL,0,Released,DLMS Order, 3P4W HTCT Cl 0.5 5-10A,NORTEM,SMART,DK,bug fixed,2024-06-19T00:00:00.000Z,2024-06-19T00:00:00.000Z,2024-06-19T00:00:00.000Z,2024-06-19T00:00:00.000Z,1970-01-01T00:00:00.000Z,0.0,0.0,1.0,0.0,1.0,0.5,109124(3),2024-07-11T00:00:00.000Z,0,0,0,0.0,False,66ff8d975fd9b4586d6034a9,0,0
66ff8d975fd9b4586d6034aa,HHo008.03,3.0,Adani,MSEDCL,0,Exp Next Itr,DLMS Order, 3P4W HTCT Cl 0.2 5-10A,NORTEM,SMART,NB,bug fixed,2024-05-22T00:00:00.000Z,2024-06-19T00:00:00.000Z,2024-06-20T00:00:00.000Z,2024-06-20T00:00:00.000Z,1970-01-01T00:00:00.000Z,0.0,0.0,2.0,0.0,1.0,0.5,0,1970-01-01T00:00:00.000Z,0,0,0,0.0,False,66ff8d975fd9b4586d6034aa,0,0
66ff8d975fd9b4586d6034ab,HHo009.03,3.0,Adani,MSEDCL,w/o DI,Exp Next Itr,DLMS Order, 3P4W HTCT Cl 0.2 5-10A,NORTEM,SMART,ABK,bug fixed,2024-05-24T00:00:00.000Z,2024-06-19T00:00:00.000Z,2024-06-20T00:00:00.000Z,2024-06-20T00:00:00.000Z,1970-01-01T00:00:00.000Z,0.0,0.0,2.0,0.0,1.0,0.5,0,1970-01-01T00:00:00.000Z,0,0,0,0.0,False,66ff8d975fd9b4586d6034ab,0,0
66ff8d975fd9b4586d6034ac,HHo014.01,1.0,Montecarlo ,MSEDCL,DI,Withdrawn,DLMS Order, 3P4W HTCT Cl 0.2 5-10A,NORTEM,SMART,0,New firmware,2024-06-17T00:00:00.000Z,2024-06-19T00:00:00.000Z,1970-01-01T00:00:00.000Z,1970-01-01T00:00:00.000Z,1970-01-01T00:00:00.000Z,0.0,0.0,0.0,0.0,1.0,0.0,0,1970-01-01T00:00:00.000Z,0,0,yes,0.0,False,66ff8d975fd9b4586d6034ac,0,0
66ff8d975fd9b4586d6034ad,HHo013.01,1.0,Montecarlo ,MSEDCL,w/o DI,Withdrawn,DLMS Order, 3P4W HTCT Cl 0.5 5-10A,NORTEM,SMART,0,New firmware,2024-06-17T00:00:00.000Z,2024-06-19T00:00:00.000Z,1970-01-01T00:00:00.000Z,1970-01-01T00:00:00.000Z,1970-01-01T00:00:00.000Z,0.0,0.0,0.0,0.0,1.0,0.0,0,1970-01-01T00:00:00.000Z,0,0,yes,0.0,False,66ff8d975fd9b4586d6034ad,0,0
66ff8d975fd9b4586d6034ae,HHo011.03,3.0,Montecarlo ,MSEDCL,DI,Subs Itr rel,DLMS Order, 3P4W HTCT Cl 0.5 5-10A,NORTEM,SMART,VK,New firmware,2024-06-17T00:00:00.000Z,2024-06-19T00:00:00.000Z,2024-06-19T00:00:00.000Z,2024-06-24T00:00:00.000Z,2024-06-25T00:00:00.000Z,1.0,1.0,1.0,0.0,6.0,4.0,0,1970-01-01T00:00:00.000Z,AVM,0,yes,0.0,False,66ff8d975fd9b4586d6034ae,0,0
66ff8d975fd9b4586d6034af,HHo007.03,3.0,Adani,MSEDCL,0,Completed,DLMS Order, 3P4W HTCT Cl 0.5 5-10A,NORTEM,SMART,DK,bug fixed,2024-05-24T00:00:00.000Z,2024-06-19T00:00:00.000Z,2024-06-19T00:00:00.000Z,2024-06-19T00:00:00.000Z,1970-01-01T00:00:00.000Z,0.0,0.0,1.0,0.0,1.0,0.5,0,1970-01-01T00:00:00.000Z,0,0,0,0.0,False,66ff8d975fd9b4586d6034af,0,0
66ff8d975fd9b4586d6034b0,CAO01600,3.0,Adani,AEML,Nbiot,Released,DLMS Order, 3P4W LTWC Cl 1.0 10-100A,CHRONAS,SMART,VN,bug fixed,2024-03-04T00:00:00.000Z,2024-06-19T00:00:00.000Z,2024-06-25T00:00:00.000Z,2024-06-27T00:00:00.000Z,2024-07-01T00:00:00.000Z,4.0,2.0,7.0,4.0,3.0,2.0,109172,2024-07-10T00:00:00.000Z,BHR,0,0,0.0,False,66ff8d975fd9b4586d6034b0,0,0
66ff8d975fd9b4586d6034b1,nLo044.02,2.0,TPCL,TPCL,4G,Subs Itr rel,DLMS Order,3P4W LTCT 240V 5-10A,NORTEM,SMART,DK,bug fixed,2024-06-01T00:00:00.000Z,2024-06-19T00:00:00.000Z,2024-06-21T00:00:00.000Z,2024-06-25T00:00:00.000Z,2024-06-28T00:00:00.000Z,3.0,3.0,3.0,1.0,5.0,3.0,0,1970-01-01T00:00:00.000Z,AVM,0,0,0.0,False,66ff8d975fd9b4586d6034b1,0,0
66ff8d975fd9b4586d6034b2,CBO019.00,4.0,Adani,APEPDCL ,4G,Subs Itr rel,DLMS Order, 3P4W LTWC Cl 1.0 10-60A,CHRONAS,SMART,BHR,Bug fixed,2024-03-15T00:00:00.000Z,2024-06-20T00:00:00.000Z,2024-06-20T00:00:00.000Z,2024-06-21T00:00:00.000Z,2024-06-25T00:00:00.000Z,4.0,2.0,1.0,0.0,2.0,2.0,0,1970-01-01T00:00:00.000Z,AVM,0,0,0.0,False,66ff8d975fd9b4586d6034b2,0,0
66ff8d975fd9b4586d6034b3,RH62.00,1.0,Alfanar ,MPMKVVCL-Bhopal,0,Subs Itr rel,DLMS Order,"1PH 10-60A,  Cl.1.0",CYGNUS,SMART,BCP,New firmware,2024-06-17T00:00:00.000Z,2024-06-19T00:00:00.000Z,2024-06-20T00:00:00.000Z,2024-06-21T00:00:00.000Z,2024-06-24T00:00:00.000Z,3.0,1.0,2.0,0.0,2.0,2.0,0,1970-01-01T00:00:00.000Z,SS,0,yes,0.0,False,66ff8d975fd9b4586d6034b3,0,0
66ff8d975fd9b4586d6034b4,5HD1N.75 ,0.0,NTPC,NTPC,0,Released,DLMS Order,3P4W 63.5V 5-10A Cl 0.2 Opt + RS232,N2AVE,TVM HT 0.2,DK,Checklist implementation and CR changes,2024-06-20T00:00:00.000Z,2024-06-20T00:00:00.000Z,2024-07-04T00:00:00.000Z,2024-07-08T00:00:00.000Z,2024-07-09T00:00:00.000Z,1.0,1.0,15.0,8.0,5.0,3.0,109171,2024-07-10T00:00:00.000Z,VK,0,0,0.0,False,66ff8d975fd9b4586d6034b4,0,0
66ff8d975fd9b4586d6034b5,RH63.00,1.0,Adani,APCPDCL,4G,Subs Itr rel,DLMS Order,"1PH 10-60A,  Cl.1.0",CYGNUS,SMART,NB,RH47 serial number change,2024-06-20T00:00:00.000Z,2024-06-20T00:00:00.000Z,2024-06-21T00:00:00.000Z,2024-06-28T00:00:00.000Z,2024-07-02T00:00:00.000Z,4.0,2.0,2.0,0.0,8.0,6.0,0,1970-01-01T00:00:00.000Z,0,yes,0,0.0,False,66ff8d975fd9b4586d6034b5,0,0
66ff8d975fd9b4586d6034b6,RH64.00,1.0,Adani,APSPDCL,4G,Subs Itr rel,DLMS Order,"1PH 10-60A,  Cl.1.0",CYGNUS,SMART,ABK,RH47 serial number change,2024-06-20T00:00:00.000Z,2024-06-20T00:00:00.000Z,2024-06-21T00:00:00.000Z,2024-06-28T00:00:00.000Z,2024-07-02T00:00:00.000Z,4.0,2.0,2.0,0.0,8.0,6.0,0,1970-01-01T00:00:00.000Z,SR,yes,0,0.0,False,66ff8d975fd9b4586d6034b6,0,0
66ff8d975fd9b4586d6034b7,nLo047.03,3.0,Montecarlo ,MSEDCL,"4G, DI",Subs Itr rel,DLMS Order,"3P4W LTCT 240V 5-10A,",NORTEM,SMART,BHR,Bug fixed,2024-06-05T00:00:00.000Z,2024-06-21T00:00:00.000Z,2024-06-24T00:00:00.000Z,2024-06-25T00:00:00.000Z,2024-06-27T00:00:00.000Z,2.0,2.0,4.0,2.0,2.0,2.0,0,1970-01-01T00:00:00.000Z,AM,0,0,0.0,False,66ff8d975fd9b4586d6034b7,0,0
66ff8d975fd9b4586d6034b8,nLo048.03,3.0,Montecarlo ,MSEDCL,"4G, w/o DI",Subs Itr rel,DLMS Order,"3P4W LTCT 240V 5-10A,",NORTEM,SMART,VN,Bug fixed,2024-06-05T00:00:00.000Z,2024-06-21T00:00:00.000Z,2024-06-28T00:00:00.000Z,2024-07-02T00:00:00.000Z,1970-01-01T00:00:00.000Z,0.0,0.0,8.0,4.0,5.0,2.0,0,1970-01-01T00:00:00.000Z,0,0,0,0.0,False,66ff8d975fd9b4586d6034b8,0,0
66ff8d975fd9b4586d6034b9,nLo057.03,3.0,Adani,APEPDCL,4G,Subs Itr rel,DLMS Order,"3P4W LTCT 240V 5-10A,",NORTEM,SMART,SS,Bug fixed,2024-06-04T00:00:00.000Z,2024-06-25T00:00:00.000Z,2024-06-25T00:00:00.000Z,2024-07-01T00:00:00.000Z,1970-01-01T00:00:00.000Z,0.0,0.0,1.0,0.0,7.0,5.0,0,1970-01-01T00:00:00.000Z,0,0,0,0.0,False,66ff8d975fd9b4586d6034b9,0,0
66ff8d975fd9b4586d6034ba,HHo016.01,1.0,GMR,DVVNL,4G,Subs Itr rel,DLMS Order, 3P4W HTCT Cl 0.2 5-10A,NORTEM,SMART,BCP/VK,Bug fixed(HHO010.00 Firmware is modified ),2024-06-25T00:00:00.000Z,2024-06-25T00:00:00.000Z,2024-06-25T00:00:00.000Z,2024-06-27T00:00:00.000Z,1970-01-01T00:00:00.000Z,0.0,0.0,1.0,0.0,3.0,3.0,0,1970-01-01T00:00:00.000Z,0,0,0,0.0,False,66ff8d975fd9b4586d6034ba,0,0
66ff8d975fd9b4586d6034bb,CBO019.00,5.0,Adani,APEPDCL ,4G,Subs Itr rel,DLMS Order, 3P4W LTWC Cl 1.0 10-60A,CHRONAS,SMART,BCP,Bug fixed,2024-03-15T00:00:00.000Z,2024-06-25T00:00:00.000Z,2024-06-26T00:00:00.000Z,2024-06-26T00:00:00.000Z,1970-01-01T00:00:00.000Z,0.0,0.0,2.0,1.0,1.0,0.5,0,1970-01-01T00:00:00.000Z,0,0,0,0.0,False,66ff8d975fd9b4586d6034bb,0,0
66ff8d975fd9b4586d6034bc,RH66.00,0.0,GMR,PuVVNL,0,Released,DLMS Order,"1PH 10-60A,  Cl.1.0",CYGNUS,SMART,NB,RH61.00 Fw modified for Quectel,2024-06-25T00:00:00.000Z,2024-06-25T00:00:00.000Z,2024-07-03T00:00:00.000Z,2024-07-09T00:00:00.000Z,2024-07-11T00:00:00.000Z,2.0,2.0,9.0,5.0,7.0,5.0,QER-109189,2024-07-26T00:00:00.000Z,VN,0,0,0.0,False,66ff8d975fd9b4586d6034bc,0,0
66ff8d975fd9b4586d6034bd,HHo011.04,4.0,Montecarlo ,MSEDCL,DI,Subs Itr rel,DLMS Order, 3P4W HTCT Cl 0.5 5-10A,NORTEM,SMART,AVM,Bug fixed,2024-06-17T00:00:00.000Z,2024-06-25T00:00:00.000Z,2024-06-26T00:00:00.000Z,2024-06-27T00:00:00.000Z,1970-01-01T00:00:00.000Z,0.0,0.0,2.0,0.0,2.0,2.0,0,1970-01-01T00:00:00.000Z,BHR,0,0,0.0,False,66ff8d975fd9b4586d6034bd,0,0
66ff8d975fd9b4586d6034be,HHo014.02,2.0,Montecarlo ,MSEDCL,DI,Exp Next Itr,DLMS Order, 3P4W HTCT Cl 0.2 5-10A,NORTEM,SMART,BHR, HHo011 modified for changes,2024-06-17T00:00:00.000Z,2024-06-25T00:00:00.000Z,2024-07-01T00:00:00.000Z,2024-07-03T00:00:00.000Z,1970-01-01T00:00:00.000Z,0.0,0.0,7.0,4.0,3.0,3.0,0,1970-01-01T00:00:00.000Z,0,0,0,0.0,False,66ff8d975fd9b4586d6034be,0,0
66ff8d975fd9b4586d6034bf,HHo013.02,2.0,Montecarlo ,MSEDCL,w/o DI,Subs Itr rel,DLMS Order, 3P4W HTCT Cl 0.5 5-10A,NORTEM,SMART,BCP, HHo011 modified for changes,2024-06-17T00:00:00.000Z,2024-06-25T00:00:00.000Z,2024-07-01T00:00:00.000Z,2024-07-02T00:00:00.000Z,2024-07-03T00:00:00.000Z,1.0,1.0,7.0,4.0,2.0,2.0,0,1970-01-01T00:00:00.000Z,AVM,0,0,0.0,False,66ff8d975fd9b4586d6034bf,0,0
66ff8d975fd9b4586d6034c0,RH52.00,0.0,GMR,DVVNL,0,Released,DLMS Order,"1PH 10-60A,  Cl.1.0",CYGNUS,SMART,ABK,RH43 modified for Quectel,2024-06-26T00:00:00.000Z,2024-06-26T00:00:00.000Z,2024-07-03T00:00:00.000Z,2024-07-09T00:00:00.000Z,2024-07-11T00:00:00.000Z,2.0,2.0,8.0,4.0,7.0,5.0,QER 109193,2024-08-01T00:00:00.000Z,0,0,0,0.0,False,66ff8d975fd9b4586d6034c0,0,0
66ff8d975fd9b4586d6034c1,CBO019.00,6.0,Adani,APEPDCL ,4G,Released,DLMS Order, 3P4W LTWC Cl 1.0 10-60A,CHRONAS,SMART,VN,Bug fixed,2024-03-15T00:00:00.000Z,2024-06-26T00:00:00.000Z,2024-06-26T00:00:00.000Z,2024-06-26T00:00:00.000Z,1970-01-01T00:00:00.000Z,0.0,0.0,1.0,0.0,1.0,0.5,QER-109150 ,2024-06-26T00:00:00.000Z,0,0,0,0.0,False,66ff8d975fd9b4586d6034c1,0,0
66ff8d975fd9b4586d6034c2,UC01.01,0.0,CESC,Kolkata,0,Released,DLMS Order,"1PH 05-60A,  Cl.1.0",SFF,ENM,DK,CR changes/Field modification,2024-06-26T00:00:00.000Z,2024-06-26T00:00:00.000Z,2024-06-28T00:00:00.000Z,2024-07-01T00:00:00.000Z,2024-07-03T00:00:00.000Z,2.0,2.0,3.0,1.0,4.0,1.0,108689(1),2024-07-11T00:00:00.000Z,VN,0,0,0.0,False,66ff8d975fd9b4586d6034c2,0,0
66ff8d975fd9b4586d6034c3,COP03.01,0.0,CESC,Kolkata,0,Released,DLMS Order, 3P4W LTWC Cl 1.0 10-60A,VENUS,TVM LT WC,DK,CR changes/Field modification,2024-06-27T00:00:00.000Z,2024-06-27T00:00:00.000Z,2024-06-28T00:00:00.000Z,2024-06-28T00:00:00.000Z,1970-01-01T00:00:00.000Z,0.0,0.0,2.0,1.0,1.0,1.0,108729(1),2024-07-12T00:00:00.000Z,AM,0,0,0.0,False,66ff8d975fd9b4586d6034c3,0,0
66ff8d975fd9b4586d6034c4,CAO02100,0.0,TPCL,TPCL,4G(SIMCOM module with taoglass ),Exp Next Itr,DLMS Order, 3P4W LTWC Cl 1.0 10-100A,CHRONAS,SMART,AVM/SAN,New firmware,2024-06-27T00:00:00.000Z,2024-06-27T00:00:00.000Z,2024-06-28T00:00:00.000Z,2024-07-11T00:00:00.000Z,2024-07-15T00:00:00.000Z,4.0,2.0,2.0,1.0,14.0,10.0,0,1970-01-01T00:00:00.000Z,BHR,0,yes,0.0,False,66ff8d975fd9b4586d6034c4,0,0
66ff8d975fd9b4586d6034c5,nLo052.00,0.0,Montecarlo ,MSEDCL,"RF, DI",Withdrawn,DLMS Order,"3P4W LTCT 240V 5-10A,",NORTEM,SMART,0,New firmware,2024-06-27T00:00:00.000Z,2024-06-27T00:00:00.000Z,1970-01-01T00:00:00.000Z,1970-01-01T00:00:00.000Z,1970-01-01T00:00:00.000Z,0.0,0.0,0.0,4.0,1.0,0.0,0,1970-01-01T00:00:00.000Z,0,0,yes,0.0,False,66ff8d975fd9b4586d6034c5,0,0
66ff8d975fd9b4586d6034c6,HHo016.02,2.0,GMR,DVVNL,4G,Subs Itr rel,DLMS Order, 3P4W HTCT Cl 0.2 5-10A,NORTEM,SMART,VK/AVM,Bug fixed,2024-06-25T00:00:00.000Z,2024-06-28T00:00:00.000Z,2024-06-28T00:00:00.000Z,2024-06-28T00:00:00.000Z,1970-01-01T00:00:00.000Z,0.0,0.0,1.0,0.0,1.0,1.0,0,1970-01-01T00:00:00.000Z,SR,0,0,0.0,False,66ff8d975fd9b4586d6034c6,0,0
66ff8d975fd9b4586d6034c7,RH53.00,3.0,TPCL,TPCL,0,Subs Itr rel,DLMS Order,"1PH 10-60A,  Cl.1.0",CYGNUS,SMART,SS,bug fixed,2024-04-12T00:00:00.000Z,2024-06-28T00:00:00.000Z,2024-07-01T00:00:00.000Z,2024-07-02T00:00:00.000Z,2024-07-04T00:00:00.000Z,2.0,2.0,4.0,2.0,2.0,2.0,0,1970-01-01T00:00:00.000Z,AM,0,0,0.0,False,66ff8d975fd9b4586d6034c7,0,0
66ff8d975fd9b4586d6034c8,HHo016.03,3.0,GMR,DVVNL,4G,Released,DLMS Order, 3P4W HTCT Cl 0.2 5-10A,NORTEM,SMART,0,Bug fixed,2024-06-25T00:00:00.000Z,2024-06-28T00:00:00.000Z,2024-06-28T00:00:00.000Z,2024-07-01T00:00:00.000Z,1970-01-01T00:00:00.000Z,0.0,0.0,1.0,0.0,4.0,1.0,QER-109155,2024-07-01T00:00:00.000Z,AVM,0,0,0.0,False,66ff8d975fd9b4586d6034c8,0,0
66ff8d975fd9b4586d6034c9,RH62.00,2.0,Alfanar ,MPMKVVCL-Bhopal,0,Subs Itr rel,DLMS Order,"1PH 10-60A,  Cl.1.0",CYGNUS,SMART,AM,Bug fixed,2024-06-17T00:00:00.000Z,2024-07-02T00:00:00.000Z,2024-07-02T00:00:00.000Z,2024-07-03T00:00:00.000Z,1970-01-01T00:00:00.000Z,0.0,0.0,1.0,0.0,2.0,1.0,0,1970-01-01T00:00:00.000Z,0,0,0,0.0,False,66ff8d975fd9b4586d6034c9,0,0
66ff8d975fd9b4586d6034ca,COT62.01,1.0,TPL,Surat,0,Released,DLMS Order, 3P4W LTWC Cl 1.0 10-60A,M3R,TVM LT WC,DK,Bug fixed,2024-06-06T00:00:00.000Z,2024-07-01T00:00:00.000Z,2024-07-01T00:00:00.000Z,2024-07-02T00:00:00.000Z,2024-07-03T00:00:00.000Z,1.0,2.0,1.0,0.0,2.0,2.0,108526(1),2024-07-03T00:00:00.000Z,BCP,0,0,0.0,False,66ff8d975fd9b4586d6034ca,0,0
66ff8d975fd9b4586d6034cb,CON13.00,1.0,ESP,ESP,0,Released,DLMS Order, 3P 4W- SFF-LT 5-10A,SFF,TVM LT 0.5,DK,Bug fixed (kwh meter),2024-05-30T00:00:00.000Z,2024-07-02T00:00:00.000Z,2024-07-02T00:00:00.000Z,2024-07-02T00:00:00.000Z,1970-01-01T00:00:00.000Z,0.0,0.0,1.0,0.0,1.0,1.0,109209,2024-08-27T00:00:00.000Z,0,0,0,0.0,False,66ff8d975fd9b4586d6034cb,0,0
66ff8d975fd9b4586d6034cc,HHo019.00,0.0,GMR,PuVVNL,4G,Released,DLMS Order, 3P4W HTCT Cl 0.2 5-10A,NORTEM,SMART,VK,code compare,2024-06-25T00:00:00.000Z,2024-07-01T00:00:00.000Z,2024-07-01T00:00:00.000Z,2024-07-01T00:00:00.000Z,1970-01-01T00:00:00.000Z,0.0,0.0,1.0,0.0,1.0,0.5,QER-109156,2024-07-02T00:00:00.000Z,0,yes,0,0.0,False,66ff8d975fd9b4586d6034cc,0,0
66ff8d975fd9b4586d6034cd,nLo044.03,3.0,TPCL,TPCL,4G,Subs Itr rel,DLMS Order,3P4W LTCT 240V 5-10A,NORTEM,SMART,VK,bug fixed,2024-06-01T00:00:00.000Z,2024-07-02T00:00:00.000Z,2024-07-02T00:00:00.000Z,2024-07-02T00:00:00.000Z,1970-01-01T00:00:00.000Z,0.0,0.0,1.0,0.0,1.0,1.0,0,1970-01-01T00:00:00.000Z,SAN,0,0,0.0,False,66ff8d975fd9b4586d6034cd,0,0
66ff8d975fd9b4586d6034ce,RN14.02,0.0,EESL,UP,0,Released,DLMS Order,"1PH 10-60A,  Cl.1.0",SM19E,SMART,AVM,Field issue fixed,2024-07-02T00:00:00.000Z,2024-07-02T00:00:00.000Z,2024-07-08T00:00:00.000Z,2024-07-09T00:00:00.000Z,1970-01-01T00:00:00.000Z,0.0,0.0,7.0,4.0,2.0,1.0,QER-108584(2),2024-07-09T00:00:00.000Z,0,0,0,0.0,False,66ff8d975fd9b4586d6034ce,0,0
66ff8d975fd9b4586d6034cf,nLo047.04,4.0,Montecarlo ,MSEDCL,"4G, DI",Released,DLMS Order,"3P4W LTCT 240V 5-10A,",NORTEM,SMART,DK,Bug fixed,2024-06-05T00:00:00.000Z,2024-07-02T00:00:00.000Z,2024-07-02T00:00:00.000Z,2024-07-03T00:00:00.000Z,1970-01-01T00:00:00.000Z,0.0,0.0,1.0,0.0,2.0,1.0,QER-109161,2024-07-03T00:00:00.000Z,VK,0,0,0.0,False,66ff8d975fd9b4586d6034cf,0,0
66ff8d975fd9b4586d6034d0,nLo048.04,4.0,Montecarlo ,MSEDCL,"4G, w/o DI",Withdrawn,DLMS Order,"3P4W LTCT 240V 5-10A,",NORTEM,SMART,VN,Bug fixed,2024-06-05T00:00:00.000Z,2024-07-02T00:00:00.000Z,2024-07-02T00:00:00.000Z,2024-07-03T00:00:00.000Z,1970-01-01T00:00:00.000Z,0.0,0.0,1.0,0.0,2.0,1.0,QER-109162,2024-07-04T00:00:00.000Z,SS,0,0,0.0,False,66ff8d975fd9b4586d6034d0,0,0
66ff8d975fd9b4586d6034d1,RH67.00,0.0,Intellismart,PVVNL,4GQuectel,Released,DLMS Order,"1Ph 4G 10-60A , Cl.1.0",CYGNUS,SMART,BCP,RH44 modified for trilliant data set,2024-07-03T00:00:00.000Z,2024-07-03T00:00:00.000Z,2024-07-03T00:00:00.000Z,2024-07-05T00:00:00.000Z,1970-01-01T00:00:00.000Z,0.0,0.0,1.0,0.0,3.0,3.0,109170,2024-07-09T00:00:00.000Z,AVM,0,0,0.0,False,66ff8d975fd9b4586d6034d1,0,0
66ff8d975fd9b4586d6034d2,CBO026.00,0.0,Adani,APSPDCL,4G,Subs Itr rel,DLMS Order, 3P4W LTWC Cl 1.0 10-60A,CHRONAS,SMART,VN,CBO.019 F/W Sr. no. format is change ,2024-07-03T00:00:00.000Z,2024-07-03T00:00:00.000Z,2024-07-04T00:00:00.000Z,2024-07-09T00:00:00.000Z,2024-07-11T00:00:00.000Z,2.0,2.0,2.0,0.0,6.0,4.0,0,1970-01-01T00:00:00.000Z,BHR,0,0,0.0,False,66ff8d975fd9b4586d6034d2,0,0
66ff8d975fd9b4586d6034d3,CBO025.00,0.0,Adani,APCPDCL,4G,Subs Itr rel,DLMS Order, 3P4W LTWC Cl 1.0 10-60A,CHRONAS,SMART,VN,CBO.019 F/W Sr. no. format is change ,2024-07-03T00:00:00.000Z,2024-07-03T00:00:00.000Z,2024-07-04T00:00:00.000Z,2024-07-09T00:00:00.000Z,2024-07-11T00:00:00.000Z,2.0,2.0,2.0,1.0,6.0,4.0,0,1970-01-01T00:00:00.000Z,0,0,0,0.0,False,66ff8d975fd9b4586d6034d3,0,0
66ff8d975fd9b4586d6034d4,HHo019.01,1.0,GMR,PuVVNL,4G,Released,DLMS Order, 3P4W HTCT Cl 0.2 5-10A,NORTEM,SMART,AM,code compare,2024-07-03T00:00:00.000Z,2024-07-03T00:00:00.000Z,2024-07-03T00:00:00.000Z,2024-07-03T00:00:00.000Z,1970-01-01T00:00:00.000Z,0.0,0.0,1.0,0.0,1.0,0.5,109156(1),2024-07-03T00:00:00.000Z,0,0,0,0.0,False,66ff8d975fd9b4586d6034d4,0,0
66ff8d975fd9b4586d6034d5,CLO001.00,0.0,Alfanar ,MPMKVVCL-Bhopal,"4G, with DI",Exp Next Itr,DLMS Order, 3P4W LTCT Cl 0.5 5-10A,CHRONAS,SMART,VK,New firmware,2024-07-03T00:00:00.000Z,2024-07-03T00:00:00.000Z,2024-07-09T00:00:00.000Z,2024-07-19T00:00:00.000Z,2024-07-23T00:00:00.000Z,4.0,2.0,7.0,4.0,11.0,7.0,0,1970-01-01T00:00:00.000Z,SAN,0,yes,0.0,False,66ff8d975fd9b4586d6034d5,0,0
66ff8d975fd9b4586d6034d6,CLO002.00,0.0,Alfanar ,MPMKVVCL-Bhopal,"4G, w/o DI",Exp Next Itr,DLMS Order, 3P4W LTCT Cl 0.5 5-10A,CHRONAS,SMART,VN,New firmware,2024-07-03T00:00:00.000Z,2024-07-03T00:00:00.000Z,2024-07-16T00:00:00.000Z,2024-07-30T00:00:00.000Z,2024-08-01T00:00:00.000Z,2.0,2.0,14.0,8.0,15.0,10.0,0,1970-01-01T00:00:00.000Z,SS,0,yes,0.0,False,66ff8d975fd9b4586d6034d6,0,0
66ff8d975fd9b4586d6034d7,HHo011.05,5.0,Montecarlo ,MSEDCL,DI,Released,DLMS Order, 3P4W HTCT Cl 0.5 5-10A,NORTEM,SMART,AM,Bug fixed(read remarks),2024-06-17T00:00:00.000Z,2024-07-03T00:00:00.000Z,2024-07-04T00:00:00.000Z,2024-07-04T00:00:00.000Z,1970-01-01T00:00:00.000Z,0.0,0.0,2.0,1.0,1.0,0.5,QER-109163,2024-07-04T00:00:00.000Z,0,0,0,0.0,False,66ff8d975fd9b4586d6034d7,0,0
66ff8d975fd9b4586d6034d8,HHo014.03,3.0,Montecarlo ,MSEDCL,DI,Exp Next Itr,DLMS Order, 3P4W HTCT Cl 0.2 5-10A,NORTEM,SMART,BHR,Bug fixed,2024-06-17T00:00:00.000Z,2024-07-04T00:00:00.000Z,2024-07-04T00:00:00.000Z,2024-07-05T00:00:00.000Z,1970-01-01T00:00:00.000Z,0.0,0.0,1.0,0.0,2.0,1.0,0,1970-01-01T00:00:00.000Z,ABK,0,0,0.0,False,66ff8d975fd9b4586d6034d8,0,0
66ff8d975fd9b4586d6034d9,HHo013.03,3.0,Montecarlo ,MSEDCL,w/o DI,Released,DLMS Order, 3P4W HTCT Cl 0.5 5-10A,NORTEM,SMART,BCP,Bug fixed,2024-06-17T00:00:00.000Z,2024-07-04T00:00:00.000Z,2024-07-04T00:00:00.000Z,2024-07-04T00:00:00.000Z,1970-01-01T00:00:00.000Z,0.0,0.0,1.0,0.0,1.0,0.5,QER-109167,2024-07-08T00:00:00.000Z,0,0,0,0.0,False,66ff8d975fd9b4586d6034d9,0,0
66ff8d975fd9b4586d6034da,nLo057.04,4.0,Adani,APEPDCL,4G,Subs Itr rel,DLMS Order,"3P4W LTCT 240V 5-10A,",NORTEM,SMART,BHR,Bug fixed,2024-06-04T00:00:00.000Z,2024-07-04T00:00:00.000Z,2024-07-05T00:00:00.000Z,2024-07-10T00:00:00.000Z,1970-01-01T00:00:00.000Z,0.0,0.0,2.0,1.0,6.0,4.0,0,1970-01-01T00:00:00.000Z,0,0,0,0.0,False,66ff8d975fd9b4586d6034da,0,0
66ff8d975fd9b4586d6034db,COT70.03,0.0,TPL,Surat,0,Released,DLMS Order, 3P4W LTWC Cl 1.0 10-60A,M3R,TVM LT WC,DK,serial number format change,2024-06-04T00:00:00.000Z,2024-07-04T00:00:00.000Z,2024-07-05T00:00:00.000Z,2024-07-05T00:00:00.000Z,1970-01-01T00:00:00.000Z,0.0,0.0,2.0,1.0,1.0,0.5,108757(3),2024-07-08T00:00:00.000Z,0,0,0,0.0,False,66ff8d975fd9b4586d6034db,0,0
66ff8d975fd9b4586d6034dc,RH62.00,3.0,Alfanar ,MPMKVVCL-Bhopal,0,Subs Itr rel,DLMS Order,"1PH 10-60A,  Cl.1.0",CYGNUS,SMART,AVM,Bug fixed,2024-06-17T00:00:00.000Z,2024-07-04T00:00:00.000Z,2024-07-05T00:00:00.000Z,2024-07-05T00:00:00.000Z,1970-01-01T00:00:00.000Z,0.0,0.0,2.0,1.0,1.0,1.0,0,1970-01-01T00:00:00.000Z,0,0,0,0.0,False,66ff8d975fd9b4586d6034dc,0,0
66ff8d975fd9b4586d6034dd,nLo061.01,1.0,GMR,DVVNL,0,Exp Next Itr,DLMS Order,3P4W LTCT 240V 5-10A,NORTEM,SMART,SR,Bug fixed,2024-05-27T00:00:00.000Z,2024-07-04T00:00:00.000Z,2024-07-09T00:00:00.000Z,2024-07-10T00:00:00.000Z,1970-01-01T00:00:00.000Z,0.0,0.0,6.0,3.0,2.0,2.0,0,1970-01-01T00:00:00.000Z,0,0,0,0.0,False,66ff8d975fd9b4586d6034dd,0,0
66ff8d975fd9b4586d6034de,nLo044.04,4.0,TPCL,TPCL,4G,Subs Itr rel,DLMS Order,3P4W LTCT 240V 5-10A,NORTEM,SMART,AM,bug fixed,2024-06-01T00:00:00.000Z,2024-07-05T00:00:00.000Z,2024-07-05T00:00:00.000Z,2024-07-05T00:00:00.000Z,1970-01-01T00:00:00.000Z,0.0,0.0,1.0,0.0,1.0,1.0,0,1970-01-01T00:00:00.000Z,0,0,0,0.0,False,66ff8d975fd9b4586d6034de,0,0
66ff8d975fd9b4586d6034df,nLo048.04,4.0,Montecarlo ,MSEDCL,"4G, w/o DI",Released,DLMS Order,"3P4W LTCT 240V 5-10A,",NORTEM,SMART,VN,Bug fixed,2024-06-05T00:00:00.000Z,2024-07-05T00:00:00.000Z,2024-07-05T00:00:00.000Z,2024-07-05T00:00:00.000Z,1970-01-01T00:00:00.000Z,0.0,0.0,1.0,0.0,1.0,0.5,109162(1),2024-07-05T00:00:00.000Z,0,0,0,0.0,False,66ff8d975fd9b4586d6034df,0,0
66ff8d975fd9b4586d6034e0,RH53.00,4.0,TPCL,TPCL,0,Subs Itr rel,DLMS Order,"1PH 10-60A,  Cl.1.0",CYGNUS,SMART,BCP,bug fixed,2024-04-12T00:00:00.000Z,2024-07-05T00:00:00.000Z,2024-07-08T00:00:00.000Z,2024-07-09T00:00:00.000Z,1970-01-01T00:00:00.000Z,0.0,0.0,4.0,2.0,2.0,1.0,0,1970-01-01T00:00:00.000Z,0,0,0,0.0,False,66ff8d975fd9b4586d6034e0,0,0
66ff8d975fd9b4586d6034e1,RH62.00,4.0,Alfanar ,MPMKVVCL-Bhopal,0,Subs Itr rel,DLMS Order,"1PH 10-60A,  Cl.1.0",CYGNUS,SMART,AVM,Bug fixed,2024-06-17T00:00:00.000Z,2024-07-08T00:00:00.000Z,2024-07-08T00:00:00.000Z,2024-07-08T00:00:00.000Z,1970-01-01T00:00:00.000Z,0.0,0.0,1.0,0.0,1.0,1.0,0,1970-01-01T00:00:00.000Z,0,0,0,0.0,False,66ff8d975fd9b4586d6034e1,0,0
66ff8d975fd9b4586d6034e2,RH47.01,0.0,Adani,APEPDCL,0,Released,DLMS Order,"1PH 10-60A,  Cl.1.0",CYGNUS,SMART,AVM,bug fixed,2024-07-08T00:00:00.000Z,2024-07-08T00:00:00.000Z,2024-07-12T00:00:00.000Z,2024-07-15T00:00:00.000Z,1970-01-01T00:00:00.000Z,0.0,0.0,5.0,2.0,4.0,2.0,QER-109146(1),2024-07-15T00:00:00.000Z,DK,0,0,0.0,False,66ff8d975fd9b4586d6034e2,0,0
66ff8d975fd9b4586d6034e3,RN15.05,0.0,EESL,Haryana,0,Released,DLMS Order,"1PH 10-60A,  Cl.1.0",SM19E,SMART,AVM,Field issue fixed,2024-07-08T00:00:00.000Z,2024-07-08T00:00:00.000Z,2024-07-08T00:00:00.000Z,2024-07-09T00:00:00.000Z,1970-01-01T00:00:00.000Z,0.0,0.0,1.0,0.0,2.0,1.0,108641(5),2024-07-09T00:00:00.000Z,0,yes,0,0.0,False,66ff8d975fd9b4586d6034e3,0,0
66ff8d975fd9b4586d6034e4,COC57.00 ,1.0,WBSEDCL,WBSEDCL ,sampark,Subs Itr rel,DLMS Order, 3P4W LTWC Cl 1.0 10-60A,SFF,TVM LT WC,DK,bug fixed,2024-06-12T00:00:00.000Z,2024-07-08T00:00:00.000Z,2024-07-10T00:00:00.000Z,2024-07-11T00:00:00.000Z,2024-07-12T00:00:00.000Z,1.0,1.0,3.0,2.0,2.0,2.0,0,1970-01-01T00:00:00.000Z,0,0,0,0.0,False,66ff8d975fd9b4586d6034e4,0,0
66ff8d975fd9b4586d6034e5,nLo044.05,5.0,TPCL,TPCL,4G,Released,DLMS Order,3P4W LTCT 240V 5-10A,NORTEM,SMART,AM,bug fixed,2024-06-01T00:00:00.000Z,2024-07-10T00:00:00.000Z,2024-07-10T00:00:00.000Z,2024-07-10T00:00:00.000Z,1970-01-01T00:00:00.000Z,0.0,0.0,1.0,0.0,1.0,1.0,109164,2024-07-10T00:00:00.000Z,0,0,0,0.0,False,66ff8d975fd9b4586d6034e5,0,0
66ff8d975fd9b4586d6034e6,CAO01801,0.0,GMR,PuVVNL ,0,Released,DLMS Order, 3P4W LTWC Cl 1.0 10-100A,CHRONAS,SMART,NB,Firmware modified for  Quectel,2024-07-09T00:00:00.000Z,2024-07-09T00:00:00.000Z,2024-07-10T00:00:00.000Z,2024-07-18T00:00:00.000Z,2024-07-22T00:00:00.000Z,4.0,2.0,2.0,1.0,9.0,7.0,109104(01),2024-08-27T00:00:00.000Z,AM,0,0,0.0,False,66ff8d975fd9b4586d6034e6,0,0
66ff8d975fd9b4586d6034e7,CAO01701,0.0,GMR,DVVNL,0,Completed,DLMS Order, 3P4W LTWC Cl 1.0 10-100A,CHRONAS,SMART,ABK,Firmware modified for  Quectel,2024-07-09T00:00:00.000Z,2024-07-09T00:00:00.000Z,2024-07-10T00:00:00.000Z,2024-07-22T00:00:00.000Z,2024-07-24T00:00:00.000Z,2.0,2.0,2.0,1.0,13.0,8.0,0,1970-01-01T00:00:00.000Z,AM,0,0,0.0,False,66ff8d975fd9b4586d6034e7,0,0
66ff8d975fd9b4586d6034e8,RH53.00,5.0,TPCL,TPCL,0,Released,DLMS Order,"1PH 10-60A,  Cl.1.0",CYGNUS,SMART,BHR,bug fixed and process change,2024-04-12T00:00:00.000Z,2024-07-09T00:00:00.000Z,2024-07-09T00:00:00.000Z,2024-07-10T00:00:00.000Z,1970-01-01T00:00:00.000Z,0.0,0.0,1.0,0.0,2.0,1.0,109174,2024-07-11T00:00:00.000Z,0,0,0,0.0,False,66ff8d975fd9b4586d6034e8,0,0
66ff8d975fd9b4586d6034e9,HHo019.02,2.0,GMR,PuVVNL,4G,Released,DLMS Order, 3P4W HTCT Cl 0.2 5-10A,NORTEM,SMART,AM,CR change,2024-07-10T00:00:00.000Z,2024-07-10T00:00:00.000Z,2024-07-11T00:00:00.000Z,2024-07-11T00:00:00.000Z,1970-01-01T00:00:00.000Z,0.0,0.0,2.0,1.0,1.0,0.5,109156(2),2024-07-11T00:00:00.000Z,0,0,0,0.0,False,66ff8d975fd9b4586d6034e9,0,0
66ff8d975fd9b4586d6034ea,CBO023.02,0.0,Adani,UPCL ,4G,Released,DLMS Order, 3P4W LTWC Cl 1.0 10-60A,CHRONAS,SMART,AM,Field modification,2024-07-10T00:00:00.000Z,2024-07-10T00:00:00.000Z,2024-07-12T00:00:00.000Z,2024-07-12T00:00:00.000Z,1970-01-01T00:00:00.000Z,0.0,0.0,3.0,1.0,1.0,0.5,109128(2),2024-07-12T00:00:00.000Z,0,yes,0,0.0,False,66ff8d975fd9b4586d6034ea,0,0
66ff8d975fd9b4586d6034eb,CBO019.01,0.0,Adani,APEPDCL ,4G,Subs Itr rel,DLMS Order, 3P4W LTWC Cl 1.0 10-60A,CHRONAS,SMART,BHR,CR changes,2024-07-11T00:00:00.000Z,2024-07-11T00:00:00.000Z,2024-07-11T00:00:00.000Z,2024-07-15T00:00:00.000Z,1970-01-01T00:00:00.000Z,0.0,0.0,1.0,0.0,5.0,3.0,0,1970-01-01T00:00:00.000Z,0,0,0,0.0,False,66ff8d975fd9b4586d6034eb,0,0
66ff8d975fd9b4586d6034ec,nLo052.01,1.0,Montecarlo ,MSEDCL,"RF, DI",Withdrawn,DLMS Order,"3P4W LTCT 240V 5-10A,",NORTEM,SMART,0,New firmware,2024-06-27T00:00:00.000Z,2024-07-11T00:00:00.000Z,1970-01-01T00:00:00.000Z,1970-01-01T00:00:00.000Z,1970-01-01T00:00:00.000Z,0.0,0.0,0.0,0.0,1.0,0.0,0,1970-01-01T00:00:00.000Z,0,0,0,0.0,False,66ff8d975fd9b4586d6034ec,0,0
66ff8d975fd9b4586d6034ed,nLo044.06,6.0,TPCL,TPCL,4G,Released,DLMS Order,3P4W LTCT 240V 5-10A,NORTEM,SMART,AM,CR changes,2024-07-11T00:00:00.000Z,2024-07-11T00:00:00.000Z,2024-07-12T00:00:00.000Z,2024-07-12T00:00:00.000Z,1970-01-01T00:00:00.000Z,0.0,0.0,2.0,1.0,1.0,1.0,109164(1),2024-07-12T00:00:00.000Z,0,0,0,0.0,False,66ff8d975fd9b4586d6034ed,0,0
66ff8d975fd9b4586d6034ee,HHo012.00,0.0,Adani,APSPDCL,4G,Withdrawn,DLMS Order, 3P4W HTCT Cl 0.2 5-10A,NORTEM,SMART,0,New firmware,2024-07-11T00:00:00.000Z,2024-07-11T00:00:00.000Z,1970-01-01T00:00:00.000Z,1970-01-01T00:00:00.000Z,1970-01-01T00:00:00.000Z,0.0,0.0,0.0,0.0,1.0,0.0,0,1970-01-01T00:00:00.000Z,0,0,0,0.0,False,66ff8d975fd9b4586d6034ee,0,0
66ff8d975fd9b4586d6034ef,SR83.00,0.0,TANGEDCO,TANGEDCO,0,Subs Itr rel,DLMS Order,"1Ph 10-60A , Cl.1.0",SFF,ENM,AVM,New firmware,2024-07-11T00:00:00.000Z,2024-07-11T00:00:00.000Z,2024-07-23T00:00:00.000Z,2024-07-26T00:00:00.000Z,2024-07-31T00:00:00.000Z,5.0,3.0,13.0,7.0,4.0,4.0,0,1970-01-01T00:00:00.000Z,BHR,0,0,0.0,False,66ff8d975fd9b4586d6034ef,0,0
66ff8d975fd9b4586d6034f0,COC58.00 ,0.0,WBSEDCL,WBSEDCL ,Bi-direction,Exp Next Itr,DLMS Order, 3P4W LTWC Cl 1.0 10-60A,SFF,TVM LT WC,BHR,New firmware,2024-07-11T00:00:00.000Z,2024-07-11T00:00:00.000Z,2024-07-17T00:00:00.000Z,2024-07-19T00:00:00.000Z,2024-07-23T00:00:00.000Z,4.0,2.0,7.0,3.0,3.0,3.0,0,1970-01-01T00:00:00.000Z,AVM,0,0,0.0,False,66ff8d975fd9b4586d6034f0,0,0
66ff8d975fd9b4586d6034f1,nLo057.05,5.0,Adani,APEPDCL,4G,Subs Itr rel,DLMS Order,"3P4W LTCT 240V 5-10A,",NORTEM,SMART,SS,Bug fixed,2024-06-04T00:00:00.000Z,2024-07-11T00:00:00.000Z,2024-07-15T00:00:00.000Z,2024-07-17T00:00:00.000Z,2024-07-18T00:00:00.000Z,1.0,1.0,5.0,2.0,3.0,3.0,0,1970-01-01T00:00:00.000Z,SR,0,0,0.0,False,66ff8d975fd9b4586d6034f1,0,0
66ff8d975fd9b4586d6034f2,nLo061.02,2.0,GMR,DVVNL,0,Hw Pending,DLMS Order,3P4W LTCT 240V 5-10A,NORTEM,SMART,VN,Bug fixed,2024-05-27T00:00:00.000Z,2024-07-12T00:00:00.000Z,2024-07-15T00:00:00.000Z,2024-07-15T00:00:00.000Z,2024-07-18T00:00:00.000Z,3.0,3.0,4.0,0.0,1.0,1.0,0,1970-01-01T00:00:00.000Z,SS,0,0,0.0,False,66ff8d975fd9b4586d6034f2,0,0
66ff8d975fd9b4586d6034f3,CBO027.00,1.0,Alfanar ,MPMKVVCL-Bhopal,4G,Subs Itr rel,DLMS Order, 3P4W LTWC Cl 1.0 10-60A,CHRONAS,SMART,BHR,New firmware,2024-07-12T00:00:00.000Z,2024-07-12T00:00:00.000Z,2024-07-23T00:00:00.000Z,2024-07-25T00:00:00.000Z,2024-07-30T00:00:00.000Z,5.0,3.0,12.0,6.0,3.0,3.0,0,1970-01-01T00:00:00.000Z,SAN,0,0,0.0,False,66ff8d975fd9b4586d6034f3,0,0
66ff8d975fd9b4586d6034f4,HHo018.00,0.0,Alfanar ,MPMKVVCL-Bhopal,4G,Withdrawn,DLMS Order, 3P4W HTCT Cl 0.5 5-10A,NORTEM,SMART,0,New firmware,2024-07-12T00:00:00.000Z,2024-07-12T00:00:00.000Z,1970-01-01T00:00:00.000Z,1970-01-01T00:00:00.000Z,1970-01-01T00:00:00.000Z,0.0,0.0,0.0,0.0,1.0,0.0,0,1970-01-01T00:00:00.000Z,0,0,0,0.0,False,66ff8d975fd9b4586d6034f4,0,0
66ff8d975fd9b4586d6034f5,UC25.00,0.0,WM101BC7RSNET,WM101BC7RSNET,0,Released,DLMS Order,"1PH 05-60A,  Cl.1.0",SFF,ENM,BHR,New firmware,2024-07-12T00:00:00.000Z,2024-07-12T00:00:00.000Z,2024-08-08T00:00:00.000Z,2024-08-12T00:00:00.000Z,2024-08-13T00:00:00.000Z,1.0,1.0,28.0,18.0,5.0,3.0,QER-109202,2024-08-19T00:00:00.000Z,DK,0,0,0.0,False,66ff8d975fd9b4586d6034f5,0,0
66ff8d975fd9b4586d6034f6,UC24.00,0.0,WM101BC7RSOLAR,WM101BC7RSOLAR,0,Subs Itr rel,DLMS Order,"1PH 05-60A,  Cl.1.0",SFF,ENM,DK,New firmware,2024-07-12T00:00:00.000Z,2024-07-12T00:00:00.000Z,2024-08-28T00:00:00.000Z,2024-08-29T00:00:00.000Z,2024-09-02T00:00:00.000Z,4.0,2.0,48.0,30.0,2.0,2.0,0,1970-01-01T00:00:00.000Z,SS,0,0,0.0,False,66ff8d975fd9b4586d6034f6,0,0
66ff8d975fd9b4586d6034f7,HHo019.03,3.0,GMR,PuVVNL,4G,Released,DLMS Order, 3P4W HTCT Cl 0.2 5-10A,NORTEM,SMART,AM,CR change,2024-07-15T00:00:00.000Z,2024-07-15T00:00:00.000Z,2024-07-15T00:00:00.000Z,2024-07-15T00:00:00.000Z,2024-07-16T00:00:00.000Z,1.0,1.0,1.0,0.0,1.0,0.5,QER-109156(3),2024-07-17T00:00:00.000Z,SR,0,0,0.0,False,66ff8d975fd9b4586d6034f7,0,0
66ff8d975fd9b4586d6034f8,COC57.00 ,2.0,WBSEDCL,WBSEDCL ,sampark,Subs Itr rel,DLMS Order, 3P4W LTWC Cl 1.0 10-60A,SFF,TVM LT WC,BCP,bug fixed,2024-06-12T00:00:00.000Z,2024-07-15T00:00:00.000Z,2024-07-16T00:00:00.000Z,2024-07-17T00:00:00.000Z,2024-07-19T00:00:00.000Z,2.0,2.0,2.0,1.0,2.0,2.0,0,1970-01-01T00:00:00.000Z,0,0,0,0.0,False,66ff8d975fd9b4586d6034f8,0,0
66ff8d975fd9b4586d6034f9,UC23.00,0.0,WM101BC7UPBOXH,WM101BC7UPBOXH,0,Released,DLMS Order,"1PH 05-60A,  Cl.1.0",SFF,ENM,VN/DK,platform Conversion ,2024-07-15T00:00:00.000Z,2024-07-15T00:00:00.000Z,2024-09-02T00:00:00.000Z,2024-09-06T00:00:00.000Z,2024-09-09T00:00:00.000Z,3.0,1.0,50.0,30.0,5.0,5.0,QER-109240,2024-09-23T00:00:00.000Z,SAN,0,0,0.0,False,66ff8d975fd9b4586d6034f9,0,0
66ff8d975fd9b4586d6034fa,CBO019.01,1.0,Adani,APEPDCL ,4G,Subs Itr rel,DLMS Order, 3P4W LTWC Cl 1.0 10-60A,CHRONAS,SMART,AM,Bug fixed,2024-07-11T00:00:00.000Z,2024-07-16T00:00:00.000Z,2024-07-17T00:00:00.000Z,2024-07-17T00:00:00.000Z,2024-07-18T00:00:00.000Z,1.0,1.0,2.0,1.0,1.0,1.0,0,1970-01-01T00:00:00.000Z,0,0,0,0.0,False,66ff8d975fd9b4586d6034fa,0,0
66ff8d975fd9b4586d6034fb,HHo018.01,1.0,Alfanar ,MPMKVVCL-Bhopal,4G,Exp Next Itr,DLMS Order, 3P4W HTCT Cl 0.5 5-10A,NORTEM,SMART,BHR,New firmware,2024-07-12T00:00:00.000Z,2024-07-16T00:00:00.000Z,2024-08-23T00:00:00.000Z,2024-08-27T00:00:00.000Z,1970-01-01T00:00:00.000Z,0.0,0.0,39.0,25.0,5.0,3.0,0,1970-01-01T00:00:00.000Z,0,0,0,0.0,False,66ff8d975fd9b4586d6034fb,0,0
66ff8d975fd9b4586d6034fc,CAO01601,0.0,Adani,AEML,Nbiot,Withdrawn,DLMS Order, 3P4W LTWC Cl 1.0 10-100A,CHRONAS,SMART,0,Code comapre,2024-07-16T00:00:00.000Z,2024-07-16T00:00:00.000Z,1970-01-01T00:00:00.000Z,1970-01-01T00:00:00.000Z,1970-01-01T00:00:00.000Z,0.0,0.0,0.0,1.0,1.0,0.0,0,1970-01-01T00:00:00.000Z,0,yes,0,0.0,False,66ff8d975fd9b4586d6034fc,0,0
66ff8d975fd9b4586d6034fd,CAO02100,1.0,TPCL,TPCL,4G(SIMCOM module with taoglass ),Exp Next Itr,DLMS Order, 3P4W LTWC Cl 1.0 10-100A,CHRONAS,SMART,SR,bug fixed,2024-06-27T00:00:00.000Z,2024-07-17T00:00:00.000Z,2024-07-17T00:00:00.000Z,2024-07-22T00:00:00.000Z,1970-01-01T00:00:00.000Z,0.0,0.0,1.0,0.0,6.0,4.0,0,1970-01-01T00:00:00.000Z,0,0,0,0.0,False,66ff8d975fd9b4586d6034fd,0,0
66ff8d975fd9b4586d6034fe,SR84.00,0.0,WM101BC7DMPNET,WM101BC7DMPNET,0,Exp Next Itr,DLMS Order,"1Ph 10-60A , Cl.1.0",SFF,ENM,BCP,New firmware,2024-07-17T00:00:00.000Z,2024-07-17T00:00:00.000Z,2024-08-28T00:00:00.000Z,2024-09-02T00:00:00.000Z,2024-09-03T00:00:00.000Z,1.0,1.0,43.0,28.0,6.0,4.0,0,1970-01-01T00:00:00.000Z,AVM,0,0,0.0,False,66ff8d975fd9b4586d6034fe,0,0
66ff8d975fd9b4586d6034ff,CAO02300,0.0,Intellismart ,PVVNL ,4G,Subs Itr rel,DLMS Order, 3P4W LTWC Cl 1.0 10-100A,CHRONAS,SMART,AVM,New firmware,2024-07-17T00:00:00.000Z,2024-07-17T00:00:00.000Z,2024-07-18T00:00:00.000Z,2024-07-22T00:00:00.000Z,2024-07-24T00:00:00.000Z,2.0,2.0,2.0,1.0,5.0,3.0,0,1970-01-01T00:00:00.000Z,AM,0,0,0.0,False,66ff8d975fd9b4586d6034ff,0,0
66ff8d975fd9b4586d603500,5YD08.35,0.0,WR300BB11ABTUK,WR300BB11ABTUK,0,Withdrawn,DLMS Order,3P4W 63.5V 1-2A CL0.2 CAT-B,SEM N2,TVM HT 0.2,0,Checklist implementation,2024-07-17T00:00:00.000Z,2024-07-17T00:00:00.000Z,1970-01-01T00:00:00.000Z,1970-01-01T00:00:00.000Z,1970-01-01T00:00:00.000Z,0.0,0.0,0.0,0.0,1.0,0.0,0,1970-01-01T00:00:00.000Z,0,0,0,0.0,False,66ff8d975fd9b4586d603500,0,0
66ff8d975fd9b4586d603501,5BD0C.30,1.0,TS,Transco,0,Exp Next Itr,DLMS Order,3P4W HTCT 63.5V 5-10A,SEM N2,TVM HT 0.2,SS,bug fixed,2024-06-14T00:00:00.000Z,2024-07-18T00:00:00.000Z,2024-07-23T00:00:00.000Z,2024-07-29T00:00:00.000Z,1970-01-01T00:00:00.000Z,0.0,0.0,6.0,3.0,7.0,5.0,0,1970-01-01T00:00:00.000Z,BHR,0,0,0.0,False,66ff8d975fd9b4586d603501,0,0
66ff8d975fd9b4586d603502,nLo048.05,5.0,Montecarlo ,MSEDCL,"4G, w/o DI",Withdrawn,DLMS Order,"3P4W LTCT 240V 5-10A,",NORTEM,SMART,0,CR changes,2024-07-18T00:00:00.000Z,2024-07-18T00:00:00.000Z,1970-01-01T00:00:00.000Z,1970-01-01T00:00:00.000Z,1970-01-01T00:00:00.000Z,0.0,0.0,0.0,0.0,1.0,0.0,0,1970-01-01T00:00:00.000Z,0,0,0,0.0,False,66ff8d975fd9b4586d603502,0,0
66ff8d975fd9b4586d603503,nLo047.06,6.0,Montecarlo ,MSEDCL,"4G, DI",Withdrawn,DLMS Order,"3P4W LTCT 240V 5-10A,",NORTEM,SMART,0,CR changes,2024-07-18T00:00:00.000Z,2024-07-18T00:00:00.000Z,1970-01-01T00:00:00.000Z,1970-01-01T00:00:00.000Z,1970-01-01T00:00:00.000Z,0.0,0.0,0.0,0.0,1.0,0.0,0,1970-01-01T00:00:00.000Z,0,0,0,0.0,False,66ff8d975fd9b4586d603503,0,0
66ff8d975fd9b4586d603504,nLo044.07,7.0,TPCL,TPCL,4G,Released,DLMS Order,3P4W LTCT 240V 5-10A,NORTEM,SMART,SS,CR changes,2024-07-18T00:00:00.000Z,2024-07-18T00:00:00.000Z,2024-07-18T00:00:00.000Z,2024-07-19T00:00:00.000Z,2024-07-22T00:00:00.000Z,3.0,2.0,1.0,0.0,2.0,2.0,109164(2),2024-07-22T00:00:00.000Z,BHR,0,0,0.0,False,66ff8d975fd9b4586d603504,0,0
66ff8d975fd9b4586d603505,nLo025.08,8.0,Adani,APDCL,0,Withdrawn,DLMS Order,"3P4W LTCT 240V 5-10A,",NORTEM,SMART,0,CR changes,2024-07-18T00:00:00.000Z,2024-07-18T00:00:00.000Z,1970-01-01T00:00:00.000Z,1970-01-01T00:00:00.000Z,1970-01-01T00:00:00.000Z,0.0,0.0,0.0,0.0,1.0,0.0,0,1970-01-01T00:00:00.000Z,0,0,0,0.0,False,66ff8d975fd9b4586d603505,0,0
66ff8d975fd9b4586d603506,nLo021.11,11.0,Adani,APDCL,DI,Subs Itr rel,DLMS Order,"3P4W LTCT 240V 5-10A,",NORTEM,SMART,AM,CR changes,2024-07-18T00:00:00.000Z,2024-07-18T00:00:00.000Z,2024-07-19T00:00:00.000Z,2024-07-22T00:00:00.000Z,1970-01-01T00:00:00.000Z,0.0,0.0,2.0,1.0,4.0,2.0,0,1970-01-01T00:00:00.000Z,0,0,0,0.0,False,66ff8d975fd9b4586d603506,0,0
66ff8d975fd9b4586d603507,nLo035.08,8.0,Adani,MSEDCL,0,Withdrawn,DLMS Order,"3P4W LTCT 240V 5-10A,",NORTEM,SMART,0,CR changes,2024-07-18T00:00:00.000Z,2024-07-18T00:00:00.000Z,1970-01-01T00:00:00.000Z,1970-01-01T00:00:00.000Z,1970-01-01T00:00:00.000Z,0.0,0.0,0.0,0.0,1.0,0.0,0,1970-01-01T00:00:00.000Z,0,0,0,0.0,False,66ff8d975fd9b4586d603507,0,0
66ff8d975fd9b4586d603508,nLo059.04,4.0,Adani,MSEDCL,w/o DI,Withdrawn,DLMS Order,"3P4W LTCT 240V 5-10A,",NORTEM,SMART,0,CR changes,2024-07-18T00:00:00.000Z,2024-07-18T00:00:00.000Z,1970-01-01T00:00:00.000Z,1970-01-01T00:00:00.000Z,1970-01-01T00:00:00.000Z,0.0,0.0,0.0,0.0,1.0,0.0,0,1970-01-01T00:00:00.000Z,0,0,0,0.0,False,66ff8d975fd9b4586d603508,0,0
66ff8d975fd9b4586d603509,HHo014.04,4.0,Montecarlo ,MSEDCL,DI,Withdrawn,DLMS Order, 3P4W HTCT Cl 0.2 5-10A,NORTEM,SMART,0,Bug fixed,2024-06-17T00:00:00.000Z,2024-07-18T00:00:00.000Z,1970-01-01T00:00:00.000Z,1970-01-01T00:00:00.000Z,1970-01-01T00:00:00.000Z,0.0,0.0,0.0,0.0,1.0,0.0,0,1970-01-01T00:00:00.000Z,0,0,0,0.0,False,66ff8d975fd9b4586d603509,0,0
66ff8d975fd9b4586d60350a,COC59.00 ,1.0,Rajashree Electricals,Rajashree Electricals,0,Released,DLMS Order, 3P4W LTWC Cl 1.0 10-60A,SFF,TVM LT WC,AM,Bug fixed,2024-06-18T00:00:00.000Z,2024-07-18T00:00:00.000Z,2024-07-25T00:00:00.000Z,2024-07-25T00:00:00.000Z,2024-07-26T00:00:00.000Z,1.0,1.0,8.0,4.0,1.0,1.0,QER-109190,2024-07-26T00:00:00.000Z,VK,0,0,0.0,False,66ff8d975fd9b4586d60350a,0,0
66ff8d975fd9b4586d60350b,CAO01601,0.0,Adani,AEML,Nbiot,Released,DLMS Order, 3P4W LTWC Cl 1.0 10-100A,CHRONAS,SMART,AM,Code comapre,2024-07-16T00:00:00.000Z,2024-07-18T00:00:00.000Z,2024-07-19T00:00:00.000Z,2024-07-19T00:00:00.000Z,1970-01-01T00:00:00.000Z,0.0,0.0,2.0,0.0,1.0,0.5,QER-109172(1),2024-07-19T00:00:00.000Z,0,yes,0,0.0,False,66ff8d975fd9b4586d60350b,0,0
66ff8d975fd9b4586d60350c,CBO019.01,1.0,Adani,APEPDCL ,4G,Released,DLMS Order, 3P4W LTWC Cl 1.0 10-60A,CHRONAS,SMART,DK,Bug fixed,2024-07-11T00:00:00.000Z,2024-07-19T00:00:00.000Z,2024-07-19T00:00:00.000Z,2024-07-19T00:00:00.000Z,1970-01-01T00:00:00.000Z,0.0,0.0,1.0,0.0,1.0,1.0,QER-109150(1),2024-07-19T00:00:00.000Z,0,0,0,0.0,False,66ff8d975fd9b4586d60350c,0,0
66ff8d975fd9b4586d60350d,nLo048.06,6.0,Montecarlo ,MSEDCL,"4G, w/o DI",Released,DLMS Order,"3P4W LTCT 240V 5-10A,",NORTEM,SMART,NB,CR changes,2024-07-18T00:00:00.000Z,2024-07-19T00:00:00.000Z,2024-08-19T00:00:00.000Z,2024-08-21T00:00:00.000Z,2024-08-22T00:00:00.000Z,1.0,1.0,32.0,20.0,3.0,3.0,QER- 109162(2),2024-08-23T00:00:00.000Z,DK,0,0,0.0,False,66ff8d975fd9b4586d60350d,0,0
66ff8d975fd9b4586d60350e,nLo047.07,7.0,Montecarlo ,MSEDCL,"4G, DI",Released,DLMS Order,"3P4W LTCT 240V 5-10A,",NORTEM,SMART,BHR,CR changes,2024-07-18T00:00:00.000Z,2024-07-19T00:00:00.000Z,2024-08-12T00:00:00.000Z,2024-08-14T00:00:00.000Z,2024-08-20T00:00:00.000Z,6.0,3.0,25.0,16.0,3.0,3.0,QER-109161(1),2024-08-20T00:00:00.000Z,VN,0,0,0.0,False,66ff8d975fd9b4586d60350e,0,0
66ff8d975fd9b4586d60350f,nLo035.09,9.0,Adani,MSEDCL,0,Released,DLMS Order,"3P4W LTCT 240V 5-10A,",NORTEM,SMART,VN,CR changes,2024-07-18T00:00:00.000Z,2024-07-19T00:00:00.000Z,2024-07-19T00:00:00.000Z,2024-07-19T00:00:00.000Z,1970-01-01T00:00:00.000Z,0.0,0.0,1.0,0.0,1.0,1.0,QER_109096(2),2024-07-19T00:00:00.000Z,0,0,0,0.0,False,66ff8d975fd9b4586d60350f,0,0
66ff8d975fd9b4586d603510,nLo059.05,5.0,Adani,MSEDCL,w/o DI,Released,DLMS Order,"3P4W LTCT 240V 5-10A,",NORTEM,SMART,VN,CR changes,2024-07-18T00:00:00.000Z,2024-07-19T00:00:00.000Z,2024-07-22T00:00:00.000Z,2024-07-22T00:00:00.000Z,2024-07-23T00:00:00.000Z,1.0,1.0,4.0,2.0,1.0,0.5,109127(1),2024-07-25T00:00:00.000Z,0,0,0,0.0,False,66ff8d975fd9b4586d603510,0,0
66ff8d975fd9b4586d603511,NHO051.07,7.0,Adani ,APDCL,0,Withdrawn,DLMS Order,3P4W HTCT 63.5V 5-10A,NORTEM,SMART,0,CR changes,2024-07-19T00:00:00.000Z,2024-07-19T00:00:00.000Z,1970-01-01T00:00:00.000Z,1970-01-01T00:00:00.000Z,1970-01-01T00:00:00.000Z,0.0,0.0,0.0,0.0,1.0,0.0,0,1970-01-01T00:00:00.000Z,0,0,0,0.0,False,66ff8d975fd9b4586d603511,0,0
66ff8d975fd9b4586d603512,nLo057.06,6.0,Adani,APEPDCL,4G,Released,DLMS Order,"3P4W LTCT 240V 5-10A,",NORTEM,SMART,NB,Bug fixed,2024-06-04T00:00:00.000Z,2024-07-19T00:00:00.000Z,2024-07-22T00:00:00.000Z,2024-07-22T00:00:00.000Z,1970-01-01T00:00:00.000Z,0.0,0.0,4.0,1.0,1.0,0.5,109181,2024-07-24T00:00:00.000Z,ABK,0,0,0.0,False,66ff8d975fd9b4586d603512,0,0
66ff8d975fd9b4586d603513,RH63.00,2.0,Adani,APCPDCL,4G,Released,DLMS Order,"1PH 10-60A,  Cl.1.0",CYGNUS,SMART,SR,CR changes,2024-06-20T00:00:00.000Z,2024-07-19T00:00:00.000Z,2024-07-23T00:00:00.000Z,2024-07-23T00:00:00.000Z,2024-07-24T00:00:00.000Z,1.0,1.0,5.0,2.0,1.0,1.0,109182,2024-07-24T00:00:00.000Z,AM,0,0,0.0,False,66ff8d975fd9b4586d603513,0,0
66ff8d975fd9b4586d603514,HHo013.04,4.0,Montecarlo ,MSEDCL,w/o DI,Released,DLMS Order, 3P4W HTCT Cl 0.5 5-10A,NORTEM,SMART,SS,CR changes,2024-07-19T00:00:00.000Z,2024-07-19T00:00:00.000Z,2024-08-12T00:00:00.000Z,2024-08-16T00:00:00.000Z,2024-08-20T00:00:00.000Z,4.0,2.0,25.0,17.0,5.0,3.0,QER-109167(1)      ,2024-08-19T00:00:00.000Z,AVM,0,0,0.0,False,66ff8d975fd9b4586d603514,0,0
66ff8d975fd9b4586d603515,COP17.00,2.0,ESP,ESP,0,Released,DLMS Order, 3P4W LTWC Cl 1.0 10-60A,VENUS,TVM LT WC,AM,Process changes(code compare),2024-05-30T00:00:00.000Z,2024-07-19T00:00:00.000Z,2024-07-22T00:00:00.000Z,2024-07-22T00:00:00.000Z,1970-01-01T00:00:00.000Z,0.0,0.0,4.0,1.0,1.0,0.5,109178,2024-07-22T00:00:00.000Z,0,yes,0,0.0,False,66ff8d975fd9b4586d603515,0,0
66ff8d975fd9b4586d603516,RH62.00,5.0,Alfanar ,MPMKVVCL-Bhopal,0,Released,DLMS Order,"1PH 10-60A,  Cl.1.0",CYGNUS,SMART,San,Bug fixed,2024-06-17T00:00:00.000Z,2024-07-22T00:00:00.000Z,2024-07-22T00:00:00.000Z,2024-07-22T00:00:00.000Z,2024-07-23T00:00:00.000Z,1.0,1.0,1.0,0.0,1.0,1.0,QER-109180,2024-07-24T00:00:00.000Z,VK,0,0,0.0,False,66ff8d975fd9b4586d603516,0,0
66ff8d975fd9b4586d603517,COC57.00 ,3.0,WBSEDCL,WBSEDCL ,sampark,Subs Itr rel,DLMS Order, 3P4W LTWC Cl 1.0 10-60A,SFF,TVM LT WC,DK,bug fixed,2024-06-12T00:00:00.000Z,2024-07-22T00:00:00.000Z,2024-07-23T00:00:00.000Z,2024-07-24T00:00:00.000Z,2024-07-25T00:00:00.000Z,1.0,1.0,2.0,1.0,2.0,2.0,0,1970-01-01T00:00:00.000Z,0,0,0,0.0,False,66ff8d975fd9b4586d603517,0,0
66ff8d975fd9b4586d603518,RH64.00,2.0,Adani,APSPDCL,4G,Released,DLMS Order,"1PH 10-60A,  Cl.1.0",CYGNUS,SMART,SR,CR changes,2024-06-20T00:00:00.000Z,2024-07-22T00:00:00.000Z,2024-07-23T00:00:00.000Z,2024-07-23T00:00:00.000Z,2024-07-24T00:00:00.000Z,1.0,1.0,2.0,1.0,1.0,1.0,109183,2024-07-24T00:00:00.000Z,AM,0,0,0.0,False,66ff8d975fd9b4586d603518,0,0
66ff8d975fd9b4586d603519,nLo063.00,0.0,Adani,APEPDCL,4G,Released,DLMS Order,"3P4W LTCT 240V 5-10A,",NORTEM,SMART,DK,Firmware nLo057.06  modified to remove DI functionality.,2024-07-23T00:00:00.000Z,2024-07-23T00:00:00.000Z,2024-07-29T00:00:00.000Z,2024-08-02T00:00:00.000Z,2024-08-05T00:00:00.000Z,3.0,2.0,7.0,3.0,5.0,4.0,QER-109196,2024-08-06T00:00:00.000Z,SR,0,0,0.0,False,66ff8d975fd9b4586d603519,0,0
66ff8d975fd9b4586d60351a,nLo021.12,12.0,Adani,APDCL,DI,Subs Itr rel,DLMS Order,"3P4W LTCT 240V 5-10A,",NORTEM,SMART,AM,bug fixed,2024-07-18T00:00:00.000Z,2024-07-23T00:00:00.000Z,2024-07-23T00:00:00.000Z,2024-07-23T00:00:00.000Z,1970-01-01T00:00:00.000Z,0.0,0.0,1.0,0.0,1.0,1.0,0,1970-01-01T00:00:00.000Z,0,0,0,0.0,False,66ff8d975fd9b4586d60351a,0,0
66ff8d975fd9b4586d60351b,CAO02300,1.0,Intellismart ,PVVNL ,4G,Subs Itr rel,DLMS Order, 3P4W LTWC Cl 1.0 10-100A,CHRONAS,SMART,San,bug fixed,2024-07-17T00:00:00.000Z,2024-07-23T00:00:00.000Z,2024-07-24T00:00:00.000Z,2024-07-26T00:00:00.000Z,2024-07-30T00:00:00.000Z,4.0,2.0,2.0,1.0,3.0,3.0,0,1970-01-01T00:00:00.000Z,BHR,0,0,0.0,False,66ff8d975fd9b4586d60351b,0,0
66ff8d975fd9b4586d60351c,nLo021.13,13.0,Adani,APDCL,DI,Subs Itr rel,DLMS Order,"3P4W LTCT 240V 5-10A,",NORTEM,SMART,AM,bug fixed,2024-07-18T00:00:00.000Z,2024-07-24T00:00:00.000Z,2024-07-24T00:00:00.000Z,2024-07-24T00:00:00.000Z,1970-01-01T00:00:00.000Z,0.0,0.0,1.0,0.0,1.0,1.0,0,1970-01-01T00:00:00.000Z,SAN,0,0,0.0,False,66ff8d975fd9b4586d60351c,0,0
66ff8d975fd9b4586d60351d,nLo025.09,9.0,Adani,APDCL,0,Withdrawn,DLMS Order,"3P4W LTCT 240V 5-10A,",NORTEM,SMART,0,CR changes,2024-07-18T00:00:00.000Z,2024-07-24T00:00:00.000Z,1970-01-01T00:00:00.000Z,1970-01-01T00:00:00.000Z,1970-01-01T00:00:00.000Z,0.0,0.0,0.0,0.0,1.0,0.0,0,1970-01-01T00:00:00.000Z,0,0,0,0.0,False,66ff8d975fd9b4586d60351d,0,0
66ff8d975fd9b4586d60351e,CBO025.01,1.0,Adani,APCPDCL,4G,Released,DLMS Order, 3P4W LTWC Cl 1.0 10-60A,CHRONAS,SMART,VN,(Cr change) Sr. no. format is change ,2024-07-03T00:00:00.000Z,2024-07-24T00:00:00.000Z,2024-07-24T00:00:00.000Z,2024-07-24T00:00:00.000Z,1970-01-01T00:00:00.000Z,0.0,0.0,1.0,0.0,1.0,0.5,109184,2024-07-25T00:00:00.000Z,0,0,0,0.0,False,66ff8d975fd9b4586d60351e,0,0
66ff8d975fd9b4586d60351f,CBO026.01,1.0,Adani,APSPDCL,4G,Released,DLMS Order, 3P4W LTWC Cl 1.0 10-60A,CHRONAS,SMART,VN,(Cr change) Sr. no. format is change ,2024-07-03T00:00:00.000Z,2024-07-24T00:00:00.000Z,2024-07-25T00:00:00.000Z,2024-07-25T00:00:00.000Z,1970-01-01T00:00:00.000Z,0.0,0.0,2.0,1.0,1.0,0.5,109185,2024-07-25T00:00:00.000Z,0,0,0,0.0,False,66ff8d975fd9b4586d60351f,0,0
66ff8d975fd9b4586d603520,CAO02100,2.0,TPCL,TPCL,4G(SIMCOM module with taoglass ),Withdrawn,DLMS Order, 3P4W LTWC Cl 1.0 10-100A,CHRONAS,SMART,0,bug fixed,2024-06-27T00:00:00.000Z,2024-07-25T00:00:00.000Z,2024-07-25T00:00:00.000Z,1970-01-01T00:00:00.000Z,1970-01-01T00:00:00.000Z,0.0,0.0,1.0,0.0,0.0,0.0,0,1970-01-01T00:00:00.000Z,0,0,0,0.0,False,66ff8d975fd9b4586d603520,0,0
66ff8d975fd9b4586d603521,nHo055.06,6.0,Iskraemeco ,UGVCL,0,Completed,DLMS Order,3P4W HTCT 63.5V 5-10A,NORTEM,SMART,NB,CR changes,2024-05-10T00:00:00.000Z,2024-07-25T00:00:00.000Z,2024-09-02T00:00:00.000Z,2024-09-03T00:00:00.000Z,1970-01-01T00:00:00.000Z,0.0,0.0,40.0,22.0,2.0,2.0,0,1970-01-01T00:00:00.000Z,VN,0,0,0.0,False,66ff8d975fd9b4586d603521,0,0
66ff8d975fd9b4586d603522,SF48.01,0.0,WBSEDCL ,WBSEDCL ,0,Subs Itr rel,DLMS Order,"1Ph 10-60A , Cl.1.0",SFF,ENM,AM,Field observation corrected,2024-07-25T00:00:00.000Z,2024-07-25T00:00:00.000Z,2024-07-29T00:00:00.000Z,2024-07-29T00:00:00.000Z,2024-07-30T00:00:00.000Z,1.0,1.0,5.0,1.0,1.0,2.0,0,1970-01-01T00:00:00.000Z,0,0,0,0.0,False,66ff8d975fd9b4586d603522,0,0
66ff8d975fd9b4586d603523,HHo011.06,6.0,Montecarlo ,MSEDCL,DI,Pending,DLMS Order, 3P4W HTCT Cl 0.5 5-10A,NORTEM,SMART,0,CR changes,2024-07-25T00:00:00.000Z,2024-07-25T00:00:00.000Z,1970-01-01T00:00:00.000Z,1970-01-01T00:00:00.000Z,1970-01-01T00:00:00.000Z,0.0,0.0,0.0,0.0,1.0,0.0,0,1970-01-01T00:00:00.000Z,0,0,0,0.0,False,66ff8d975fd9b4586d603523,0,0
66ff8d975fd9b4586d603524,CAO02100,3.0,TPCL,TPCL,4G(SIMCOM module with taoglass ),Exp Next Itr,DLMS Order, 3P4W LTWC Cl 1.0 10-100A,CHRONAS,SMART,BCP,bug fixed,2024-06-27T00:00:00.000Z,2024-07-25T00:00:00.000Z,2024-07-26T00:00:00.000Z,2024-07-29T00:00:00.000Z,2024-07-31T00:00:00.000Z,2.0,2.0,2.0,1.0,4.0,2.0,0,1970-01-01T00:00:00.000Z,AVM,0,0,0.0,False,66ff8d975fd9b4586d603524,0,0
66ff8d975fd9b4586d603525,COC58.00 ,1.0,WBSEDCL,WBSEDCL ,Bi-direction,Exp Next Itr,DLMS Order, 3P4W LTWC Cl 1.0 10-60A,SFF,TVM LT WC,VK,bug fixed,2024-07-11T00:00:00.000Z,2024-07-26T00:00:00.000Z,2024-07-29T00:00:00.000Z,2024-07-30T00:00:00.000Z,2024-08-01T00:00:00.000Z,2.0,2.0,4.0,1.0,2.0,2.0,0,1970-01-01T00:00:00.000Z,SAN,0,0,0.0,False,66ff8d975fd9b4586d603525,0,0
66ff8d975fd9b4586d603526,COT76.00,1.0,TPL,AGRA,0,Subs Itr rel,DLMS Order, 3P4W LTWC Cl 1.0 10-60A,M3R,TVM LT WC,BHR,New firmware,2024-07-25T00:00:00.000Z,2024-07-25T00:00:00.000Z,2024-07-26T00:00:00.000Z,2024-07-31T00:00:00.000Z,1970-01-01T00:00:00.000Z,0.0,0.0,2.0,1.0,6.0,4.0,0,1970-01-01T00:00:00.000Z,0,0,0,0.0,False,66ff8d975fd9b4586d603526,0,0
66ff8d975fd9b4586d603527,COC57.00 ,4.0,WBSEDCL,WBSEDCL ,sampark,Subs Itr rel,DLMS Order, 3P4W LTWC Cl 1.0 10-60A,SFF,TVM LT WC,DK,bug fixed,2024-06-12T00:00:00.000Z,2024-07-25T00:00:00.000Z,2024-07-26T00:00:00.000Z,2024-07-26T00:00:00.000Z,1970-01-01T00:00:00.000Z,0.0,0.0,2.0,1.0,1.0,1.0,0,1970-01-01T00:00:00.000Z,0,0,0,0.0,False,66ff8d975fd9b4586d603527,0,0
66ff8d975fd9b4586d603528,RH46.03,0.0,Adani,APDCL,0,Withdrawn,DLMS Order,"1Ph 5-30A , Cl.1.0",CYGNUS,SMART,0,CR changes,2024-07-25T00:00:00.000Z,2024-07-25T00:00:00.000Z,1970-01-01T00:00:00.000Z,1970-01-01T00:00:00.000Z,1970-01-01T00:00:00.000Z,0.0,0.0,0.0,0.0,1.0,0.0,0,1970-01-01T00:00:00.000Z,0,0,0,0.0,False,66ff8d975fd9b4586d603528,0,0
66ff8d975fd9b4586d603529,nLo064.00,0.0,Adani,APCPDCL,4G,Subs Itr rel,DLMS Order,"3P4W LTCT 240V 5-10A,",NORTEM,SMART,NB,nLo057.06 Firmware modified for serial number format,2024-07-26T00:00:00.000Z,2024-07-26T00:00:00.000Z,2024-07-29T00:00:00.000Z,2024-08-02T00:00:00.000Z,1970-01-01T00:00:00.000Z,0.0,0.0,4.0,1.0,5.0,5.0,0,1970-01-01T00:00:00.000Z,0,0,0,0.0,False,66ff8d975fd9b4586d603529,0,0
66ff8d975fd9b4586d60352a,HHo002.13,13.0,Techno,MPPKVVCL Indore ,0,Released,DLMS Order, 3P4W HTCT Cl 0.2 5-10A,NORTEM,SMART,DK,CR changes and checklist,2024-07-26T00:00:00.000Z,2024-07-26T00:00:00.000Z,2024-08-09T00:00:00.000Z,2024-08-12T00:00:00.000Z,2024-08-13T00:00:00.000Z,1.0,1.0,15.0,8.0,4.0,3.0,QER- 109091(2),2024-08-14T00:00:00.000Z,SS,0,0,0.0,False,66ff8d975fd9b4586d60352a,0,0
66ff8d975fd9b4586d60352b,CBO014.02,0.0,Techno,MPPKVVCL Indore ,0,Released,DLMS Order, 3P4W LTWC Cl 1.0 10-60A,CHRONAS,SMART,VN,CR changes and checklist,2024-07-26T00:00:00.000Z,2024-07-26T00:00:00.000Z,2024-07-31T00:00:00.000Z,2024-08-01T00:00:00.000Z,2024-08-05T00:00:00.000Z,4.0,2.0,6.0,3.0,2.0,2.0,QER-109118(1),2024-08-06T00:00:00.000Z,AM,yes,0,0.0,False,66ff8d975fd9b4586d60352b,0,0
66ff8d975fd9b4586d60352c,CAO013.02,0.0,Techno,MPPKVVCL Indore ,0,Released,DLMS Order, 3P4W LTWC Cl 1.0 10-100A,CHRONAS,SMART,ABK,CR changes and checklist,2024-07-26T00:00:00.000Z,2024-07-26T00:00:00.000Z,2024-08-12T00:00:00.000Z,2024-08-14T00:00:00.000Z,2024-08-19T00:00:00.000Z,5.0,3.0,18.0,7.0,3.0,4.0,QER-109203,2024-08-20T00:00:00.000Z,SS,0,0,0.0,False,66ff8d975fd9b4586d60352c,0,0
66ff8d975fd9b4586d60352d,nLo031.17,17.0,Techno,MPPKVVCL Indore ,DI,Released,DLMS Order,"3P4W LTCT 240V 5-10A,",NORTEM,SMART,SS,CR changes and checklist,2024-07-26T00:00:00.000Z,2024-07-26T00:00:00.000Z,2024-07-30T00:00:00.000Z,2024-08-02T00:00:00.000Z,2024-08-05T00:00:00.000Z,3.0,1.0,5.0,2.0,4.0,4.0,QER-109092(2),2024-08-08T00:00:00.000Z,SAN,0,0,0.0,False,66ff8d975fd9b4586d60352d,0,0
66ff8d975fd9b4586d60352e,nLo030.16,16.0,Techno,MPPKVVCL Indore ,(w/o DI),Released,DLMS Order,"3P4W LTCT 240V 5-10A,",NORTEM,SMART,VN,CR changes and checklist,2024-07-26T00:00:00.000Z,2024-07-26T00:00:00.000Z,2024-08-28T00:00:00.000Z,2024-09-02T00:00:00.000Z,1970-01-01T00:00:00.000Z,0.0,0.0,34.0,18.0,6.0,4.0,109116(1),2024-09-02T00:00:00.000Z,BHR,0,0,0.0,False,66ff8d975fd9b4586d60352e,0,0
66ff8d975fd9b4586d60352f,COC57.00 ,5.0,WBSEDCL,WBSEDCL ,sampark,Subs Itr rel,DLMS Order, 3P4W LTWC Cl 1.0 10-60A,SFF,TVM LT WC,DK,bug fixed,2024-06-12T00:00:00.000Z,2024-07-26T00:00:00.000Z,2024-07-29T00:00:00.000Z,2024-07-29T00:00:00.000Z,1970-01-01T00:00:00.000Z,0.0,0.0,4.0,1.0,1.0,1.0,0,1970-01-01T00:00:00.000Z,AVM,0,0,0.0,False,66ff8d975fd9b4586d60352f,0,0
66ff8d975fd9b4586d603530,nLo066.00,0.0,Adani,APSPDCL,4G,Subs Itr rel,DLMS Order,"3P4W LTCT 240V 5-10A,",NORTEM,SMART,ABK,nLo057.06 modified for serial number format,2024-07-26T00:00:00.000Z,2024-07-26T00:00:00.000Z,2024-07-29T00:00:00.000Z,2024-08-06T00:00:00.000Z,2024-08-08T00:00:00.000Z,2.0,2.0,4.0,1.0,9.0,7.0,0,1970-01-01T00:00:00.000Z,NB,0,0,0.0,False,66ff8d975fd9b4586d603530,0,0
66ff8d975fd9b4586d603531,nLo044.08,8.0,TPCL,TPCL,4G,Withdrawn,DLMS Order,3P4W LTCT 240V 5-10A,NORTEM,SMART,0,bug fixed,2024-07-27T00:00:00.000Z,2024-07-29T00:00:00.000Z,1970-01-01T00:00:00.000Z,1970-01-01T00:00:00.000Z,1970-01-01T00:00:00.000Z,0.0,0.0,0.0,0.0,1.0,0.0,0,1970-01-01T00:00:00.000Z,0,0,0,0.0,False,66ff8d975fd9b4586d603531,0,0
66ff8d975fd9b4586d603532,nLo065.00,0.0,Adani,APCPDCL,"4G, w/o DI",Withdrawn,DLMS Order,"3P4W LTCT 240V 5-10A,",NORTEM,SMART,0,Firmware nLo064.00 Cn modified to remove DI functionality,2024-07-29T00:00:00.000Z,2024-07-29T00:00:00.000Z,1970-01-01T00:00:00.000Z,1970-01-01T00:00:00.000Z,1970-01-01T00:00:00.000Z,0.0,0.0,0.0,0.0,1.0,0.0,0,1970-01-01T00:00:00.000Z,0,0,0,0.0,False,66ff8d975fd9b4586d603532,0,0
66ff8d975fd9b4586d603533,nLo067.00,0.0,Adani,APSPDCL,"4G, w/o DI",Withdrawn,DLMS Order,"3P4W LTCT 240V 5-10A,",NORTEM,SMART,0,Firmware nLo066.00 Cn modified to remove DI functionality,2024-07-29T00:00:00.000Z,2024-07-29T00:00:00.000Z,1970-01-01T00:00:00.000Z,1970-01-01T00:00:00.000Z,1970-01-01T00:00:00.000Z,0.0,0.0,0.0,0.0,1.0,0.0,0,1970-01-01T00:00:00.000Z,0,0,0,0.0,False,66ff8d975fd9b4586d603533,0,0
66ff8d975fd9b4586d603534,RH50.02,0.0,Techno,MPPKVVCL Indore,0,Withdrawn,DLMS Order,"1Ph 10-60A , Cl.1.0",CYGNUS,SMART,0,CR changes(Display),2024-07-29T00:00:00.000Z,2024-07-29T00:00:00.000Z,1970-01-01T00:00:00.000Z,1970-01-01T00:00:00.000Z,1970-01-01T00:00:00.000Z,0.0,0.0,0.0,0.0,1.0,0.0,0,1970-01-01T00:00:00.000Z,0,0,0,0.0,False,66ff8d975fd9b4586d603534,0,0
66ff8d975fd9b4586d603535,nLo044.09,9.0,TPCL,TPCL,4G,Released,DLMS Order,3P4W LTCT 240V 5-10A,NORTEM,SMART,AVM,bug fixed,2024-07-27T00:00:00.000Z,2024-07-29T00:00:00.000Z,2024-07-30T00:00:00.000Z,2024-07-30T00:00:00.000Z,1970-01-01T00:00:00.000Z,0.0,0.0,2.0,0.0,1.0,1.0,QER-109164(3),2024-07-31T00:00:00.000Z,0,0,0,0.0,False,66ff8d975fd9b4586d603535,0,0
66ff8d975fd9b4586d603536,RH62.01,0.0,Alfanar ,MPMKVVCL-Bhopal,0,Released,DLMS Order,"1PH 10-60A,  Cl.1.0",CYGNUS,SMART,BCP,Bug fixed(meter restart),2024-07-30T00:00:00.000Z,2024-07-30T00:00:00.000Z,2024-07-30T00:00:00.000Z,2024-07-30T00:00:00.000Z,1970-01-01T00:00:00.000Z,0.0,0.0,1.0,0.0,1.0,1.0,QER-109180(1).,2024-07-30T00:00:00.000Z,0,0,0,0.0,False,66ff8d975fd9b4586d603536,0,0
66ff8d975fd9b4586d603537,RH68.00,0.0,Intellismart,MVVNL,4GQuectel,Withdrawn,DLMS Order,"1Ph 4G 10-60A , Cl.1.0",CYGNUS,SMART,0,RH67.00 modified for CR changes,2024-07-30T00:00:00.000Z,2024-07-30T00:00:00.000Z,1970-01-01T00:00:00.000Z,1970-01-01T00:00:00.000Z,1970-01-01T00:00:00.000Z,0.0,0.0,0.0,0.0,1.0,0.0,0,1970-01-01T00:00:00.000Z,0,0,0,0.0,False,66ff8d975fd9b4586d603537,0,0
66ff8d975fd9b4586d603538,SF48.01,1.0,WBSEDCL ,WBSEDCL ,0,Released,DLMS Order,"1Ph 10-60A , Cl.1.0",SFF,ENM,AM,bug fixed,2024-07-25T00:00:00.000Z,2024-07-30T00:00:00.000Z,2024-07-30T00:00:00.000Z,2024-07-31T00:00:00.000Z,1970-01-01T00:00:00.000Z,0.0,0.0,1.0,0.0,2.0,1.0,QER-108505(4),2024-07-31T00:00:00.000Z,DK,0,0,0.0,False,66ff8d975fd9b4586d603538,0,0
66ff8d975fd9b4586d603539,HHo004.09,9.0,Adani,MSEDCL,0,Released,DLMS Order, 3P4W HTCT Cl 0.5 5-10A,NORTEM,SMART,NB,CR changes(Display),2024-07-30T00:00:00.000Z,2024-07-30T00:00:00.000Z,2024-08-12T00:00:00.000Z,2024-08-13T00:00:00.000Z,2024-08-19T00:00:00.000Z,6.0,3.0,14.0,8.0,2.0,2.0,QER-109124(4),2024-08-21T00:00:00.000Z,BHR,0,0,0.0,False,66ff8d975fd9b4586d603539,0,0
66ff8d975fd9b4586d60353a,HHo015.00,0.0,TPCL,TPCL,4G,Exp Next Itr,DLMS Order, 3P4W HTCT Cl 0.5 5-10A,NORTEM,SMART,BCP,New firmware,2024-07-31T00:00:00.000Z,2024-07-31T00:00:00.000Z,2024-08-08T00:00:00.000Z,2024-08-16T00:00:00.000Z,2024-08-20T00:00:00.000Z,4.0,2.0,9.0,4.0,9.0,5.0,0,1970-01-01T00:00:00.000Z,AVM,0,0,0.0,False,66ff8d975fd9b4586d60353a,0,0
66ff8d975fd9b4586d60353b,RH46.03,1.0,Adani,APDCL,0,Subs Itr rel,DLMS Order,"1Ph 5-30A , Cl.1.0",CYGNUS,SMART,San,CR changes,2024-07-25T00:00:00.000Z,2024-07-31T00:00:00.000Z,2024-08-02T00:00:00.000Z,2024-08-05T00:00:00.000Z,1970-01-01T00:00:00.000Z,0.0,0.0,3.0,1.0,4.0,2.0,0,1970-01-01T00:00:00.000Z,SS,0,0,0.0,False,66ff8d975fd9b4586d60353b,0,0
66ff8d975fd9b4586d60353c,RH53.01,0.0,TPCL,TPCL,0,Released,DLMS Order,"1PH 10-60A,  Cl.1.0",CYGNUS,SMART,AM,CR changes,2024-07-31T00:00:00.000Z,2024-07-31T00:00:00.000Z,2024-08-05T00:00:00.000Z,2024-08-06T00:00:00.000Z,2024-08-07T00:00:00.000Z,1.0,1.0,6.0,3.0,2.0,2.0,109174(01),2024-08-27T00:00:00.000Z,SAN,0,0,0.0,False,66ff8d975fd9b4586d60353c,0,0
66ff8d975fd9b4586d60353d,CAO02300,2.0,Intellismart ,PVVNL ,4G,Released,DLMS Order, 3P4W LTWC Cl 1.0 10-100A,CHRONAS,SMART,VN,CR changes,2024-07-17T00:00:00.000Z,2024-08-01T00:00:00.000Z,2024-08-01T00:00:00.000Z,2024-08-05T00:00:00.000Z,2024-08-07T00:00:00.000Z,2.0,2.0,1.0,0.0,5.0,2.0,QER-109199,2024-08-09T00:00:00.000Z,BHR,0,0,0.0,False,66ff8d975fd9b4586d60353d,0,0
66ff8d975fd9b4586d60353e,CBO027.00,2.0,Alfanar ,MPMKVVCL-Bhopal,4G,Subs Itr rel,DLMS Order, 3P4W LTWC Cl 1.0 10-60A,CHRONAS,SMART,BCP,bug fixed,2024-07-12T00:00:00.000Z,2024-08-01T00:00:00.000Z,2024-08-06T00:00:00.000Z,2024-08-07T00:00:00.000Z,2024-08-12T00:00:00.000Z,5.0,3.0,6.0,3.0,2.0,2.0,0,1970-01-01T00:00:00.000Z,VK,0,0,0.0,False,66ff8d975fd9b4586d60353e,0,0
66ff8d975fd9b4586d60353f,RH59.01,0.0,Intellismart,APDCL,0,Released,DLMS Order,"1Ph 5-30A , Cl.1.0",CYGNUS,SMART,DK,CR changes,2024-08-01T00:00:00.000Z,2024-08-01T00:00:00.000Z,2024-08-02T00:00:00.000Z,2024-08-06T00:00:00.000Z,2024-08-08T00:00:00.000Z,2.0,2.0,2.0,1.0,5.0,3.0,QER-109126 (1),2024-08-08T00:00:00.000Z,VN,0,0,0.0,False,66ff8d975fd9b4586d60353f,0,0
66ff8d975fd9b4586d603540,CTP14.00 ,5.0,jdVVNL,jdVVNL,0,Completed,DLMS Tender, 3P4W LTWC Cl 1.0 10-60A,VENUS,TVM LT WC,San,New firmware,2024-08-01T00:00:00.000Z,2024-08-01T00:00:00.000Z,2024-08-05T00:00:00.000Z,2024-08-07T00:00:00.000Z,1970-01-01T00:00:00.000Z,0.0,0.0,5.0,2.0,3.0,3.0,0,1970-01-01T00:00:00.000Z,0,0,0,0.0,False,66ff8d975fd9b4586d603540,0,0
66ff8d975fd9b4586d603541,CLO001.00,1.0,Alfanar ,MPMKVVCL-Bhopal,"4G, with DI",Exp Next Itr,DLMS Order, 3P4W LTCT Cl 0.5 5-10A,CHRONAS,SMART,AVM,bug fixed,2024-07-03T00:00:00.000Z,2024-08-01T00:00:00.000Z,2024-08-08T00:00:00.000Z,2024-08-13T00:00:00.000Z,1970-01-01T00:00:00.000Z,0.0,0.0,8.0,4.0,6.0,4.0,0,1970-01-01T00:00:00.000Z,0,0,0,0.0,False,66ff8d975fd9b4586d603541,0,0
66ff8d975fd9b4586d603542,CLO002.00,1.0,Alfanar ,MPMKVVCL-Bhopal,"4G, w/o DI",Withdrawn,DLMS Order, 3P4W LTCT Cl 0.5 5-10A,CHRONAS,SMART,0,bug fixed,2024-07-03T00:00:00.000Z,2024-08-01T00:00:00.000Z,1970-01-01T00:00:00.000Z,1970-01-01T00:00:00.000Z,1970-01-01T00:00:00.000Z,0.0,0.0,0.0,0.0,1.0,0.0,0,1970-01-01T00:00:00.000Z,0,0,0,0.0,False,66ff8d975fd9b4586d603542,0,0
66ff8d975fd9b4586d603543,CBO028.00,0.0,Reliance Jio ,BESCOM,4G,Released,DLMS Order, 3P4W LTWC Cl 1.0 10-60A,CHRONAS,SMART,BHR,New firmware,2024-08-01T00:00:00.000Z,2024-08-01T00:00:00.000Z,2024-08-01T00:00:00.000Z,2024-08-06T00:00:00.000Z,2024-08-09T00:00:00.000Z,3.0,3.0,1.0,0.0,6.0,4.0,QER-109201,2024-08-09T00:00:00.000Z,SR,0,0,0.0,False,66ff8d975fd9b4586d603543,0,0
66ff8d975fd9b4586d603544,CAO02100,4.0,TPCL,TPCL,4G(SIMCOM module with taoglass ),Exp Next Itr,DLMS Order, 3P4W LTWC Cl 1.0 10-100A,CHRONAS,SMART,NB,bug fixed,2024-06-27T00:00:00.000Z,2024-08-02T00:00:00.000Z,2024-08-05T00:00:00.000Z,2024-08-06T00:00:00.000Z,1970-01-01T00:00:00.000Z,0.0,0.0,4.0,1.0,2.0,1.0,0,1970-01-01T00:00:00.000Z,0,0,0,0.0,False,66ff8d975fd9b4586d603544,0,0
66ff8d975fd9b4586d603545,RH70.00,0.0,ESP,ESP,CYAN RF,Withdrawn,DLMS Order,"1Ph 5-30A , Cl.1.0",CYGNUS,SMART,0,RH18 fw modified as per CR change,2024-08-02T00:00:00.000Z,1970-01-01T00:00:00.000Z,1970-01-01T00:00:00.000Z,1970-01-01T00:00:00.000Z,1970-01-01T00:00:00.000Z,0.0,0.0,1.0,0.0,1.0,0.0,0,1970-01-01T00:00:00.000Z,0,0,0,0.0,False,66ff8d975fd9b4586d603545,0,0
66ff8d975fd9b4586d603546,SR83.00,1.0,TANGEDCO,TANGEDCO,0,Subs Itr rel,DLMS Order,"1Ph 10-60A , Cl.1.0",SFF,ENM,SS,bug fixed,2024-07-11T00:00:00.000Z,2024-08-02T00:00:00.000Z,2024-08-06T00:00:00.000Z,2024-08-08T00:00:00.000Z,1970-01-01T00:00:00.000Z,0.0,0.0,5.0,2.0,3.0,3.0,0,1970-01-01T00:00:00.000Z,0,0,0,0.0,False,66ff8d975fd9b4586d603546,0,0
66ff8d975fd9b4586d603547,COT76.00,2.0,TPL,AGRA,0,Subs Itr rel,DLMS Order, 3P4W LTWC Cl 1.0 10-60A,M3R,TVM LT WC,VN,bug fixed,2024-07-25T00:00:00.000Z,2024-08-02T00:00:00.000Z,2024-08-05T00:00:00.000Z,2024-08-06T00:00:00.000Z,2024-08-08T00:00:00.000Z,2.0,2.0,4.0,1.0,2.0,1.0,0,1970-01-01T00:00:00.000Z,BCP,0,0,0.0,False,66ff8d975fd9b4586d603547,0,0
66ff8d975fd9b4586d603548,UC26.00,0.0,WM101BC5DKSNET,WM101BC5DKSNET,0,Pending,DLMS Order,"1PH 05-30A,  Cl.1.0",SFF,ENM,0,platform Conversion ,2024-08-02T00:00:00.000Z,2024-08-02T00:00:00.000Z,1970-01-01T00:00:00.000Z,1970-01-01T00:00:00.000Z,1970-01-01T00:00:00.000Z,0.0,0.0,0.0,0.0,1.0,0.0,0,1970-01-01T00:00:00.000Z,0,0,0,0.0,False,66ff8d975fd9b4586d603548,0,0
66ff8d975fd9b4586d603549,COP12.01,0.0,KSEB,KSEB,0,Withdrawn,DLMS Order, 3P4W LTWC Cl 1.0 10-60A,VENUS,TVM LT WC,AM,checklist ,2024-08-05T00:00:00.000Z,2024-08-05T00:00:00.000Z,2024-08-13T00:00:00.000Z,2024-08-14T00:00:00.000Z,1970-01-01T00:00:00.000Z,0.0,0.0,9.0,4.0,2.0,2.0,0,1970-01-01T00:00:00.000Z,0,0,0,0.0,False,66ff8d975fd9b4586d603549,0,0
66ff8d975fd9b4586d60354a,RH50.02,1.0,Techno,MPPKVVCL Indore,0,Released,DLMS Order,"1Ph 10-60A , Cl.1.0",CYGNUS,SMART,VN,CR changes(Display),2024-07-29T00:00:00.000Z,2024-08-05T00:00:00.000Z,2024-08-07T00:00:00.000Z,2024-08-09T00:00:00.000Z,1970-01-01T00:00:00.000Z,0.0,0.0,3.0,1.0,3.0,3.0,QER- 109053(2),2024-08-14T00:00:00.000Z,DK,0,0,0.0,False,66ff8d975fd9b4586d60354a,0,0
66ff8d975fd9b4586d60354b,CON09.00,0.0,WBSEDCL,WBSEDCL,0,Subs Itr rel,DLMS Order, 3P 4W- SFF-LT 5-10A,SFF,TVM LT 0.5,SR,New Firmware,2024-08-05T00:00:00.000Z,2024-08-05T00:00:00.000Z,2024-08-09T00:00:00.000Z,2024-08-14T00:00:00.000Z,2024-08-16T00:00:00.000Z,2.0,1.0,5.0,2.0,6.0,4.0,0,1970-01-01T00:00:00.000Z,AVM,0,0,0.0,False,66ff8d975fd9b4586d60354b,0,0
66ff8d975fd9b4586d60354c,RH62.02,0.0,Alfanar ,MPMKVVCL-Bhopal,0,Subs Itr rel,DLMS Order,"1PH 10-60A,  Cl.1.0",CYGNUS,SMART,NB,CR changes,2024-08-06T00:00:00.000Z,2024-08-06T00:00:00.000Z,2024-08-07T00:00:00.000Z,2024-08-09T00:00:00.000Z,2024-08-12T00:00:00.000Z,3.0,1.0,2.0,1.0,3.0,3.0,0,1970-01-01T00:00:00.000Z,0,0,0,0.0,False,66ff8d975fd9b4586d60354c,0,0
66ff8d975fd9b4586d60354d,COC57.00 ,6.0,WBSEDCL,WBSEDCL ,sampark,Subs Itr rel,DLMS Order, 3P4W LTWC Cl 1.0 10-60A,SFF,TVM LT WC,DK,Hw changed,2024-06-12T00:00:00.000Z,2024-08-09T00:00:00.000Z,2024-08-09T00:00:00.000Z,2024-08-12T00:00:00.000Z,1970-01-01T00:00:00.000Z,0.0,0.0,1.0,1.0,4.0,2.0,0,1970-01-01T00:00:00.000Z,0,0,0,0.0,False,66ff8d975fd9b4586d60354d,0,0
66ff8d975fd9b4586d60354e,RH46.03,2.0,Adani,APDCL,0,Released,DLMS Order,"1Ph 5-30A , Cl.1.0",CYGNUS,SMART,San,bug fixed,2024-07-25T00:00:00.000Z,2024-08-06T00:00:00.000Z,2024-08-06T00:00:00.000Z,2024-08-06T00:00:00.000Z,1970-01-01T00:00:00.000Z,0.0,0.0,1.0,0.0,1.0,0.5,109051(4),2024-08-07T00:00:00.000Z,0,0,0,0.0,False,66ff8d975fd9b4586d60354e,0,0
66ff8d975fd9b4586d60354f,nLo069.00,0.0,GMR,PuVVNL,0,Released,DLMS Order,3P4W LTCT 240V 5-10A,NORTEM,SMART,ABK,CR changes,2024-08-07T00:00:00.000Z,2024-08-07T00:00:00.000Z,2024-08-19T00:00:00.000Z,2024-08-21T00:00:00.000Z,2024-08-22T00:00:00.000Z,1.0,1.0,13.0,8.0,3.0,3.0,109210,2024-08-27T00:00:00.000Z,VN,0,0,0.0,False,66ff8d975fd9b4586d60354f,0,0
66ff8d975fd9b4586d603550,nLo070.00,0.0,TPCL,TPCL,4G,Completed,DLMS Order,3P4W LTCT 240V 5-10A,NORTEM,SMART,VN,CR changes,2024-08-07T00:00:00.000Z,2024-08-07T00:00:00.000Z,2024-08-19T00:00:00.000Z,2024-08-23T00:00:00.000Z,2024-08-26T00:00:00.000Z,3.0,1.0,13.0,8.0,5.0,5.0,0,1970-01-01T00:00:00.000Z,BCP,0,0,0.0,False,66ff8d975fd9b4586d603550,0,0
66ff8d975fd9b4586d603551,CBO024.01,0.0,Intellismart,APDCL,4G,Released,DLMS Order, 3P4W LTWC Cl 1.0 10-60A,CHRONAS,SMART,DK,CR changes,2024-08-08T00:00:00.000Z,2024-08-08T00:00:00.000Z,2024-08-08T00:00:00.000Z,2024-08-09T00:00:00.000Z,2024-08-12T00:00:00.000Z,3.0,2.0,1.0,0.0,2.0,2.0,QER- 109130(1),2024-08-12T00:00:00.000Z,VK,0,0,0.0,False,66ff8d975fd9b4586d603551,0,0
66ff8d975fd9b4586d603552,nLo066.01,1.0,Adani,APSPDCL,4G,Withdrawn,DLMS Order,"3P4W LTCT 240V 5-10A,",NORTEM,SMART,0,Bug fixed,2024-07-26T00:00:00.000Z,2024-08-08T00:00:00.000Z,2024-08-09T00:00:00.000Z,1970-01-01T00:00:00.000Z,1970-01-01T00:00:00.000Z,0.0,0.0,2.0,1.0,0.0,0.0,0,1970-01-01T00:00:00.000Z,0,0,0,0.0,False,66ff8d975fd9b4586d603552,0,0
66ff8d975fd9b4586d603553,nLo064.01,1.0,Adani,APCPDCL,4G,Withdrawn,DLMS Order,"3P4W LTCT 240V 5-10A,",NORTEM,SMART,0,Bug fixed,2024-07-26T00:00:00.000Z,2024-08-08T00:00:00.000Z,2024-08-09T00:00:00.000Z,1970-01-01T00:00:00.000Z,1970-01-01T00:00:00.000Z,0.0,0.0,2.0,1.0,0.0,0.0,0,1970-01-01T00:00:00.000Z,0,0,0,0.0,False,66ff8d975fd9b4586d603553,0,0
66ff8d975fd9b4586d603554,nLo063.01,1.0,Adani,APEPDCL,4G,Withdrawn,DLMS Order,"3P4W LTCT 240V 5-10A,",NORTEM,SMART,0,CR changes and Bug fixed,2024-08-08T00:00:00.000Z,2024-08-08T00:00:00.000Z,2024-08-09T00:00:00.000Z,1970-01-01T00:00:00.000Z,1970-01-01T00:00:00.000Z,0.0,0.0,2.0,1.0,0.0,0.0,0,1970-01-01T00:00:00.000Z,0,0,0,0.0,False,66ff8d975fd9b4586d603554,0,0
66ff8d975fd9b4586d603555,nLo067.01,1.0,Adani,APSPDCL,"4G, w/o DI",Withdrawn,DLMS Order,"3P4W LTCT 240V 5-10A,",NORTEM,SMART,0,Firmware nLo066.00 Cn modified to remove DI functionality,2024-07-29T00:00:00.000Z,2024-08-08T00:00:00.000Z,1970-01-01T00:00:00.000Z,1970-01-01T00:00:00.000Z,1970-01-01T00:00:00.000Z,0.0,0.0,0.0,0.0,1.0,0.0,0,1970-01-01T00:00:00.000Z,0,0,0,0.0,False,66ff8d975fd9b4586d603555,0,0
66ff8d975fd9b4586d603556,nLo065.01,1.0,Adani,APCPDCL,"4G, w/o DI",Withdrawn,DLMS Order,"3P4W LTCT 240V 5-10A,",NORTEM,SMART,0,Firmware nLo064.00 Cn modified to remove DI functionality,2024-07-29T00:00:00.000Z,2024-08-08T00:00:00.000Z,1970-01-01T00:00:00.000Z,1970-01-01T00:00:00.000Z,1970-01-01T00:00:00.000Z,0.0,0.0,0.0,0.0,1.0,0.0,0,1970-01-01T00:00:00.000Z,0,0,0,0.0,False,66ff8d975fd9b4586d603556,0,0
66ff8d975fd9b4586d603557,COT76.00,3.0,TPL,AGRA,0,Released,DLMS Order, 3P4W LTWC Cl 1.0 10-60A,M3R,TVM LT WC,SS,bug fixed,2024-07-25T00:00:00.000Z,2024-08-09T00:00:00.000Z,2024-08-09T00:00:00.000Z,2024-08-09T00:00:00.000Z,1970-01-01T00:00:00.000Z,0.0,0.0,1.0,0.0,1.0,1.0,QER-109200,2024-08-09T00:00:00.000Z,0,0,0,0.0,False,66ff8d975fd9b4586d603557,0,0
66ff8d975fd9b4586d603558,nLo057.07,7.0,Adani,APEPDCL,4G,Withdrawn,DLMS Order,"3P4W LTCT 240V 5-10A,",NORTEM,SMART,0,bug fixed,2024-08-09T00:00:00.000Z,2024-08-09T00:00:00.000Z,2024-08-09T00:00:00.000Z,1970-01-01T00:00:00.000Z,1970-01-01T00:00:00.000Z,0.0,0.0,1.0,0.0,0.0,0.0,0,1970-01-01T00:00:00.000Z,0,0,0,0.0,False,66ff8d975fd9b4586d603558,0,0
66ff8d975fd9b4586d603559,COP06.01,0.0,DGVCL,DGVCL,0,In Progress,DLMS Order, 3P4W LTWC Cl 1.0 10-60A,VENUS,TVM LT WC,ABK,checklist ,2024-08-12T00:00:00.000Z,2024-08-12T00:00:00.000Z,2024-09-27T00:00:00.000Z,1970-01-01T00:00:00.000Z,1970-01-01T00:00:00.000Z,0.0,0.0,47.0,30.0,0.0,0.0,0,1970-01-01T00:00:00.000Z,0,0,0,0.0,False,66ff8d975fd9b4586d603559,0,0
66ff8d975fd9b4586d60355a,RH62.02,1.0,Alfanar ,MPMKVVCL-Bhopal,0,Released,DLMS Order,"1PH 10-60A,  Cl.1.0",CYGNUS,SMART,NB,Process changes,2024-08-06T00:00:00.000Z,2024-08-12T00:00:00.000Z,2024-08-12T00:00:00.000Z,2024-08-12T00:00:00.000Z,1970-01-01T00:00:00.000Z,0.0,0.0,1.0,0.0,1.0,0.5,QER- 109180(2),2024-08-13T00:00:00.000Z,BHR,0,0,0.0,False,66ff8d975fd9b4586d60355a,0,0
66ff8d975fd9b4586d60355b,RH67.01,0.0,Intellismart,PVVNL,4GQuectel,Subs Itr rel,DLMS Order,"1Ph 4G 10-60A , Cl.1.0",CYGNUS,SMART,SR,CR changes,2024-08-13T00:00:00.000Z,2024-08-13T00:00:00.000Z,2024-08-19T00:00:00.000Z,2024-08-22T00:00:00.000Z,1970-01-01T00:00:00.000Z,3.0,0.0,7.0,4.0,4.0,1.0,0,1970-01-01T00:00:00.000Z,0,0,0,0.0,False,66ff8d975fd9b4586d60355b,0,0
66ff8d975fd9b4586d60355c,CAO01102,0.0,Adani,EEPL,0,Released,DLMS Order, 3P4W LTWC Cl 1.0 10-100A,CHRONAS,SMART,DK,checklist ,2024-08-14T00:00:00.000Z,2024-08-14T00:00:00.000Z,2024-08-19T00:00:00.000Z,2024-08-19T00:00:00.000Z,2024-08-20T00:00:00.000Z,1.0,1.0,6.0,3.0,1.0,1.0,QER-108965(2),2024-08-20T00:00:00.000Z,VK,0,0,0.0,False,66ff8d975fd9b4586d60355c,0,0
66ff8d975fd9b4586d60355d,RH68.00,1.0,Intellismart,MVVNL,4GQuectel,Released,DLMS Order,"1Ph 4G 10-60A , Cl.1.0",CYGNUS,SMART,SS,RH67.00 modified for CR changes,2024-07-30T00:00:00.000Z,2024-08-14T00:00:00.000Z,2024-08-28T00:00:00.000Z,2024-08-30T00:00:00.000Z,2024-09-03T00:00:00.000Z,4.0,2.0,15.0,9.0,3.0,3.0,QER-109228  ,2024-09-11T00:00:00.000Z,VK,0,0,0.0,False,66ff8d975fd9b4586d60355d,0,0
66ff8d975fd9b4586d60355e,nLo066.03,3.0,Adani,APSPDCL,4G,Released,DLMS Order,"3P4W LTCT 240V 5-10A,",NORTEM,SMART,AVM,Bug fixed,2024-07-26T00:00:00.000Z,2024-08-14T00:00:00.000Z,2024-08-16T00:00:00.000Z,2024-08-19T00:00:00.000Z,2024-08-20T00:00:00.000Z,1.0,1.0,3.0,1.0,4.0,2.0,QER-109204,2024-08-20T00:00:00.000Z,BCP,0,0,0.0,False,66ff8d975fd9b4586d60355e,0,0
66ff8d975fd9b4586d60355f,nLo064.02,2.0,Adani,APCPDCL,4G,Released,DLMS Order,"3P4W LTCT 240V 5-10A,",NORTEM,SMART,AM,Bug fixed,2024-07-26T00:00:00.000Z,2024-08-14T00:00:00.000Z,2024-08-20T00:00:00.000Z,2024-08-23T00:00:00.000Z,2024-08-27T00:00:00.000Z,4.0,2.0,7.0,3.0,4.0,3.0,109208,2024-08-27T00:00:00.000Z,Dk,0,0,0.0,False,66ff8d975fd9b4586d60355f,0,0
66ff8d975fd9b4586d603560,CAO02301,0.0,Intellismart ,PVVNL ,4G,Subs Itr rel,DLMS Order, 3P4W LTWC Cl 1.0 10-100A,CHRONAS,SMART,BCP,CR changes and bug fixed,2024-08-19T00:00:00.000Z,2024-08-19T00:00:00.000Z,2024-08-23T00:00:00.000Z,2024-08-26T00:00:00.000Z,2024-08-28T00:00:00.000Z,2.0,2.0,5.0,2.0,4.0,2.0,0,1970-01-01T00:00:00.000Z,SR,0,0,0.0,False,66ff8d975fd9b4586d603560,0,0
66ff8d975fd9b4586d603561,nLo057.08,7.0,Adani,APEPDCL,4G,Released,DLMS Order,"3P4W LTCT 240V 5-10A,",NORTEM,SMART,DK,bug fixed and CR changes,2024-08-09T00:00:00.000Z,2024-08-19T00:00:00.000Z,2024-08-20T00:00:00.000Z,2024-08-20T00:00:00.000Z,2024-08-22T00:00:00.000Z,2.0,2.0,2.0,1.0,1.0,1.0,QER-109181(1),2024-08-22T00:00:00.000Z,VK,0,0,0.0,False,66ff8d975fd9b4586d603561,0,0
66ff8d975fd9b4586d603562,5YD19.37,0.0,WR300BB11ABTUP3,WR300BB11ABTUP3,0,Withdrawn,DLMS Order,3P4W 63.5V 1-2A CL0.2 CAT-B,SEM N2,TVM HT 0.2,0,Checklist implementation,2024-08-19T00:00:00.000Z,2024-08-19T00:00:00.000Z,1970-01-01T00:00:00.000Z,1970-01-01T00:00:00.000Z,1970-01-01T00:00:00.000Z,0.0,0.0,0.0,0.0,1.0,0.0,0,1970-01-01T00:00:00.000Z,0,0,0,0.0,False,66ff8d975fd9b4586d603562,0,0
66ff8d975fd9b4586d603563,CLO001.00,2.0,Alfanar ,MPMKVVCL-Bhopal,"4G, with DI",Exp Next Itr,DLMS Order, 3P4W LTCT Cl 0.5 5-10A,CHRONAS,SMART,SS,bug fixed,2024-07-03T00:00:00.000Z,2024-08-19T00:00:00.000Z,2024-08-20T00:00:00.000Z,2024-08-22T00:00:00.000Z,1970-01-01T00:00:00.000Z,0.0,0.0,2.0,0.0,3.0,3.0,0,1970-01-01T00:00:00.000Z,0,0,0,0.0,False,66ff8d975fd9b4586d603563,0,0
66ff8d975fd9b4586d603564,COC58.00 ,3.0,WBSEDCL,WBSEDCL ,Bi-direction,Exp Next Itr,DLMS Order, 3P4W LTWC Cl 1.0 10-60A,SFF,TVM LT WC,BCP,bug fixed,2024-07-11T00:00:00.000Z,2024-08-20T00:00:00.000Z,2024-08-21T00:00:00.000Z,2024-08-22T00:00:00.000Z,1970-01-01T00:00:00.000Z,0.0,0.0,2.0,1.0,2.0,1.0,0,1970-01-01T00:00:00.000Z,0,0,0,0.0,False,66ff8d975fd9b4586d603564,0,0
66ff8d975fd9b4586d603565,CAO02100,5.0,TPCL,TPCL,4G(SIMCOM module with taoglass ),Exp Next Itr,DLMS Order, 3P4W LTWC Cl 1.0 10-100A,CHRONAS,SMART,AVM,bug fixed,2024-06-27T00:00:00.000Z,2024-08-21T00:00:00.000Z,2024-08-21T00:00:00.000Z,2024-08-22T00:00:00.000Z,1970-01-01T00:00:00.000Z,0.0,0.0,1.0,0.0,2.0,2.0,0,1970-01-01T00:00:00.000Z,0,0,0,0.0,False,66ff8d975fd9b4586d603565,0,0
66ff8d975fd9b4586d603566,CON09.00,1.0,WBSEDCL,WBSEDCL,0,Subs Itr rel,DLMS Order, 3P 4W- SFF-LT 5-10A,SFF,TVM LT 0.5,VK,bug fixed,2024-08-05T00:00:00.000Z,2024-08-22T00:00:00.000Z,2024-08-22T00:00:00.000Z,2024-08-23T00:00:00.000Z,1970-01-01T00:00:00.000Z,0.0,0.0,1.0,0.0,2.0,2.0,0,1970-01-01T00:00:00.000Z,BHR,0,0,0.0,False,66ff8d975fd9b4586d603566,0,0
66ff8d975fd9b4586d603567,HHo002.15,15.0,Techno,MPPKVVCL Indore ,0,Released,DLMS Order, 3P4W HTCT Cl 0.2 5-10A,NORTEM,SMART,SR,code comapre,2024-08-22T00:00:00.000Z,2024-08-22T00:00:00.000Z,2024-08-22T00:00:00.000Z,2024-08-22T00:00:00.000Z,1970-01-01T00:00:00.000Z,0.0,0.0,1.0,0.0,1.0,1.0,QER-109091(3),2024-08-23T00:00:00.000Z,0,yes,0,0.0,False,66ff8d975fd9b4586d603567,0,0
66ff8d975fd9b4586d603568,SR83.00,2.0,TANGEDCO,TANGEDCO,0,Subs Itr rel,DLMS Order,"1Ph 10-60A , Cl.1.0",SFF,ENM,SR,bug fixed,2024-07-11T00:00:00.000Z,2024-08-22T00:00:00.000Z,2024-08-27T00:00:00.000Z,2024-08-28T00:00:00.000Z,2024-09-02T00:00:00.000Z,5.0,2.0,6.0,3.0,2.0,1.0,0,1970-01-01T00:00:00.000Z,0,0,0,0.0,False,66ff8d975fd9b4586d603568,0,0
66ff8d975fd9b4586d603569,RH58.01,0.0,Adani,UPCL ,Quectel,Released,DLMS Order,"1PH 10-60A,  Cl.1.0",CYGNUS,SMART,DK,CR changes,2024-08-22T00:00:00.000Z,2024-08-22T00:00:00.000Z,2024-08-22T00:00:00.000Z,2024-08-23T00:00:00.000Z,2024-08-27T00:00:00.000Z,4.0,2.0,1.0,0.0,2.0,1.0,QER-109140(1),2024-08-28T00:00:00.000Z,SR,0,0,0.0,False,66ff8d975fd9b4586d603569,0,0
66ff8d975fd9b4586d60356a,HHo015.01,1.0,TPCL,TPCL,4G,Exp Next Itr,DLMS Order, 3P4W HTCT Cl 0.5 5-10A,NORTEM,SMART,AVM,bug fixed,2024-07-31T00:00:00.000Z,2024-08-22T00:00:00.000Z,2024-08-23T00:00:00.000Z,2024-08-26T00:00:00.000Z,2024-08-27T00:00:00.000Z,1.0,1.0,2.0,0.0,4.0,2.0,0,1970-01-01T00:00:00.000Z,SS,0,0,0.0,False,66ff8d975fd9b4586d60356a,0,0
66ff8d975fd9b4586d60356b,UR11.00 ,1.0,WM101BC5KARNET ,WM101BC5KARNET ,0,Pending,DLMS Order,"1Ph 5-30A , Cl.1.0",MERCURY,ENM,0,New firmware,2024-08-22T00:00:00.000Z,2024-08-22T00:00:00.000Z,1970-01-01T00:00:00.000Z,1970-01-01T00:00:00.000Z,1970-01-01T00:00:00.000Z,0.0,0.0,0.0,0.0,1.0,0.0,0,1970-01-01T00:00:00.000Z,0,0,0,0.0,False,66ff8d975fd9b4586d60356b,0,0
66ff8d975fd9b4586d60356c,CAO02100,5.0,TPCL,TPCL,4G(SIMCOM module with taoglass ),Exp Next Itr,DLMS Order, 3P4W LTWC Cl 1.0 10-100A,CHRONAS,SMART,VN/SR,bug fixed,2024-06-27T00:00:00.000Z,2024-08-23T00:00:00.000Z,2024-08-23T00:00:00.000Z,2024-08-26T00:00:00.000Z,2024-08-28T00:00:00.000Z,2.0,2.0,1.0,0.0,4.0,2.0,0,1970-01-01T00:00:00.000Z,BHR,0,0,0.0,False,66ff8d975fd9b4586d60356c,0,0
66ff8d975fd9b4586d60356d,RH70.00,1.0,ESP,ESP,CYAN RF,Completed,DLMS Order,"1Ph 5-30A , Cl.1.0",CYGNUS,SMART,San,RH18 fw modified as per CR change,2024-08-02T00:00:00.000Z,2024-08-23T00:00:00.000Z,2024-09-16T00:00:00.000Z,2024-09-18T00:00:00.000Z,2024-09-19T00:00:00.000Z,1.0,1.0,25.0,15.0,3.0,3.0,0,1970-01-01T00:00:00.000Z,AM,0,0,0.0,False,66ff8d975fd9b4586d60356d,0,0
66ff8d975fd9b4586d60356e,nLo045.00,0.0,Montecarlo ,Jabalpur,4G,Pending,DLMS Order,"3P4W LTCT 240V 5-10A,",NORTEM,SMART,0,New firmware,2024-08-23T00:00:00.000Z,2024-08-23T00:00:00.000Z,1970-01-01T00:00:00.000Z,1970-01-01T00:00:00.000Z,1970-01-01T00:00:00.000Z,0.0,0.0,0.0,0.0,1.0,0.0,0,1970-01-01T00:00:00.000Z,0,0,0,0.0,False,66ff8d975fd9b4586d60356e,0,0
66ff8d975fd9b4586d60356f,COC58.00 ,4.0,WBSEDCL,WBSEDCL ,Bi-direction,Exp Next Itr,DLMS Order, 3P4W LTWC Cl 1.0 10-60A,SFF,TVM LT WC,VK,bug fixed,2024-07-11T00:00:00.000Z,2024-08-23T00:00:00.000Z,2024-08-26T00:00:00.000Z,2024-08-26T00:00:00.000Z,2024-08-28T00:00:00.000Z,2.0,2.0,4.0,0.0,1.0,1.0,0,1970-01-01T00:00:00.000Z,AM,0,0,0.0,False,66ff8d975fd9b4586d60356f,0,0
66ff8d975fd9b4586d603570,CAO02400,0.0,Alfanar ,MPMKVVCL-Bhopal,0,Exp Next Itr,DLMS Order, 3P4W LTWC Cl 1.0 10-100A,CHRONAS,SMART,AVM,New firmware,2024-08-26T00:00:00.000Z,2024-08-26T00:00:00.000Z,2024-08-27T00:00:00.000Z,2024-08-30T00:00:00.000Z,1970-01-01T00:00:00.000Z,0.0,0.0,2.0,1.0,4.0,4.0,0,1970-01-01T00:00:00.000Z,0,0,0,0.0,False,66ff8d975fd9b4586d603570,0,0
66ff8d975fd9b4586d603571,CON09.00,2.0,WBSEDCL,WBSEDCL,0,Released,DLMS Order, 3P 4W- SFF-LT 5-10A,SFF,TVM LT 0.5,VK,code compare,2024-08-05T00:00:00.000Z,2024-08-27T00:00:00.000Z,2024-08-27T00:00:00.000Z,2024-08-27T00:00:00.000Z,1970-01-01T00:00:00.000Z,0.0,0.0,1.0,0.0,1.0,0.5,QER-109211,2024-08-28T00:00:00.000Z,VN,yes,0,0.0,False,66ff8d975fd9b4586d603571,0,0
66ff8d975fd9b4586d603572,nLo063.02,2.0,Adani,APEPDCL,4G,Subs Itr rel,DLMS Order,"3P4W LTCT 240V 5-10A,",NORTEM,SMART,BHR,Bug fixed,2024-08-08T00:00:00.000Z,2024-08-28T00:00:00.000Z,2024-08-29T00:00:00.000Z,2024-08-30T00:00:00.000Z,2024-09-02T00:00:00.000Z,3.0,1.0,2.0,1.0,2.0,2.0,0,1970-01-01T00:00:00.000Z,0,0,0,0.0,False,66ff8d975fd9b4586d603572,0,0
66ff8d975fd9b4586d603573,RH67.01,1.0,Intellismart,PVVNL,4GQuectel,Released,DLMS Order,"1Ph 4G 10-60A , Cl.1.0",CYGNUS,SMART,SR,CR changes,2024-08-13T00:00:00.000Z,2024-08-28T00:00:00.000Z,2024-08-29T00:00:00.000Z,2024-09-02T00:00:00.000Z,2024-09-03T00:00:00.000Z,1.0,1.0,2.0,1.0,2.0,2.0,QER - 109170(1),2024-09-03T00:00:00.000Z,DK,0,0,0.0,False,66ff8d975fd9b4586d603573,0,0
66ff8d975fd9b4586d603574,HHo018.02,2.0,Alfanar ,MPMKVVCL-Bhopal,4G,Exp Next Itr,DLMS Order, 3P4W HTCT Cl 0.5 5-10A,NORTEM,SMART,VK,Bug fixed,2024-07-12T00:00:00.000Z,2024-08-29T00:00:00.000Z,2024-08-29T00:00:00.000Z,2024-09-02T00:00:00.000Z,2024-09-12T00:00:00.000Z,10.0,2.0,1.0,0.0,5.0,3.0,0,1970-01-01T00:00:00.000Z,SAN,0,0,0.0,False,66ff8d975fd9b4586d603574,0,0
66ff8d975fd9b4586d603575,nLo052.04,4.0,Montecarlo ,MSEDCL,"RF, DI",Pending,DLMS Order,"3P4W LTCT 240V 5-10A,",NORTEM,SMART,0,New firmware,2024-06-27T00:00:00.000Z,2024-08-29T00:00:00.000Z,1970-01-01T00:00:00.000Z,1970-01-01T00:00:00.000Z,1970-01-01T00:00:00.000Z,0.0,0.0,0.0,0.0,1.0,0.0,0,1970-01-01T00:00:00.000Z,0,0,0,0.0,False,66ff8d975fd9b4586d603575,0,0
66ff8d975fd9b4586d603576,CBO029.00,0.0,Techno ,TSECL,4G,Exp Next Itr,DLMS Order, 3P4W LTWC Cl 1.0 10-60A,CHRONAS,SMART,VK,New firmware,2024-08-29T00:00:00.000Z,2024-08-29T00:00:00.000Z,2024-09-12T00:00:00.000Z,2024-09-24T00:00:00.000Z,1970-01-01T00:00:00.000Z,0.0,0.0,15.0,8.0,13.0,8.0,0,1970-01-01T00:00:00.000Z,SAN,0,0,0.0,False,66ff8d975fd9b4586d603576,0,0
66ff8d975fd9b4586d603577,UC25.01,0.0,WM101BC7RSNET,WM101BC7RSNET,0,Released,DLMS Order,"1PH 05-60A,  Cl.1.0",SFF,ENM,DK,CR changes,2024-08-29T00:00:00.000Z,2024-08-29T00:00:00.000Z,2024-08-30T00:00:00.000Z,2024-08-30T00:00:00.000Z,2024-09-02T00:00:00.000Z,3.0,2.0,2.0,1.0,1.0,1.0,QER-109202(1),2024-09-12T00:00:00.000Z,0,0,0,0.0,False,66ff8d975fd9b4586d603577,0,0
66ff8d975fd9b4586d603578,CLO001.00,3.0,Alfanar ,MPMKVVCL-Bhopal,"4G, with DI",Completed,DLMS Order, 3P4W LTCT Cl 0.5 5-10A,CHRONAS,SMART,BHR,bug fixed,2024-07-03T00:00:00.000Z,2024-08-29T00:00:00.000Z,2024-08-30T00:00:00.000Z,2024-09-06T00:00:00.000Z,2024-09-10T00:00:00.000Z,4.0,2.0,2.0,1.0,8.0,4.0,0,1970-01-01T00:00:00.000Z,SAN,0,0,0.0,False,66ff8d975fd9b4586d603578,0,0
66ff8d975fd9b4586d603579,COC58.00 ,5.0,WBSEDCL,WBSEDCL ,Bi-direction,Released,DLMS Order, 3P4W LTWC Cl 1.0 10-60A,SFF,TVM LT WC,BCP,bug fixed,2024-07-11T00:00:00.000Z,2024-08-30T00:00:00.000Z,2024-08-30T00:00:00.000Z,2024-09-02T00:00:00.000Z,1970-01-01T00:00:00.000Z,0.0,0.0,1.0,0.0,4.0,2.0,109218,2024-09-02T00:00:00.000Z,AVM,0,0,0.0,False,66ff8d975fd9b4586d603579,0,0
66ff8d975fd9b4586d60357a,nLo010.11,11.0,TPNODL,TPNODL,4G,Withdrawn,DLMS Order,"3P4W LTCT 240V 5-10A,",NORTEM,SMART,0,CR changes and Checklist ,2024-08-30T00:00:00.000Z,2024-08-30T00:00:00.000Z,1970-01-01T00:00:00.000Z,1970-01-01T00:00:00.000Z,1970-01-01T00:00:00.000Z,0.0,0.0,0.0,0.0,1.0,0.0,0,1970-01-01T00:00:00.000Z,0,0,0,0.0,False,66ff8d975fd9b4586d60357a,0,0
66ff8d975fd9b4586d60357b,COT74.02,0.0,TPL,Agra,0,Released,DLMS Order, 3P4W LTWC Cl 1.0 10-60A,M3R,TVM LT WC,BCP,Checklist implementation,2024-08-30T00:00:00.000Z,2024-08-30T00:00:00.000Z,2024-09-06T00:00:00.000Z,2024-09-06T00:00:00.000Z,2024-09-10T00:00:00.000Z,4.0,2.0,8.0,4.0,1.0,1.0,QER-108788(2),2024-09-10T00:00:00.000Z,SR,0,0,0.0,False,66ff8d975fd9b4586d60357b,0,0
66ff8d975fd9b4586d60357c,CTC93.00 ,2.0,WBSEDCL,WBSEDCL,0,Withdrawn,DLMS Tender, 3P4W LTWC Cl 1.0 5-30A,SFF,TVM LT WC,0,bug fixed,2024-03-05T00:00:00.000Z,2024-09-03T00:00:00.000Z,1970-01-01T00:00:00.000Z,1970-01-01T00:00:00.000Z,1970-01-01T00:00:00.000Z,0.0,0.0,0.0,0.0,1.0,0.0,0,1970-01-01T00:00:00.000Z,0,0,0,0.0,False,66ff8d975fd9b4586d60357c,0,0
66ff8d975fd9b4586d60357d,RH21.02,0.0,Intellismart,PVVNL ,  Cyan,Withdrawn,DLMS Order,"1Ph cyan 10-60A , Cl.1.0",CYGNUS,SMART,0,CR changes,2024-09-02T00:00:00.000Z,2024-09-02T00:00:00.000Z,1970-01-01T00:00:00.000Z,1970-01-01T00:00:00.000Z,1970-01-01T00:00:00.000Z,0.0,0.0,0.0,0.0,1.0,0.0,0,1970-01-01T00:00:00.000Z,0,0,0,0.0,False,66ff8d975fd9b4586d60357d,0,0
66ff8d975fd9b4586d60357e,3PBNT.86,0.0,EESL ,Haryana ,4G,Completed,DLMS Order, 3P4W LTWC Cl 1.0 10-60A,NORTEM,SMART,VK,Dual sim profile changes,2024-09-02T00:00:00.000Z,2024-09-02T00:00:00.000Z,2024-09-02T00:00:00.000Z,2024-09-03T00:00:00.000Z,1970-01-01T00:00:00.000Z,0.0,0.0,1.0,0.0,2.0,2.0,0,1970-01-01T00:00:00.000Z,0,0,0,0.0,False,66ff8d975fd9b4586d60357e,0,0
66ff8d975fd9b4586d60357f,SR83.00,3.0,TANGEDCO,TANGEDCO,0,Released,DLMS Order,"1Ph 10-60A , Cl.1.0",SFF,ENM,ABK,bug fixed,2024-07-11T00:00:00.000Z,2024-09-03T00:00:00.000Z,2024-09-03T00:00:00.000Z,2024-09-04T00:00:00.000Z,2024-09-05T00:00:00.000Z,1.0,1.0,1.0,0.0,2.0,1.0,QER-109225,2024-09-10T00:00:00.000Z,BCP,0,0,0.0,False,66ff8d975fd9b4586d60357f,0,0
66ff8d975fd9b4586d603580,CTC93.00 ,3.0,WBSEDCL,WBSEDCL,0,Completed,DLMS Tender, 3P4W LTWC Cl 1.0 5-30A,SFF,TVM LT WC,AVM,bug fixed,2024-03-05T00:00:00.000Z,2024-09-03T00:00:00.000Z,2024-09-03T00:00:00.000Z,2024-09-04T00:00:00.000Z,1970-01-01T00:00:00.000Z,0.0,0.0,1.0,0.0,2.0,1.0,0,1970-01-01T00:00:00.000Z,BCP,0,0,0.0,False,66ff8d975fd9b4586d603580,0,0
66ff8d975fd9b4586d603581,nLo063.03,3.0,Adani,APEPDCL,4G,Released,DLMS Order,"3P4W LTCT 240V 5-10A,",NORTEM,SMART,AM,Bug fixed,2024-08-08T00:00:00.000Z,2024-09-03T00:00:00.000Z,2024-09-03T00:00:00.000Z,2024-09-03T00:00:00.000Z,1970-01-01T00:00:00.000Z,0.0,0.0,1.0,0.0,1.0,0.5,QER-109196(1),2024-09-04T00:00:00.000Z,AVM,0,0,0.0,False,66ff8d975fd9b4586d603581,0,0
66ff8d975fd9b4586d603582,HHo016.04,4.0,GMR,DVVNL,4G,Exp Next Itr,DLMS Order, 3P4W HTCT Cl 0.2 5-10A,NORTEM,SMART,VK,Fw Modified for Quectel Dual SIM,2024-09-03T00:00:00.000Z,2024-09-03T00:00:00.000Z,2024-09-04T00:00:00.000Z,2024-09-11T00:00:00.000Z,1970-01-01T00:00:00.000Z,0.0,0.0,2.0,1.0,8.0,5.0,0,1970-01-01T00:00:00.000Z,0,0,0,0.0,False,66ff8d975fd9b4586d603582,0,0
66ff8d975fd9b4586d603583,nLo071.01,1.0,ESP,BC52SMMPNET,DI,Completed,DLMS Order,"3P4W LTCT 240V 5-10A,",NORTEM,SMART,ABK,CR changes and checklist,2024-09-03T00:00:00.000Z,2024-09-03T00:00:00.000Z,2024-09-09T00:00:00.000Z,2024-09-12T00:00:00.000Z,2024-09-13T00:00:00.000Z,1.0,1.0,7.0,4.0,4.0,4.0,0,1970-01-01T00:00:00.000Z,SAN,0,0,0.0,False,66ff8d975fd9b4586d603583,0,0
66ff8d975fd9b4586d603584,HHo021.00,0.0,ESP,BB52SMMPNET,DI,Released,DLMS Order, 3P4W HTCT Cl 0.2 5-10A,NORTEM,SMART,NB,CR changes and checklist,2024-09-03T00:00:00.000Z,2024-09-03T00:00:00.000Z,2024-09-09T00:00:00.000Z,2024-09-12T00:00:00.000Z,2024-09-13T00:00:00.000Z,1.0,1.0,7.0,4.0,4.0,4.0,QER-109234,2024-09-16T00:00:00.000Z,SAN,0,0,0.0,False,66ff8d975fd9b4586d603584,0,0
66ff8d975fd9b4586d603585,nHo011.11,11.0,TPNODL,TPNODL,0,Withdrawn,DLMS Order,3P4W HTCT 63.5V 5-10A,NORTEM,SMART,0,CR changes and checklist,2024-09-03T00:00:00.000Z,2024-09-03T00:00:00.000Z,1970-01-01T00:00:00.000Z,1970-01-01T00:00:00.000Z,1970-01-01T00:00:00.000Z,0.0,0.0,0.0,0.0,1.0,0.0,0,1970-01-01T00:00:00.000Z,0,0,0,0.0,False,66ff8d975fd9b4586d603585,0,0
66ff8d975fd9b4586d603586,nLo065.02,2.0,Adani,APCPDCL,"4G, w/o DI",Released,DLMS Order,"3P4W LTCT 240V 5-10A,",NORTEM,SMART,AM,Firmware nLo064.00 Cn modified to remove DI functionality,2024-07-29T00:00:00.000Z,2024-09-04T00:00:00.000Z,2024-09-10T00:00:00.000Z,2024-09-10T00:00:00.000Z,2024-09-11T00:00:00.000Z,1.0,1.0,7.0,5.0,1.0,1.0,QER-109229,2024-09-11T00:00:00.000Z,BCP,0,0,0.0,False,66ff8d975fd9b4586d603586,0,0
66ff8d975fd9b4586d603587,nLo067.02,2.0,Adani,APSPDCL,"4G, w/o DI",Released,DLMS Order,"3P4W LTCT 240V 5-10A,",NORTEM,SMART,NB,Firmware nLo066.00 Cn modified to remove DI functionality,2024-07-29T00:00:00.000Z,2024-09-04T00:00:00.000Z,2024-09-05T00:00:00.000Z,2024-09-06T00:00:00.000Z,2024-09-09T00:00:00.000Z,3.0,1.0,2.0,0.0,2.0,2.0,QER-109224,2024-09-09T00:00:00.000Z,AVM,0,0,0.0,False,66ff8d975fd9b4586d603587,0,0
66ff8d975fd9b4586d603588,CBO027.00,3.0,Alfanar ,MPMKVVCL-Bhopal,4G,Subs Itr rel,DLMS Order, 3P4W LTWC Cl 1.0 10-60A,CHRONAS,SMART,SS,CR changes during sample approval,2024-07-12T00:00:00.000Z,2024-09-04T00:00:00.000Z,2024-09-04T00:00:00.000Z,2024-09-06T00:00:00.000Z,1970-01-01T00:00:00.000Z,0.0,0.0,1.0,0.0,3.0,3.0,0,1970-01-01T00:00:00.000Z,0,0,0,0.0,False,66ff8d975fd9b4586d603588,0,0
66ff8d975fd9b4586d603589,RH71.00,0.0,Alfanar ,MPMKVVCL-Jabalpur ,0,Exp Next Itr,DLMS Order,"1Ph cyan 10-60A , Cl.1.0",CYGNUS,SMART,AVM,New Firmware ,2024-09-04T00:00:00.000Z,2024-09-04T00:00:00.000Z,2024-09-04T00:00:00.000Z,2024-09-06T00:00:00.000Z,1970-01-01T00:00:00.000Z,0.0,0.0,1.0,0.0,3.0,3.0,0,1970-01-01T00:00:00.000Z,0,0,0,0.0,False,66ff8d975fd9b4586d603589,0,0
66ff8d975fd9b4586d60358a,COC57.00 ,7.0,WBSEDCL,WBSEDCL ,sampark,Released,DLMS Order, 3P4W LTWC Cl 1.0 10-60A,SFF,TVM LT WC,BCP,CR changes,2024-06-12T00:00:00.000Z,2024-09-04T00:00:00.000Z,2024-09-04T00:00:00.000Z,2024-09-04T00:00:00.000Z,1970-01-01T00:00:00.000Z,0.0,0.0,1.0,0.0,1.0,0.5,QER-109220,2024-09-04T00:00:00.000Z,0,0,0,0.0,False,66ff8d975fd9b4586d60358a,0,0
66ff8d975fd9b4586d60358b,CAO02301,0.0,Intellismart ,PVVNL ,4G,Released,DLMS Order, 3P4W LTWC Cl 1.0 10-100A,CHRONAS,SMART,BCP,base file updated for relay tripping duration,2024-08-19T00:00:00.000Z,2024-09-04T00:00:00.000Z,2024-09-05T00:00:00.000Z,2024-09-05T00:00:00.000Z,1970-01-01T00:00:00.000Z,0.0,0.0,2.0,1.0,1.0,1.0,QER-109199(1),2024-09-06T00:00:00.000Z,NB,0,0,0.0,False,66ff8d975fd9b4586d60358b,0,0
66ff8d975fd9b4586d60358c,RH74.00,0.0,Techno ,TESCL,0,Exp Next Itr,DLMS Order,"1Ph 5-30A , Cl.1.0",CYGNUS,SMART,SR,New Firmware ,2024-09-04T00:00:00.000Z,2024-09-04T00:00:00.000Z,2024-09-23T00:00:00.000Z,2024-09-25T00:00:00.000Z,2024-09-26T00:00:00.000Z,1.0,1.0,20.0,9.0,3.0,3.0,0,1970-01-01T00:00:00.000Z,AVM,0,0,0.0,False,66ff8d975fd9b4586d60358c,0,0
66ff8d975fd9b4586d60358d,CBO030.00,0.0,Alfanar  ,MPMKVVCL-Jabalpur ,4G,Completed,DLMS Order, 3P4W LTWC Cl 1.0 10-60A,CHRONAS,SMART,BHR,New firmware,2024-09-05T00:00:00.000Z,2024-09-05T00:00:00.000Z,2024-09-06T00:00:00.000Z,2024-09-10T00:00:00.000Z,2024-09-12T00:00:00.000Z,2.0,2.0,2.0,1.0,5.0,3.0,0,1970-01-01T00:00:00.000Z,SR,0,0,0.0,False,66ff8d975fd9b4586d60358d,0,0
66ff8d975fd9b4586d60358e,5BD06.31,0.0,ESP,UPPTCL,0,Exp Next Itr,DLMS Order,3P4W HTCT 63.5V 5-10A,SEM N2,TVM HT 0.2,DK,Checklist Implementation,2024-09-05T00:00:00.000Z,2024-09-05T00:00:00.000Z,2024-09-11T00:00:00.000Z,2024-09-20T00:00:00.000Z,2024-09-22T00:00:00.000Z,2.0,2.0,7.0,4.0,10.0,6.0,0,1970-01-01T00:00:00.000Z,VN,0,0,0.0,False,66ff8d975fd9b4586d60358e,0,0
66ff8d975fd9b4586d60358f,5BD04.31,0.0,ESP,AP,0,Subs Itr rel,DLMS Order,3P4W HTCT 63.5V 5-10A,SEM N2,TVM HT 0.2,AVM,Checklist Implementation,2024-09-06T00:00:00.000Z,2024-09-06T00:00:00.000Z,2024-09-09T00:00:00.000Z,2024-09-11T00:00:00.000Z,2024-09-12T00:00:00.000Z,1.0,1.0,4.0,2.0,3.0,3.0,0,1970-01-01T00:00:00.000Z,VK,0,0,0.0,False,66ff8d975fd9b4586d60358f,0,0
66ff8d975fd9b4586d603590,UC24.00,1.0,WM101BC7RSOLAR,WM101BC7RSOLAR,0,Released,DLMS Order,"1PH 05-60A,  Cl.1.0",SFF,ENM,San,bug fixed,2024-07-12T00:00:00.000Z,2024-09-06T00:00:00.000Z,2024-09-09T00:00:00.000Z,2024-09-09T00:00:00.000Z,2024-09-10T00:00:00.000Z,1.0,1.0,4.0,2.0,1.0,1.0,QER-109239,2024-09-20T00:00:00.000Z,BHR,0,0,0.0,False,66ff8d975fd9b4586d603590,0,0
66ff8d975fd9b4586d603591,COT60.03,0.0,TPL,Ahmedabad,0,Released,DLMS Order, 3P4W LTWC Cl 1.0 10-60A,M3R,TVM LT WC,BCP,Checklist Implementation ,2024-09-06T00:00:00.000Z,2024-09-06T00:00:00.000Z,2024-09-09T00:00:00.000Z,2024-09-09T00:00:00.000Z,2024-09-11T00:00:00.000Z,2.0,2.0,4.0,2.0,1.0,1.0,QER-108473(3),2024-09-11T00:00:00.000Z,SAN,0,0,0.0,False,66ff8d975fd9b4586d603591,0,0
66ff8d975fd9b4586d603592,SR84.00,1.0,WM101BC7DMPNET,WM101BC7DMPNET,0,Exp Next Itr,DLMS Order,"1Ph 10-60A , Cl.1.0",SFF,ENM,AM,bug fixed,2024-07-17T00:00:00.000Z,2024-09-06T00:00:00.000Z,2024-09-20T00:00:00.000Z,2024-09-23T00:00:00.000Z,1970-01-01T00:00:00.000Z,0.0,0.0,15.0,10.0,4.0,2.0,0,1970-01-01T00:00:00.000Z,0,0,0,0.0,False,66ff8d975fd9b4586d603592,0,0
66ff8d975fd9b4586d603593,5BD08.30,1.0,ESP,UPCL ,0,Released,DLMS Order,3P4W HTCT 63.5V 5-10A,SEM N2,TVM HT 0.2,VN,Checklist Implementation,2024-09-10T00:00:00.000Z,2024-09-10T00:00:00.000Z,2024-09-11T00:00:00.000Z,2024-09-16T00:00:00.000Z,2024-09-17T00:00:00.000Z,1.0,1.0,2.0,1.0,6.0,3.0,QER-109237,2024-09-18T00:00:00.000Z,SS,0,0,0.0,False,66ff8d975fd9b4586d603593,0,0
66ff8d975fd9b4586d603594,RH71.00,1.0,Alfanar ,MPMKVVCL-Jabalpur ,0,Exp Next Itr,DLMS Order,"1Ph cyan 10-60A , Cl.1.0",CYGNUS,SMART,BCP,bug fixed,2024-09-04T00:00:00.000Z,2024-09-10T00:00:00.000Z,2024-09-10T00:00:00.000Z,2024-09-12T00:00:00.000Z,2024-09-13T00:00:00.000Z,1.0,1.0,1.0,0.0,3.0,3.0,0,1970-01-01T00:00:00.000Z,DK,0,0,0.0,False,66ff8d975fd9b4586d603594,0,0
66ff8d975fd9b4586d603595,CLO003.00,0.0,Alfanar ,MPMKVVCL-Jabalpur,"4G, with DI",Exp Next Itr,DLMS Order, 3P4W LTCT Cl 0.5 5-10A,CHRONAS,SMART,BHR,New firmware,2024-09-10T00:00:00.000Z,2024-09-10T00:00:00.000Z,2024-09-11T00:00:00.000Z,2024-09-12T00:00:00.000Z,2024-09-16T00:00:00.000Z,4.0,2.0,2.0,1.0,2.0,2.0,0,1970-01-01T00:00:00.000Z,0,0,0,0.0,False,66ff8d975fd9b4586d603595,0,0
66ff8d975fd9b4586d603596,nLo010.12,12.0,TPNODL,TPNODL,4G,Released,DLMS Order,"3P4W LTCT 240V 5-10A,",NORTEM,SMART,NB,CR changes and Checklist ,2024-08-30T00:00:00.000Z,2024-09-10T00:00:00.000Z,2024-09-18T00:00:00.000Z,2024-09-19T00:00:00.000Z,2024-09-24T00:00:00.000Z,5.0,2.0,9.0,7.0,2.0,2.0,QER-108709(3),2024-09-25T00:00:00.000Z,BHR,0,0,0.0,False,66ff8d975fd9b4586d603596,0,0
66ff8d975fd9b4586d603597,nHo011.12,12.0,TPNODL,TPNODL,0,Released,DLMS Order,3P4W HTCT 63.5V 5-10A,NORTEM,SMART,NB,CR changes and checklist,2024-09-03T00:00:00.000Z,2024-09-10T00:00:00.000Z,2024-09-20T00:00:00.000Z,2024-09-23T00:00:00.000Z,2024-09-25T00:00:00.000Z,2.0,2.0,11.0,7.0,4.0,2.0,QER-108801(5),2024-09-26T00:00:00.000Z,VK,0,0,0.0,False,66ff8d975fd9b4586d603597,0,0
66ff8d975fd9b4586d603598,COP19.00,0.0,TANGEDCO,TANGEDCO,0,In Progress,DLMS Order, 3P4W LTWC Cl 1.0 10-60A,VENUS,TVM LT WC,BCP,New firmware,2024-09-10T00:00:00.000Z,2024-09-11T00:00:00.000Z,2024-09-26T00:00:00.000Z,1970-01-01T00:00:00.000Z,1970-01-01T00:00:00.000Z,0.0,0.0,16.0,10.0,0.0,0.0,0,1970-01-01T00:00:00.000Z,0,0,0,0.0,False,66ff8d975fd9b4586d603598,0,0
66ff8d975fd9b4586d603599,CBO027.00,4.0,Alfanar ,MPMKVVCL-Bhopal,4G,Released,DLMS Order, 3P4W LTWC Cl 1.0 10-60A,CHRONAS,SMART,AVM,bug fixed,2024-07-12T00:00:00.000Z,2024-09-11T00:00:00.000Z,2024-09-13T00:00:00.000Z,2024-09-13T00:00:00.000Z,1970-01-01T00:00:00.000Z,0.0,0.0,3.0,1.0,1.0,1.0,QER-109236,2024-09-18T00:00:00.000Z,VN,0,0,0.0,False,66ff8d975fd9b4586d603599,0,0
66ff8d975fd9b4586d60359a,CLO004.00,0.0,Alfanar ,MPMKVVCL-Jabalpur,"4G, w/o DI",Withdrawn,DLMS Order, 3P4W LTCT Cl 0.5 5-10A,CHRONAS,SMART,0,New firmware,2024-09-11T00:00:00.000Z,2024-09-11T00:00:00.000Z,1970-01-01T00:00:00.000Z,1970-01-01T00:00:00.000Z,1970-01-01T00:00:00.000Z,0.0,0.0,0.0,0.0,1.0,0.0,0,1970-01-01T00:00:00.000Z,0,0,0,0.0,False,66ff8d975fd9b4586d60359a,0,0
66ff8d975fd9b4586d60359b,COT70.04,0.0,TPL,Surat,0,In progress_R,DLMS Order, 3P4W LTWC Cl 1.0 10-60A,M3R,TVM LT WC,ABK,CR changes,2024-09-11T00:00:00.000Z,2024-09-11T00:00:00.000Z,2024-09-23T00:00:00.000Z,2024-09-25T00:00:00.000Z,1970-01-01T00:00:00.000Z,0.0,0.0,13.0,8.0,3.0,3.0,0,1970-01-01T00:00:00.000Z,0,0,0,0.0,False,66ff8d975fd9b4586d60359b,0,0
66ff8d975fd9b4586d60359c,RH59.02,0.0,Intellismart,APDCL,0,Released,DLMS Order,"1Ph 5-30A , Cl.1.0",CYGNUS,SMART,AVM,CR changes,2024-09-11T00:00:00.000Z,2024-09-11T00:00:00.000Z,2024-09-12T00:00:00.000Z,2024-09-12T00:00:00.000Z,2024-09-13T00:00:00.000Z,1.0,1.0,2.0,1.0,1.0,1.0,QER-109126(2),2024-09-13T00:00:00.000Z,SS,0,0,0.0,False,66ff8d975fd9b4586d60359c,0,0
66ff8d975fd9b4586d60359d,RH46.04,0.0,Adani,APDCL,0,Released,DLMS Order,"1Ph 5-30A , Cl.1.0",CYGNUS,SMART,BCP,CR changes,2024-09-11T00:00:00.000Z,2024-09-11T00:00:00.000Z,2024-09-13T00:00:00.000Z,2024-09-13T00:00:00.000Z,2024-09-19T00:00:00.000Z,6.0,2.0,3.0,1.0,1.0,1.0,109051(5),2024-09-19T00:00:00.000Z,VN,0,0,0.0,False,66ff8d975fd9b4586d60359d,0,0
66ff8d975fd9b4586d60359e,nLo021.14,14.0,Adani,APDCL,DI,Released,DLMS Order,"3P4W LTCT 240V 5-10A,",NORTEM,SMART,NB,CR changes,2024-07-18T00:00:00.000Z,2024-09-11T00:00:00.000Z,2024-09-13T00:00:00.000Z,2024-09-16T00:00:00.000Z,2024-09-18T00:00:00.000Z,2.0,2.0,3.0,1.0,4.0,2.0,QER-109085(1),2024-09-18T00:00:00.000Z,VN,0,0,0.0,False,66ff8d975fd9b4586d60359e,0,0
66ff8d975fd9b4586d60359f,RH72.00,0.0,Techno ,Jharkhand,0,Exp Next Itr,DLMS Order,"1Ph 5-30A , Cl.1.0",CYGNUS,SMART,SR,New firmware,2024-09-12T00:00:00.000Z,2024-09-12T00:00:00.000Z,2024-09-13T00:00:00.000Z,2024-09-19T00:00:00.000Z,2024-09-20T00:00:00.000Z,1.0,1.0,2.0,1.0,7.0,5.0,0,1970-01-01T00:00:00.000Z,AVM,0,0,0.0,False,66ff8d975fd9b4586d60359f,0,0
66ff8d975fd9b4586d6035a0,RH75.00,0.0,ESP,WM101BC5SMMPNET,0,Exp Next Itr,DLMS Order,"1Ph 10-60A , Cl.1.0",CYGNUS,SMART,ABK,CR changes,2024-09-12T00:00:00.000Z,2024-09-12T00:00:00.000Z,2024-09-16T00:00:00.000Z,2024-09-18T00:00:00.000Z,2024-09-23T00:00:00.000Z,5.0,3.0,5.0,2.0,3.0,3.0,0,1970-01-01T00:00:00.000Z,SR,0,0,0.0,False,66ff8d975fd9b4586d6035a0,0,0
66ff8d975fd9b4586d6035a1,5BD0F.30,0.0,ESP,WR300BB11ABTWB,0,In progress_R,DLMS Order,3P4W HTCT 63.5V 5-10A,SEM N2,TVM HT 0.2,DK,Checklist Implementation,2024-09-13T00:00:00.000Z,2024-09-13T00:00:00.000Z,2024-09-23T00:00:00.000Z,2024-09-25T00:00:00.000Z,1970-01-01T00:00:00.000Z,0.0,0.0,11.0,7.0,3.0,3.0,0,1970-01-01T00:00:00.000Z,0,0,0,0.0,False,66ff8d975fd9b4586d6035a1,0,0
66ff8d975fd9b4586d6035a2,HHo025.00,0.0,GMR,DVVNL,4G,Withdrawn,DLMS Order, 3P4W HTCT Cl 0.2 5-10A,NORTEM,SMART,BHR,Fw Modified for Quectel Dual SIM,2024-09-13T00:00:00.000Z,2024-09-13T00:00:00.000Z,2024-09-16T00:00:00.000Z,1970-01-01T00:00:00.000Z,1970-01-01T00:00:00.000Z,0.0,0.0,4.0,1.0,0.0,0.0,0,1970-01-01T00:00:00.000Z,0,0,0,0.0,False,66ff8d975fd9b4586d6035a2,0,0
66ff8d975fd9b4586d6035a3,HHo025.01,1.0,GMR,DVVNL,4G,Stopped,DLMS Order, 3P4W HTCT Cl 0.2 5-10A,NORTEM,SMART,BHR,HHo016 Fw Modified for Dual SIM,2024-09-13T00:00:00.000Z,2024-09-13T00:00:00.000Z,2024-09-16T00:00:00.000Z,1970-01-01T00:00:00.000Z,1970-01-01T00:00:00.000Z,0.0,0.0,4.0,1.0,0.0,0.0,0,1970-01-01T00:00:00.000Z,0,0,0,0.0,False,66ff8d975fd9b4586d6035a3,0,0
66ff8d975fd9b4586d6035a4,UD10.00 ,0.0,AVVNL,AVVNL,0,Exp Next Itr,DLMS Tender,"1Ph 5-30A , Cl.1.0",SFF,ENM,BCP,New firmware,2024-09-16T00:00:00.000Z,2024-09-16T00:00:00.000Z,2024-09-17T00:00:00.000Z,2024-09-19T00:00:00.000Z,1970-01-01T00:00:00.000Z,0.0,0.0,2.0,1.0,3.0,3.0,0,1970-01-01T00:00:00.000Z,SAN,0,0,0.0,False,66ff8d975fd9b4586d6035a4,0,0
66ff8d975fd9b4586d6035a5,5BD0B.70,0.0,CMS,KPCL,0,Released,DLMS Order,3P4W HTCT 63.5V 5-10A,SEM N2,TVM HT 0.2,VN,Checklist Implementation,2024-09-16T00:00:00.000Z,2024-09-16T00:00:00.000Z,2024-09-17T00:00:00.000Z,2024-09-20T00:00:00.000Z,1970-01-01T00:00:00.000Z,0.0,0.0,2.0,1.0,4.0,4.0,QER-109241,2024-09-24T00:00:00.000Z,BCP,0,0,0.0,False,66ff8d975fd9b4586d6035a5,0,0
66ff8d975fd9b4586d6035a6,HHo025.02,2.0,GMR,DVVNL,4G,Released,DLMS Order, 3P4W HTCT Cl 0.2 5-10A,NORTEM,SMART,BHR,HHo016 Fw Modified for Dual SIM,2024-09-13T00:00:00.000Z,2024-09-17T00:00:00.000Z,2024-09-17T00:00:00.000Z,2024-09-18T00:00:00.000Z,2024-09-19T00:00:00.000Z,1.0,1.0,1.0,0.0,2.0,2.0,109238,2024-09-19T00:00:00.000Z,SAN,0,0,0.0,False,66ff8d975fd9b4586d6035a6,0,0
66ff8d975fd9b4586d6035a7,nLo073.00,0.0,Adani ,APEPDCL,Quectel 4G,Withdrawn,DLMS Order,"3P4W LTCT 240V 5-10A,",NORTEM,SMART,0,nlo057.08  Fw Modified for Dual SIM,2024-09-18T00:00:00.000Z,2024-09-18T00:00:00.000Z,1970-01-01T00:00:00.000Z,1970-01-01T00:00:00.000Z,1970-01-01T00:00:00.000Z,0.0,0.0,0.0,0.0,1.0,0.0,0,1970-01-01T00:00:00.000Z,0,0,0,0.0,False,66ff8d975fd9b4586d6035a7,0,0
66ff8d975fd9b4586d6035a8,nLo075.00,0.0,Adani ,APCPDCL,Quectel 4G,Pending,DLMS Order,"3P4W LTCT 240V 5-10A,",NORTEM,SMART,0,nlo064.02  Fw Modified for Dual SIM,2024-09-18T00:00:00.000Z,2024-09-18T00:00:00.000Z,1970-01-01T00:00:00.000Z,1970-01-01T00:00:00.000Z,1970-01-01T00:00:00.000Z,0.0,0.0,0.0,0.0,1.0,0.0,0,1970-01-01T00:00:00.000Z,0,0,0,0.0,False,66ff8d975fd9b4586d6035a8,0,0
66ff8d975fd9b4586d6035a9,5BD0L.30,0.0,UPCL,UPCL,0,In progress_R,DLMS Order,3P4W HTCT 63.5V 5-10A,SEM N2,TVM HT 0.2,VN,Checklist Implementation,2024-09-18T00:00:00.000Z,2024-09-18T00:00:00.000Z,2024-09-23T00:00:00.000Z,2024-09-25T00:00:00.000Z,1970-01-01T00:00:00.000Z,0.0,0.0,6.0,3.0,3.0,3.0,0,1970-01-01T00:00:00.000Z,0,0,0,0.0,False,66ff8d975fd9b4586d6035a9,0,0
66ff8d975fd9b4586d6035aa,nLo074.00,0.0,Adani ,APEPDCL,Quectel 4G,Withdrawn,DLMS Order,"3P4W LTCT 240V 5-10A,",NORTEM,SMART,0,nlo063.03  Fw Modified for Dual SIM,2024-09-18T00:00:00.000Z,2024-09-18T00:00:00.000Z,1970-01-01T00:00:00.000Z,1970-01-01T00:00:00.000Z,1970-01-01T00:00:00.000Z,0.0,0.0,0.0,0.0,1.0,0.0,0,1970-01-01T00:00:00.000Z,0,0,0,0.0,False,66ff8d975fd9b4586d6035aa,0,0
66ff8d975fd9b4586d6035ab,HHo022.00,0.0,Techno ,TSECL,"4G, Dual SIM",In Progress,DLMS Order, 3P4W HTCT Cl 0.2 5-10A,NORTEM,SMART,San,New firmware,2024-09-18T00:00:00.000Z,2024-09-18T00:00:00.000Z,2024-09-20T00:00:00.000Z,1970-01-01T00:00:00.000Z,1970-01-01T00:00:00.000Z,0.0,0.0,3.0,2.0,0.0,0.0,0,1970-01-01T00:00:00.000Z,0,0,0,0.0,False,66ff8d975fd9b4586d6035ab,0,0
66ff8d975fd9b4586d6035ac,HHo024.00,0.0,Alfanar  ,MPPoKVVCL-Jabalpur,4G,Withdrawn,DLMS Order, 3P4W HTCT Cl 0.2 5-10A,NORTEM,SMART,0,New firmware,2024-09-18T00:00:00.000Z,2024-09-18T00:00:00.000Z,1970-01-01T00:00:00.000Z,1970-01-01T00:00:00.000Z,1970-01-01T00:00:00.000Z,0.0,0.0,0.0,0.0,1.0,0.0,0,1970-01-01T00:00:00.000Z,0,0,0,0.0,False,66ff8d975fd9b4586d6035ac,0,0
66ff8d975fd9b4586d6035ad,nLo080.00,0.0,GMR  ,DVVNL,Quectel 4G,Pending,DLMS Order,"3P4W LTCT 240V 5-10A,",NORTEM,SMART,0,nlo061.02  Fw Modified for Dual SIM,2024-09-18T00:00:00.000Z,2024-09-18T00:00:00.000Z,1970-01-01T00:00:00.000Z,1970-01-01T00:00:00.000Z,1970-01-01T00:00:00.000Z,0.0,0.0,0.0,0.0,1.0,0.0,0,1970-01-01T00:00:00.000Z,0,0,0,0.0,False,66ff8d975fd9b4586d6035ad,0,0
66ff8d975fd9b4586d6035ae,nLo081.00,0.0,GMR  ,DVVNL,Quectel 4G,Pending,DLMS Order,"3P4W LTCT 240V 5-10A,",NORTEM,SMART,0,nlo069.00  Fw Modified for Dual SIM,2024-09-18T00:00:00.000Z,2024-09-18T00:00:00.000Z,1970-01-01T00:00:00.000Z,1970-01-01T00:00:00.000Z,1970-01-01T00:00:00.000Z,0.0,0.0,0.0,0.0,1.0,0.0,0,1970-01-01T00:00:00.000Z,0,0,0,0.0,False,66ff8d975fd9b4586d6035ae,0,0
66ff8d975fd9b4586d6035af,COC57.01 ,0.0,WBSEDCL,WBSEDCL ,sampark,Released,DLMS Order, 3P4W LTWC Cl 1.0 10-60A,SFF,TVM LT WC,DK,Process changes,2024-09-18T00:00:00.000Z,2024-09-18T00:00:00.000Z,2024-09-19T00:00:00.000Z,2024-09-19T00:00:00.000Z,1970-01-01T00:00:00.000Z,0.0,0.0,2.0,1.0,1.0,0.5,109220(1),2024-09-19T00:00:00.000Z,0,yes,0,0.0,False,66ff8d975fd9b4586d6035af,0,0
66ff8d975fd9b4586d6035b0,nLo073.01,1.0,Adani ,APEPDCL,Quectel 4G,Pending,DLMS Order,"3P4W LTCT 240V 5-10A,",NORTEM,SMART,0,nlo057.08  Fw Modified for Dual SIM,2024-09-18T00:00:00.000Z,2024-09-18T00:00:00.000Z,1970-01-01T00:00:00.000Z,1970-01-01T00:00:00.000Z,1970-01-01T00:00:00.000Z,0.0,0.0,0.0,0.0,1.0,0.0,0,1970-01-01T00:00:00.000Z,0,0,0,0.0,False,66ff8d975fd9b4586d6035b0,0,0
66ff8d975fd9b4586d6035b1,nLo074.01,1.0,Adani ,APEPDCL,Quectel 4G,Pending,DLMS Order,"3P4W LTCT 240V 5-10A,",NORTEM,SMART,0,nlo063.03  Fw Modified for Dual SIM,2024-09-18T00:00:00.000Z,2024-09-19T00:00:00.000Z,1970-01-01T00:00:00.000Z,1970-01-01T00:00:00.000Z,1970-01-01T00:00:00.000Z,0.0,0.0,0.0,0.0,1.0,0.0,0,1970-01-01T00:00:00.000Z,0,0,0,0.0,False,66ff8d975fd9b4586d6035b1,0,0
66ff8d975fd9b4586d6035b2,5BD0H.70,0.0,KSEB,KSEB,0,In progress_R,DLMS Order,3P4W HTCT 63.5V 5-10A,SEM N2,TVM HT 0.2,NB,Checklist Implementation,2024-09-19T00:00:00.000Z,2024-09-19T00:00:00.000Z,2024-09-25T00:00:00.000Z,2024-09-26T00:00:00.000Z,1970-01-01T00:00:00.000Z,0.0,0.0,7.0,4.0,2.0,2.0,0,1970-01-01T00:00:00.000Z,0,0,0,0.0,False,66ff8d975fd9b4586d6035b2,0,0
66ff8d975fd9b4586d6035b3,nLo078.00,0.0,Adani ,APSPDCL,Quectel 4G,Pending,DLMS Order,"3P4W LTCT 240V 5-10A,",NORTEM,SMART,0,nlo067.02  Fw Modified for Dual SIM,2024-09-23T00:00:00.000Z,2024-09-23T00:00:00.000Z,1970-01-01T00:00:00.000Z,1970-01-01T00:00:00.000Z,1970-01-01T00:00:00.000Z,0.0,0.0,0.0,0.0,1.0,0.0,0,1970-01-01T00:00:00.000Z,0,0,0,0.0,False,66ff8d975fd9b4586d6035b3,0,0
66ff8d975fd9b4586d6035b4,nLo079.00,0.0,Israemeco ,UGVCL ,Quectel 4G,Pending,DLMS Order,"3P4W LTCT 240V 5-10A,",NORTEM,SMART,0,New firmware,2024-09-23T00:00:00.000Z,2024-09-23T00:00:00.000Z,1970-01-01T00:00:00.000Z,1970-01-01T00:00:00.000Z,1970-01-01T00:00:00.000Z,0.0,0.0,0.0,0.0,1.0,0.0,0,1970-01-01T00:00:00.000Z,0,0,0,0.0,False,66ff8d975fd9b4586d6035b4,0,0
66ff8d975fd9b4586d6035b5,nLo076.00,0.0,Adani ,APCPDCL,Quectel 4G,Pending,DLMS Order,"3P4W LTCT 240V 5-10A,",NORTEM,SMART,0,nlo075.00  Fw Modified for Dual SIM,2024-09-23T00:00:00.000Z,2024-09-23T00:00:00.000Z,1970-01-01T00:00:00.000Z,1970-01-01T00:00:00.000Z,1970-01-01T00:00:00.000Z,0.0,0.0,0.0,0.0,1.0,0.0,0,1970-01-01T00:00:00.000Z,0,0,0,0.0,False,66ff8d975fd9b4586d6035b5,0,0
66ff8d975fd9b4586d6035b6,CLO005.00,0.0,Techno  ,TESCL,"4G, w/o DI",Stopped,DLMS Order, 3P4W LTCT Cl 0.5 5-10A,CHRONAS,SMART,AVM,New firmware,2024-09-23T00:00:00.000Z,2024-09-23T00:00:00.000Z,2024-09-24T00:00:00.000Z,1970-01-01T00:00:00.000Z,1970-01-01T00:00:00.000Z,0.0,0.0,2.0,1.0,0.0,0.0,0,1970-01-01T00:00:00.000Z,0,0,0,0.0,False,66ff8d975fd9b4586d6035b6,0,0
66ff8d975fd9b4586d6035b7,nLo077.00,0.0,Adani ,APSPDCL,Quectel 4G,Pending,DLMS Order,"3P4W LTCT 240V 5-10A,",NORTEM,SMART,0,nlo066.03  Fw Modified for Dual SIM,2024-09-23T00:00:00.000Z,2024-09-23T00:00:00.000Z,1970-01-01T00:00:00.000Z,1970-01-01T00:00:00.000Z,1970-01-01T00:00:00.000Z,0.0,0.0,0.0,0.0,1.0,0.0,0,1970-01-01T00:00:00.000Z,0,0,0,0.0,False,66ff8d975fd9b4586d6035b7,0,0
66ff8d975fd9b4586d6035b8,5BD04.31,1.0,ESP,AP,0,Released,DLMS Order,3P4W HTCT 63.5V 5-10A,SEM N2,TVM HT 0.2,BCP,Bug fixing,2024-09-06T00:00:00.000Z,2024-09-24T00:00:00.000Z,2024-09-24T00:00:00.000Z,2024-09-25T00:00:00.000Z,2024-09-26T00:00:00.000Z,1.0,1.0,1.0,0.0,2.0,1.0,QER-108891(1),2024-09-26T00:00:00.000Z,AM,0,0,0.0,False,66ff8d975fd9b4586d6035b8,0,0
66ff8d975fd9b4586d6035b9,CAO02100,6.0,TPCL,TPCL,4G(SIMCOM module with taoglass ),Withdrawn,DLMS Order, 3P4W LTWC Cl 1.0 10-100A,CHRONAS,SMART,BHR,bug fixed,2024-06-27T00:00:00.000Z,2024-09-24T00:00:00.000Z,2024-09-25T00:00:00.000Z,1970-01-01T00:00:00.000Z,1970-01-01T00:00:00.000Z,0.0,0.0,2.0,1.0,0.0,0.0,0,1970-01-01T00:00:00.000Z,0,0,0,0.0,False,66ff8d975fd9b4586d6035b9,0,0
66ff8d975fd9b4586d6035ba,CAO02100,7.0,TPCL,TPCL,4G(SIMCOM module with taoglass ),In Progress,DLMS Order, 3P4W LTWC Cl 1.0 10-100A,CHRONAS,SMART,BHR,bug fixed,2024-06-27T00:00:00.000Z,2024-09-25T00:00:00.000Z,2024-09-25T00:00:00.000Z,1970-01-01T00:00:00.000Z,1970-01-01T00:00:00.000Z,0.0,0.0,1.0,0.0,0.0,0.0,0,1970-01-01T00:00:00.000Z,0,0,0,0.0,False,66ff8d975fd9b4586d6035ba,0,0
66ff8d975fd9b4586d6035bb,CBO017.02,0.0,Adani,APDCL,0,In progress_R,DLMS Order, 3P4W LTWC Cl 1.0 10-60A,CHRONAS,SMART,DK,CR changes(FOTA file for field),2024-09-25T00:00:00.000Z,2024-09-25T00:00:00.000Z,2024-09-26T00:00:00.000Z,2024-09-26T00:00:00.000Z,1970-01-01T00:00:00.000Z,0.0,0.0,2.0,1.0,1.0,1.0,0,1970-01-01T00:00:00.000Z,0,0,0,0.0,False,66ff8d975fd9b4586d6035bb,0,0
66ff8d975fd9b4586d6035bc,CBO017.03,0.0,Adani,APDCL,0,In Progress,DLMS Order, 3P4W LTWC Cl 1.0 10-60A,CHRONAS,SMART,SS,CR changes(Production files),2024-09-25T00:00:00.000Z,2024-09-25T00:00:00.000Z,2024-09-26T00:00:00.000Z,1970-01-01T00:00:00.000Z,1970-01-01T00:00:00.000Z,0.0,0.0,2.0,1.0,0.0,0.0,0,1970-01-01T00:00:00.000Z,0,0,0,0.0,False,66ff8d975fd9b4586d6035bc,0,0
66ff8d975fd9b4586d6035bd,CLO002.00,2.0,Alfanar ,MPMKVVCL-Bhopal,"4G, w/o DI",Pending,DLMS Order, 3P4W LTCT Cl 0.5 5-10A,CHRONAS,SMART,0,bug fixed and CR changes,2024-07-03T00:00:00.000Z,2024-09-25T00:00:00.000Z,1970-01-01T00:00:00.000Z,1970-01-01T00:00:00.000Z,1970-01-01T00:00:00.000Z,0.0,0.0,0.0,0.0,1.0,0.0,0,1970-01-01T00:00:00.000Z,0,0,0,0.0,False,66ff8d975fd9b4586d6035bd,0,0
66ff8d975fd9b4586d6035be,CLO001.00,4.0,Alfanar ,MPMKVVCL-Bhopal,"4G, with DI",In Progress,DLMS Order, 3P4W LTCT Cl 0.5 5-10A,CHRONAS,SMART,AVM,bug fixed and CR changes,2024-07-03T00:00:00.000Z,2024-09-25T00:00:00.000Z,2024-09-26T00:00:00.000Z,1970-01-01T00:00:00.000Z,1970-01-01T00:00:00.000Z,0.0,0.0,2.0,1.0,0.0,0.0,0,1970-01-01T00:00:00.000Z,0,0,0,0.0,False,66ff8d975fd9b4586d6035be,0,0
66ff8d975fd9b4586d6035bf,UC24.01,0.0,WM101BC7RSOLAR,WM101BC7RSOLAR,0,In Progress,DLMS Order,"1PH 05-60A,  Cl.1.0",SFF,ENM,AM,CR changes,2024-09-25T00:00:00.000Z,2024-09-25T00:00:00.000Z,2024-09-26T00:00:00.000Z,1970-01-01T00:00:00.000Z,1970-01-01T00:00:00.000Z,0.0,0.0,2.0,1.0,0.0,0.0,0,1970-01-01T00:00:00.000Z,0,0,0,0.0,False,66ff8d975fd9b4586d6035bf,0,0
66ff8d975fd9b4586d6035c0,HHo024.01,0.0,Alfanar  ,MPPoKVVCL-Jabalpur,"4G,Dual sim",Pending,DLMS Order, 3P4W HTCT Cl 0.2 5-10A,NORTEM,SMART,0,New firmware,2024-09-18T00:00:00.000Z,2024-09-25T00:00:00.000Z,1970-01-01T00:00:00.000Z,1970-01-01T00:00:00.000Z,1970-01-01T00:00:00.000Z,0.0,0.0,0.0,0.0,1.0,0.0,0,1970-01-01T00:00:00.000Z,0,0,0,0.0,False,66ff8d975fd9b4586d6035c0,0,0
66ff8d975fd9b4586d6035c1,CLO005.01,1.0,Techno  ,TESCL,"4G, w/o DI",Pending,DLMS Order, 3P4W LTCT Cl 0.5 5-10A,CHRONAS,SMART,0,New firmware,2024-09-23T00:00:00.000Z,2024-09-26T00:00:00.000Z,1970-01-01T00:00:00.000Z,1970-01-01T00:00:00.000Z,1970-01-01T00:00:00.000Z,0.0,0.0,0.0,0.0,1.0,0.0,0,1970-01-01T00:00:00.000Z,0,0,0,0.0,False,66ff8d975fd9b4586d6035c1,0,0
66ff8d975fd9b4586d6035c2,UC25.02,0.0,WM101BC7RSNET,WM101BC7RSNET,0,In Progress,DLMS Order,"1PH 05-60A,  Cl.1.0",SFF,ENM,NB,CR changes,2024-09-26T00:00:00.000Z,2024-09-26T00:00:00.000Z,2024-09-27T00:00:00.000Z,1970-01-01T00:00:00.000Z,1970-01-01T00:00:00.000Z,0.0,0.0,2.0,1.0,0.0,0.0,0,1970-01-01T00:00:00.000Z,0,0,0,0.0,False,66ff8d975fd9b4586d6035c2,0,0
66ff8d975fd9b4586d6035c3,SR84.00,2.0,WM101BC7DMPNET,WM101BC7DMPNET,0,In Progress,DLMS Order,"1Ph 10-60A , Cl.1.0",SFF,ENM,VN,bug fixed,2024-07-17T00:00:00.000Z,2024-09-26T00:00:00.000Z,2024-09-27T00:00:00.000Z,1970-01-01T00:00:00.000Z,1970-01-01T00:00:00.000Z,0.0,0.0,2.0,1.0,0.0,0.0,0,1970-01-01T00:00:00.000Z,0,0,0,0.0,False,66ff8d975fd9b4586d6035c3,0,0
66ffc9942fef3238184f34be,0,0.0,0,0,0,Pending,0,0,0,0,0,0,0,0,0,0,0,0.0,0.0,0.0,0.0,0.0,0.0,0,0,0,0,0,0.0,False,66ffc9942fef3238184f34be,2024-10-04T10:55:16.966Z,0
66ffe0eb80f3a33530fb0654,0,0.0,0,0,0,Pending,0,0,0,0,0,0,0,0,0,0,0,0.0,0.0,0.0,0.0,0.0,0.0,0,0,0,0,0,0.0,False,66ffe0eb80f3a33530fb0654,2024-10-04T12:34:51.123Z,0
66ffe14a52af6d05280a652e,0,0.0,0,0,0,Pending,0,0,0,0,0,0,0,0,0,0,0,0.0,0.0,0.0,0.0,0.0,0.0,0,0,0,0,0,0.0,True,66ffe14a52af6d05280a652e,2024-10-04T12:36:26.401Z,0
6710a27bedd4a064f01e553d,mmm,0.0,mmm,mmm,0,In progress_R,DLMS Tender,"1PH 05-30A,  Cl.1.0",MERCURY,0,tester1,0,0,0,0,0,0,0.0,0.0,0.0,0.0,0.0,0.0,0,0,0,0,0,0.0,False,6710a27bedd4a064f01e553d,2024-10-17T05:36:59.157Z,0
