name,rel,customer,newCol1,newCol2,status,orderType,config,platform,accType,testedBy,submissionReason,reqDate,submissionDate,startDate,endDate,rolloverDate,rolloverDays,rolloverDaysH,waitingDays,waitingDaysH,testingDays,testingDaysH,reportNo,releaseDate,reviewedBy,codeCompare,newFW,tBugs,is_delete,user_id,date,__v
nLo028.01,1,TPCL,TPCL,,Exp Next Itr,DLMS Order,"3P4W LTCT 240V 5-10A,",NORTEM,SMART,BCP,bug fixed,2023-11-02,2023-12-19,2023-12-28,2024-01-03,2024-01-05,2,2.0,10,5.0,7.0,5.0,,,,,,,False,,,0
CBO012.00,2,Intellismart,DGVCL,,Subs Itr rel,DLMS Order, 3P4W LTWC Cl 1.0 10-60A,CHRONAS,SMART,DK,bug fixed,2023-11-30,2023-12-20,2023-12-25,2023-12-26,,-45286,,6,3.0,2.0,2.0,,,,,,,False,,,0
RH21.00,1,Intellismart,PVVNL,,Subs Itr rel,DLMS Order,"1PH  LPR 10-60A,  Cl.1.0",CYGNUS,SMART,AVM,bug fixed,2023-10-31,2023-12-22,2023-12-27,2023-12-28,2024-01-02,5,3.0,6,3.0,2.0,2.0,,,SS,,,,False,,,0
CBO00800,9,Intellismart,PVVNL ,,Exp Next Itr,DLMS Order, 3P4W LTWC Cl 1.0 10-60A,CHRONAS,SMART,San,Bug Fixed,2023-06-20,2023-12-25,2023-12-25,2023-12-26,,-45286,,1,0.0,2.0,1.0,,,BHR,,,,False,,,0
5HD22.72,0,ESP,WR300BB11ABTRR4 ,,Subs Itr rel,DLMS Order,3P4W 63.5V 5-10A Cl 0.2 Opt + RS232,SEM N2,TVM HT 0.2,DK,CR change and checklist,2023-11-30,2023-11-30,2023-12-21,2023-12-22,2023-12-26,4,,22,15.0,2.0,1.0,,,SS,,,,False,,,0
CAO0040,6,TPCL,TPCL,,Released,DLMS Order, 3P4W LTWC Cl 1.0 10-100A,CHRONAS,SMART,San,Field issue fixed,2023-12-25,2023-12-25,2023-12-28,2023-12-29,,-45289,,4,1.0,2.0,2.0,QER-108853(1),2024-01-01,,,,,False,,,0
RH18.01,1,Intellismart,SBPDCL,,Exp Next Itr,DLMS Order,"1Ph 10-60A , Cl.1.0",CYGNUS,SMART,BHR,CR changes,2023-12-19,2023-12-27,2023-12-27,2024-01-01,2024-01-08,7,5.0,1,0.0,6.0,4.0,,,AM,,,,False,,,0
RH29.00,1,BCITS,Indore,,Subs Itr rel,DLMS Order,"1Ph 10-60A , Cl.1.0",CYGNUS,SMART,SS,New firmware,2023-12-28,2023-12-28,2024-01-01,2024-01-04,2024-01-05,1,1.0,5,2.0,4.0,4.0,,,AVM,,yes,,False,,,0
COC53.00 ,0,TANGEDCO ,TANGEDCO ,,Subs Itr rel,DLMS Order, 3P4W LTWC Cl 1.0 10-60A,SFF,TVM LT WC,VK,New firmware,2023-12-29,2023-12-29,2024-01-01,2024-01-10,2024-01-18,8,3.0,4,1.0,10.0,6.0,,,SAN,,yes,,False,,,0
UC20.00,2,ESP,WM101BC7DGOA ,,Subs Itr rel,DLMS Order,"1Ph 10-60A , Cl.1.0",MERCURY,ENM,AVM,Bug fixed,2023-11-12,2024-01-02,2024-01-02,2024-01-03,2024-01-04,1,1.0,1,0.0,2.0,2.0,,,SS,,,,False,,,0
2JB09.44 ,0,MSEDCL,MSEDCL,,Released,DLMS Order, 3P4W LTWC Cl 1.0 20-100A,TT,TVM LT WC,BHR,New firmware,2024-01-02,2024-01-02,2024-01-03,2024-01-08,2024-01-16,8,5.0,2,1.0,6.0,4.0,QER-108413(3),2024-03-01,AVM,,yes,,False,,,0
CAO0010200,0,TPNODL,TPNODL,,Released,DLMS Order, 3P4W LTWC Cl 1.0 10-100A,CHRONAS,SMART,BHR,Energy rollover correction for field meter,2024-01-03,2024-01-03,2024-01-03,2024-01-03,,-45294,,1,1.0,1.0,1.0,QER- 108770(2),2024-01-03,,yes,,,False,,,0
RB85.00,0,TPDDL,TPDDL,,Exp Next Itr,DLMS Tender,"1Ph 10-60A , Cl.1.0",1Ph(RL+),ENM,BCP,New firmware,2024-01-03,2024-01-03,2024-01-04,2024-01-09,,-45300,,2,1.0,6.0,4.0,,,AVM,,yes,,False,,,0
CTC92.00 ,0,TPADL,TPADL,,Exp Next Itr,DLMS Tender, 3P4W LTWC Cl 1.0 20-100A,SFF,TVM LT WC,San,New firmware,2024-01-03,2024-01-03,2024-01-03,2024-01-08,,-45299,,1,0.0,6.0,4.0,,,AVM,,yes,,False,,,0
RH21.00,2,Intellismart,PVVNL ,,Subs Itr rel,DLMS Order,"1PH  LPR 10-60A,  Cl.1.0",CYGNUS,SMART,AM,Process related change,2023-10-31,2024-01-03,2024-01-03,2024-01-03,,-45294,,1,0.0,1.0,0.5,,,,yes,,,False,,,0
nLo030.00,0,Techno,MPPKVVCL Indore ,(w/o DI),Subs Itr rel,DLMS Order,"3P4W LTCT 240V 5-10A,",NORTEM,SMART,BHR,New firmware,2024-01-04,2024-01-04,2024-01-09,2024-01-11,2024-01-16,5,3.0,6,3.0,3.0,3.0,,,VK,,yes,,False,,,0
nLo031.00,0,Techno,MPPKVVCL Indore ,DI,Subs Itr rel,DLMS Order,"3P4W LTCT 240V 5-10A,",NORTEM,SMART,AVM,New firmware,2024-01-04,2024-01-04,2024-01-05,2024-01-10,2024-01-12,2,2.0,2,1.0,6.0,4.0,,,SAN,,yes,,False,,,0
UR06.00,0,ESP,MePDCL ,,Released,DLMS Order,"1Ph 5-30A , Cl.1.0",MERCURY,ENM,San,Platform conversion ,2024-01-05,2024-01-05,2024-01-12,2024-01-16,2024-01-17,1,1.0,8,4.0,5.0,3.0,QER 109135,2024-06-14,AVM,,,,False,,,0
RH20.00,1,Intellismart,SBPDCL,,Subs Itr rel,DLMS Order,"1Ph 10-60A , Cl.1.0",CYGNUS,SMART,SS,Bug fixed,2023-10-06,2024-01-05,2024-01-09,2024-01-12,,-45303,,5,2.0,4.0,4.0,,,,,,,False,,,0
RH23.00,2,Intellismart, PVVNL,,On Hold,DLMS Order,"1Ph 10-60A , Cl.1.0",CYGNUS,SMART,AM,Bug fixing,2023-10-06,2024-01-05,2024-01-08,,,0,,4,1.0,-45298.0,,,,,,,,False,,,0
UC20.00,3,ESP,WM101BC7DGOA ,,Released,DLMS Order,"1Ph 10-60A , Cl.1.0",MERCURY,ENM,AVM,Hardware Bug fixed,2023-11-12,2024-01-08,2024-01-08,2024-01-10,,-45301,,1,0.0,3.0,2.0,QER-108987,2024-01-10,BCP,,,,False,,,0
CAO01200,0,TPCL,TPCL,,Subs Itr rel,DLMS Order, 3P4W LTWC Cl 1.0 10-100A,CHRONAS,SMART,AVM,Energy rollover correction +New EPROM,2024-01-08,2024-01-08,2024-01-11,2024-01-12,2024-01-16,4,2.0,4,2.0,2.0,4.0,,,SS,,,,False,,,0
5HD2B.71,0,ESP,WR300BB51TNWMN,,Withdrawn,DLMS Order,3P4W 63.5V 5-10A Cl 0.2 Opt + RS232,SEM N2,TVM HT 0.2,,checklist,,,,,,0,,1,,1.0,,,,,,,,False,,,0
RH14.00,3,APDCL,Purbanchal ,,Released,DLMS Order,"1Ph 10-60A , Cl.1.0",CYGNUS,SMART,BCP,Bug fixed,2023-08-09,2024-01-09,2024-01-10,2024-01-11,2024-01-12,1,1.0,2,1.0,2.0,2.0,QER- 108992,2024-01-12,VK,,,,False,,,0
CAO0010200,0,TPNODL,TPNODL,,Released,DLMS Order, 3P4W LTWC Cl 1.0 10-100A,CHRONAS,SMART,BCP,Energy rollover correction for field meter,2024-01-09,2024-01-09,2024-01-09,2024-01-09,,-45300,,1,0.0,1.0,0.5,QER- 108770(3),2024-01-09,,yes,,,False,,,0
nAo008,2,TPCL,TPCL,,Subs Itr rel,DLMS Order, 3P4W LTWC Cl 1.0 10-100A,NORTEM,SMART,DK,Field issue fixed,2024-01-09,2024-01-11,2024-01-12,2024-01-18,2024-01-22,4,2.0,2,1.0,7.0,5.0,,,BHR,,,,False,,,0
UR07.00,0,WM101BC5ASDLMSBP1 ,WM101BC5ASDLMSBP1 ,,Released,DLMS Order,"1Ph 5-30A , Cl.1.0",MERCURY,ENM,BCP,Platform conversion ,2024-01-09,2024-01-09,2024-01-12,2024-01-16,2024-01-17,1,1.0,4,2.0,5.0,3.0,QER-109014,2024-02-23,AM,,,,False,,,0
RH18.01,2,Intellismart,SBPDCL,,Released,DLMS Order,"1Ph 10-60A , Cl.1.0",CYGNUS,SMART,AM,Process related change,2023-12-19,2024-01-09,2024-01-12,2024-01-12,,-45303,,4,2.0,1.0,0.5,QER- 108973(2),2024-01-12,BCP,Yes,,,False,,,0
RB85.00,1,TPDDL,TPDDL,,Completed,DLMS Tender,"1Ph 10-60A , Cl.1.0",1Ph(RL+),ENM,San,Bug fixed,2024-01-03,2024-01-09,2024-01-10,2024-01-11,,-45302,,2,1.0,2.0,2.0,,,AM,,,,False,,,0
UD06.00,1,TPADL,TPADL,(RS232),Exp Next Itr,DLMS Tender,"1Ph 10-60A , Cl.1.0",1Ph(RL+),ENM,SS,New firmware,2024-01-16,2024-01-16,2024-01-17,2024-01-19,,-45310,,2,1.0,3.0,3.0,,,SAN,,yes,,False,,,0
RL13.00,0,TPADL,TPADL,(BLE),Exp Next Itr,DLMS Tender,"1Ph 10-60A , Cl.1.0",1Ph(RL+),ENM,BHR,New firmware,2024-01-16,2024-01-16,2024-01-17,2024-01-19,,-45310,,2,1.0,3.0,3.0,,,,,yes,,False,,,0
nbo001,7,HPSEBL ,HPSEBL ,,Released,DLMS Order, 3P4W LTWC Cl 1.0 10-100A,NORTEM,SMART,AM,Field issue fixed,2024-01-11,2024-01-12,2024-01-15,2024-01-16,,-45307,,4,1.0,2.0,2.0,QER-108610(1),2024-01-18,BCP,,,,False,,,0
UC16.00 ,1,ESP,BC7DL0  ,,Subs Itr rel,DLMS Order,"1Ph 5-30A , Cl.1.0",SFF,ENM,SS,CR chnages,2023-03-28,2024-01-12,2024-01-15,2024-01-16,,-45307,,4,1.0,2.0,2.0,,,,,,,False,,,0
RH29.00,2,BCITS,Indore,,Subs Itr rel,DLMS Order,"1Ph 10-60A , Cl.1.0",CYGNUS,SMART,AVM,Bug fixed,2023-12-28,2024-01-15,2024-01-16,2024-01-18,2024-01-19,1,1.0,2,1.0,3.0,3.0,,,SR,,,,False,,,0
CAO00502,0,J&K,J&K,,Subs Itr rel,DLMS Order, 3P4W LTWC Cl 1.0 10-100A,CHRONAS,SMART,DK,Energy rollover correction 999999,2024-01-12,2024-01-12,2024-01-15,2024-01-15,,-45306,,4,2.0,1.0,1.0,,,,,,,False,,,0
CAO00503,0,J&K,J&K,,Subs Itr rel,DLMS Order, 3P4W LTWC Cl 1.0 10-100A,CHRONAS,SMART,DK,Bug fixed,2024-01-12,2024-01-16,2024-01-16,2024-01-16,,-45307,,1,0.0,1.0,1.0,,,,,,,False,,,0
RH20.00,2,Intellismart,SBPDCL,,Released,DLMS Order,"1Ph 10-60A , Cl.1.0",CYGNUS,SMART,BCP,Bug fixed,2023-10-06,2024-01-16,2024-01-17,2024-01-18,2024-01-22,4,2.0,2,1.0,2.0,2.0,108993,2024-01-23,SR,,,,False,,,0
3PBNC.88,0,EESL,Bihar ,,Exp Next Itr,DLMS Order, 3P4W LTWC Cl 1.0 10-60A,NORTEM,SMART,AM,CR changes,2024-01-17,2024-01-17,2024-01-22,2024-01-25,2024-01-29,4,1.0,6,3.0,4.0,4.0,,,AVM,,,,False,,,0
5HD2B.71,2,ESP,WR300BB51TNWMN,,Released,DLMS Order,3P4W 63.5V 5-10A Cl 0.2 Opt + RS232,SEM N2,TVM HT 0.2,BCP,checklist and CR changes,2024-01-18,2024-01-18,2024-01-22,2024-01-23,,-45314,,5,2.0,2.0,2.0,QER-108528(1),2024-01-25,AVM,,,,False,,,0
5HD22.72,1,ESP,WR300BB11ABTRR4 ,,Released,DLMS Order,3P4W 63.5V 5-10A Cl 0.2 Opt + RS232,SEM N2,TVM HT 0.2,BCP,CR change and checklist,2023-11-30,2024-01-18,2024-01-19,2024-01-19,2024-01-22,3,1.0,2,1.0,1.0,1.0,108469(2),2024-01-23,,,,,False,,,0
SR82.00,0,KSEB,KSEB,,Subs Itr rel,DLMS Order,"1Ph 10-60A , Cl.1.0",SFF,ENM,SS,New firmware,2024-01-19,2024-01-19,2024-01-22,2024-01-24,2024-01-25,1,1.0,4,1.0,3.0,3.0,,,SS,,yes,,False,,,0
CBO013.00,1,Intellismart,MGVCL,,Subs Itr rel,DLMS Order, 3P4W LTWC Cl 1.0 10-60A,CHRONAS,SMART,BHR,New firmware,2024-01-19,2024-01-19,2024-01-22,2024-01-24,2024-02-01,8,4.0,4,1.0,3.0,3.0,,,SAN,,yes,,False,,,0
HHo002.00 ,0,Techno,MPPKVVCL Indore ,,Subs Itr rel,DLMS Order, 3P4W HTCT Cl 0.2 5-10A,NORTEM,SMART,AVM,New firmware,2024-01-19,2024-01-19,2024-01-22,2024-01-25,2024-01-30,5,2.0,4,0.0,4.0,4.0,,,VK,,yes,,False,,,0
CBO00901,0,Intellismart,APDCL ,,Subs Itr rel,DLMS Order, 3P4W LTWC Cl 1.0 10-60A,CHRONAS,SMART,DK,CR changes,2024-01-22,2024-01-22,2024-01-22,2024-01-24,,-45315,,1,0.0,3.0,3.0,,,VK,,,,False,,,0
CAO01200,1,TPCL,TPCL,,Released,DLMS Order, 3P4W LTWC Cl 1.0 10-100A,CHRONAS,SMART,SR,Bug fixed,2024-01-08,2024-01-22,2024-01-23,2024-01-23,,-45314,,2,1.0,1.0,1.0,108853(02),2024-01-23,,,,,False,,,0
nLo030.01,1,Techno,MPPKVVCL Indore ,(w/o DI),Subs Itr rel,DLMS Order,"3P4W LTCT 240V 5-10A,",NORTEM,SMART,BCP,Bug fixed,2024-01-04,2024-01-23,2024-01-24,2024-01-25,,-45316,,2,1.0,2.0,2.0,,,,,,,False,,,0
nLo031.00,1,Techno,MPPKVVCL Indore ,DI,Subs Itr rel,DLMS Order,"3P4W LTCT 240V 5-10A,",NORTEM,SMART,San,Bug fixed,2024-01-04,2024-01-23,2024-01-24,2024-01-25,,-45316,,2,1.0,2.0,2.0,,,,,,,False,,,0
nAo008,3,TPCL,TPCL,,Released,DLMS Order, 3P4W LTWC Cl 1.0 10-100A,NORTEM,SMART,DK,Bug fixed,2024-01-09,2024-01-24,2024-01-24,2024-01-29,,-45320,,1,0.0,6.0,3.0,QER-108632(1),2024-03-04,BCP,,,,False,,,0
CBO011.00,0,Intellismart,SBPDCL,,Subs Itr rel,DLMS Order, 3P4W LTWC Cl 1.0 10-60A,CHRONAS,SMART,SS,New firmware,2024-01-24,2024-01-24,2024-01-25,2024-02-01,2024-02-02,1,1.0,2,1.0,8.0,5.0,,,SR,,yes,,False,,,0
COT02.03,0,APDCL,APDCL,,Released,DLMS Order, 3P4W LTWC Cl 1.0 10-60A,M3T,TVM LT WC,VK,checklist implementation,2024-01-29,2024-01-29,2024-01-29,2024-01-30,2024-02-01,2,2.0,1,0.0,2.0,2.0,QER-108128(3),2024-02-01,SS,,,,False,,,0
3PBNC.86,0,EESL,Bihar ,,Withdrawn,DLMS Order, 3P4W LTWC Cl 1.0 10-60A,NORTEM,SMART,,CR changes,2024-01-25,,,,,0,,1,2.0,,,,,,,,,False,,,0
SR81.00,0,TANGEDCO,TANGEDCO,,Subs Itr rel,DLMS Order,"1Ph 10-60A , Cl.1.0",SFF,ENM,SR,New firmware,2024-01-25,2024-01-25,2024-01-29,2024-02-01,2024-02-06,5,3.0,5,0.0,4.0,4.0,,,SAN,,yes,,False,,,0
nLo030.02,2,Techno,MPPKVVCL Indore ,(w/o DI),Subs Itr rel,DLMS Order,"3P4W LTCT 240V 5-10A,",NORTEM,SMART,San,Bug fixed,2024-01-04,2024-01-29,2024-01-29,2024-01-30,,-45321,,1,0.0,2.0,2.0,,,,,,,False,,,0
5HD0U.74 ,0,DHBVN,DHBVN,,Released,DLMS Order,3P4W 63.5V 5-10A Cl 0.2 Opt + RS232,N2AVE,TVM HT 0.5,DK,Checklist implementation ,2024-01-29,2024-02-01,2024-02-05,2024-02-09,2024-02-12,3,2.0,5,2.0,5.0,3.0,QER-109007,2024-02-13,VK,,,,False,,,0
nLo031.00,2,Techno,MPPKVVCL Indore ,DI,Subs Itr rel,DLMS Order,"3P4W LTCT 240V 5-10A,",NORTEM,SMART,AVM,Bug fixed,2024-01-04,2024-01-29,2024-01-30,2024-01-30,,-45321,,2,0.0,1.0,1.0,,,,,,,False,,,0
SR82.00,1,KSEB,KSEB,,Released,DLMS Order,"1Ph 10-60A , Cl.1.0",SFF,ENM,SR,Bug fixed,2024-01-19,2024-01-30,2024-02-12,2024-02-12,2024-02-14,2,2.0,14,6.0,1.0,1.0,QER-109033,2024-03-18,AM,,,,False,,,0
CAO01200,1,TPCL,TPCL,,Completed,DLMS Order, 3P4W LTWC Cl 1.0 10-100A,CHRONAS,SMART,BCP,Basic testing(not for release only given for test fots production),2024-01-30,2024-01-30,2024-01-30,2024-01-30,,-45321,,1,0.0,1.0,1.0,,,,,,,False,,,0
RH30.00,0,MPPKVVCL Indore,MPPKVVCL Indore,,Exp Next Itr,DLMS Order,"1Ph 10-60A , Cl.1.0",CYGNUS,SMART,AVM,New firmware,2024-01-30,2024-01-30,2024-01-31,2024-02-01,,-45323,,2,1.0,2.0,2.0,,,,,yes,,False,,,0
RH29.00,3,BCITS,Indore,,Released,DLMS Order,"1Ph 10-60A , Cl.1.0",CYGNUS,SMART,AVM,Process related change,2023-12-28,2024-01-30,2024-01-30,2024-01-30,,-45321,,1,0.0,1.0,0.5,QER-108994,2024-01-30,,yes,,,False,,,0
nLo030.03,3,Techno,MPPKVVCL Indore ,(w/o DI),Subs Itr rel,DLMS Order,"3P4W LTCT 240V 5-10A,",NORTEM,SMART,BCP,Bug fixed,2024-01-04,2024-01-30,2024-01-31,2024-02-02,,-45324,,2,1.0,3.0,3.0,,,,,,,False,,,0
nLo031.00,3,Techno,MPPKVVCL Indore ,DI,On Hold,DLMS Order,"3P4W LTCT 240V 5-10A,",NORTEM,SMART,San,Bug fixed,2024-01-04,2024-01-30,2024-01-30,2024-01-31,,-45322,,1,1.0,2.0,2.0,,,,,,,False,,,0
RH08.01,0,Montecarlo,"MP, Jabalpur ",,Released,DLMS Order,"1Ph 10-60A , Cl.1.0",CYGNUS,SMART,AM,CR changes,2024-01-31,2024-01-31,2024-01-31,2024-01-31,,-45322,,1,0.0,1.0,1.0,QER-108915(01),2024-02-02,BCP,,,,False,,,0
UR08.00 ,0,BESCOM ,BESCOM ,,Released,DLMS Order,"1Ph 5-30A , Cl.1.0",MERCURY,ENM,SS,New firmware,2024-01-31,2024-01-31,2024-02-05,2024-02-08,2024-02-09,1,1.0,6,3.0,4.0,4.0,QER-109012(1),2024-02-27,SAN/AVM,,yes,,False,,,0
CBO00710,1,Shiridi Sai ,Shiridi Sai ,,Released,DLMS Order, 3P4W LTWC Cl 1.0 10-60A,CHRONAS,SMART,DK,Energy rollover correction 999999,2024-01-30,2024-01-30,2024-02-01,2024-02-01,,-45323,,3,1.0,1.0,1.0,QER-109000(2),2024-02-26,,,,,False,,,0
CBO00701,1,Shiridi Sai ,Shiridi Sai ,,Released,DLMS Order, 3P4W LTWC Cl 1.0 10-60A,CHRONAS,SMART,DK,Energy rollover correction 999999,2024-01-30,2024-01-30,2024-02-02,2024-02-02,,-45324,,4,2.0,1.0,1.0,QER-109001(1),2024-02-26,,,,,False,,,0
CBO012.00,3,Intellismart,DGVCL,,Subs Itr rel,DLMS Order, 3P4W LTWC Cl 1.0 10-60A,CHRONAS,SMART,BHR,bug fixed,2023-11-30,2024-01-31,2024-02-01,2024-02-05,,-45327,,2,1.0,5.0,3.0,,,,,,,False,,,0
CBO00901,1,Intellismart,APDCL ,,Subs Itr rel,DLMS Order, 3P4W LTWC Cl 1.0 10-60A,CHRONAS,SMART,VK,CR changes,2023-10-06,2024-02-01,2024-02-01,2024-02-06,,-45328,,1,0.0,6.0,4.0,,,,,,,False,,,0
COC55.00,0,BESCOM ,BESCOM ,,Released,DLMS Order, 3P4W LTWC Cl 1.0 10-60A,SFF,TVM LT WC,AVM,New firmware,2024-02-02,2024-02-02,2024-02-20,2024-02-24,2024-02-28,4,2.0,19,12.0,5.0,4.0,QER-109019,2024-02-29,SS,,yes,,False,,,0
CON07.00,0,TANGEDCO ,MSEDCL,,Subs Itr rel,DLMS Order, 3P 4W- SFF-LT 5-10A,SFF,TVM LT 0.5,VK,New Firmware,2024-02-05,2024-02-05,2024-02-14,2024-02-16,2024-02-19,3,1.0,10,7.0,3.0,3.0,,,SAN,,yes,,False,,,0
COC53.00 ,1,TANGEDCO ,TANGEDCO ,,Released,DLMS Order, 3P4W LTWC Cl 1.0 10-60A,SFF,TVM LT WC,BCP,bug fixed,2023-12-29,2024-02-05,2024-02-13,2024-02-13,2024-02-17,4,2.0,9,6.0,1.0,1.0,QER-109024,,BHR,,,,False,,,0
CBO010.00 ,1,Intellismart,SBPDCL,Cyan,Withdrawn,DLMS Order, 3P4W LTWC Cl 1.0 10-100A,CHRONAS,SMART,,bug fixed,2023-10-20,2024-02-05,2024-02-06,,,0,,2,1.0,-45327.0,,,2024-03-04,,,,,False,,,0
UF18.00 ,0,WBSEDCL,WBSEDCL,,Exp Next Itr,DLMS Tender,"1Ph 5-30A , Cl.1.0",MERCURY,ENM,SR,New firmware,2024-02-05,2024-02-06,2024-02-06,2024-02-09,,-45331,,1,0.0,4.0,3.0,,,,,yes,,False,,,0
UD07.00 ,0,WBSEDCL,WBSEDCL,,Exp Next Itr,DLMS Tender,"1Ph 5-30A , Cl.1.0",SFF,ENM,SR,New firmware,2024-02-06,2024-02-06,2024-02-06,2024-02-08,,-45330,,1,0.0,3.0,3.0,,,,,yes,,False,,,0
RH30.00,1,MPPKVVCL Indore,MPPKVVCL Indore,,Exp Next Itr,DLMS Order,"1Ph 10-60A , Cl.1.0",CYGNUS,SMART,San,bug fixed,2024-01-30,2024-02-06,2024-02-06,2024-02-07,,-45329,,1,0.0,2.0,2.0,,,,,,,False,,,0
CBO014.00 ,0,Techno,MPPKVVCL Indore ,,Subs Itr rel,DLMS Order, 3P4W LTWC Cl 1.0 10-60A,CHRONAS,SMART,BHR,New firmware,2024-02-06,2024-02-06,2024-02-09,2024-02-13,,-45335,,4,2.0,5.0,3.0,,,,,yes,,False,,,0
RH31.00,0,Intellismart,MGVCL,,Exp Next Itr,DLMS Order,"1Ph 5-30A , Cl.1.0",CYGNUS,SMART,BHR,New firmware,2024-02-06,2024-02-06,2024-03-18,2024-03-22,2024-03-25,3,1.0,42,20.0,5.0,5.0,,,SAN,,yes,,False,,,0
RH32.00,0,Intellismart,MGVCL,,Withdrawn,DLMS Order,"1Ph 10-60A , Cl.1.0",CYGNUS,SMART,,New firmware,2024-02-06,2024-02-06,,,,0,,-45327,,1.0,,,,,,yes,,False,,,0
RH33.00,0,Intellismart,DGVCL,,Exp Next Itr,DLMS Order,"1Ph 10-60A , Cl.1.0",CYGNUS,SMART,SR,New firmware,2024-02-06,2024-02-06,2024-02-28,2024-03-01,2024-03-04,3,1.0,23,14.0,3.0,3.0,,,SAN,,yes,,False,,,0
CBO013.00,2,Intellismart,MGVCL,,Subs Itr rel,DLMS Order, 3P4W LTWC Cl 1.0 10-60A,CHRONAS,SMART,AVM,bug fixed,2024-01-19,2024-02-06,2024-02-07,2024-02-07,2024-02-08,1,1.0,2,1.0,1.0,1.0,,,SS,,,,False,,,0
CTC85.00 ,4,TANGEDCO,TANGEDCO,,Completed,DLMS Tender, 3P4W LTWC Cl 1.0 10-60A,SFF,TVM LT WC,VK,Tender changes,2024-02-06,2024-02-06,2024-02-08,2024-02-09,,-45331,,3,1.0,2.0,2.0,,,,,,,False,,,0
UC03.01,0,CESC, BIKANER ,,Released,DLMS Order,"1Ph 5-30A , Cl.1.0",SFF,ENM,SR,Field Modification,2024-02-06,2024-02-06,2024-02-13,2024-02-14,2024-02-16,2,2.0,8,5.0,2.0,2.0,QER-108701(02),2024-02-22,BHR,,,,False,,,0
CTP19.00 ,1,TANGEDCO,TANGEDCO,,Exp Next Itr,DLMS Tender, 3P4W LTWC Cl 1.0 10-60A,VENUS,TVM LT WC,AVM,New firmware,2024-02-07,2024-02-07,2024-02-08,2024-02-13,,-45335,,2,1.0,6.0,4.0,,,VK,,yes,,False,,,0
RH20.01,0,Intellismart,SBPDCL,,Released,DLMS Order,"1Ph 10-60A , Cl.1.0",CYGNUS,SMART,SAN,HES Integration changes,2024-02-08,2024-02-08,2024-02-08,2024-02-09,,-45331,,1,0.0,2.0,2.0,QER-108993(1).,2024-02-09,,,,,False,,,0
RH37.00,0,NCC,NBPDCL,,Subs Itr rel,DLMS Order,"1Ph 10-60A , Cl.1.0",CYGNUS,SMART,BHR,New firmware,2024-02-08,2024-02-08,2024-02-14,2024-02-15,2024-02-21,6,3.0,7,4.0,2.0,2.0,,,SAN,,yes,,False,,,0
SR81.00,1,TANGEDCO,TANGEDCO,,Subs Itr rel,DLMS Order,"1Ph 10-60A , Cl.1.0",SFF,ENM,BCP,bug fixed,2024-01-25,2024-02-08,2024-02-09,2024-02-12,,-45334,,2,1.0,4.0,2.0,,,VK,,,,False,,,0
HHo002.00 ,1,Techno,MPPKVVCL Indore ,,Subs Itr rel,DLMS Order, 3P4W HTCT Cl 0.2 5-10A,NORTEM,SMART,San,bug fixed,2024-01-19,2024-02-08,2024-02-12,2024-02-16,,-45338,,5,2.0,5.0,5.0,,,,,,,False,,,0
CAO01400,0,TPCL,TPCL,,Stopped,DLMS Order, 3P4W LTWC Cl 1.0 10-100A,CHRONAS,SMART,AM,CR changes,2024-02-08,2024-02-08,2024-02-13,,,0,,6,,-45334.0,,,,,,,,False,,,0
COC54.00 ,0,ESP,BC83GOAN2 ,,On Hold,DLMS Order, 3P4W LTWC Cl 1.0 10-60A,SFF,TVM LT WC,,New firmware,2024-02-08,2024-02-08,,,,0,,-45329,,1.0,,,,,,yes,,False,,,0
CBO010.00 ,2,Intellismart,SBPDCL,Cyan,Subs Itr rel,DLMS Order, 3P4W LTWC Cl 1.0 10-100A,CHRONAS,SMART,SS,bug fixed,2023-10-20,2024-02-09,2024-02-09,2024-02-14,,-45336,,1,0.0,6.0,4.0,,,,,,,False,,,0
SF94.00,4,TANGEDCO,TANGEDCO,,Completed,DLMS Tender,"1Ph 10-60A , Cl.1.0",SFF,ENM,AM,Tender changes with CTT4.3,2024-02-09,2024-02-09,2024-02-09,2024-02-09,,-45331,,1,0.0,1.0,1.0,,,,,,,False,,,0
CAO01500,0,TPCL,TPCL,,Subs Itr rel,DLMS Order, 3P4W LTWC Cl 1.0 10-100A,CHRONAS,SMART,AVM,New firmware(PCB change),2024-02-09,2024-02-09,2024-02-14,2024-02-20,2024-02-22,2,2.0,6,3.0,7.0,5.0,,,AM,,yes,,False,,,0
CBO013.00,3,Intellismart,MGVCL,,Subs Itr rel,DLMS Order, 3P4W LTWC Cl 1.0 10-60A,CHRONAS,SMART,San,bug fixed,2024-01-19,2024-02-09,2024-02-09,2024-02-09,,-45331,,1,0.0,1.0,1.0,,,,,,,False,,,0
RH30.00,2,MPPKVVCL Indore,MPPKVVCL Indore,,Withdrawn,DLMS Order,"1Ph 10-60A , Cl.1.0",CYGNUS,SMART,DK,bug fixed,2024-01-30,2024-02-08,2024-02-13,2024-02-16,,-45338,2.0,6,3.0,4.0,4.0,,,SR,,,,False,,,0
CAO00503,1,J&K,J&K,,Released,DLMS Order, 3P4W LTWC Cl 1.0 10-100A,CHRONAS,SMART,AM,Bug fixed,2024-01-12,2024-02-02,2024-02-08,2024-02-09,2024-02-12,3,1.0,7,4.0,2.0,2.0,QER 108858(4),2024-02-13,BCP,,,,False,,,0
RH38.00,0,Adani, UPCL ,Nbiot,Withdrawn,DLMS Order,"1Ph 10-60A , Cl.1.0",CYGNUS,SMART,,New firmware,2024-02-12,2024-02-13,,,,0,,-45334,5.0,,,,,,,yes,,False,,,0
CBO012.00,4,Intellismart,DGVCL,,Released,DLMS Order, 3P4W LTWC Cl 1.0 10-60A,CHRONAS,SMART,BHR,bug fixed,2023-11-30,2024-02-13,2024-02-13,2024-02-13,,-45335,,1,0.0,1.0,1.0,QER-109002(1),2024-02-13,,,,,False,,,0
RH36.00,0,Adani,NBPDCL,,Subs Itr rel,DLMS Order,"1Ph 10-60A , Cl.1.0",CYGNUS,SMART,SR,New firmware,2024-02-13,2024-02-13,2024-02-16,2024-02-22,2024-02-23,1,1.0,4,3.0,7.0,,,,AVM,,yes,,False,,,0
nLo025.02,2,Adani,APDCL,,On Hold,DLMS Order,"3P4W LTCT 240V 5-10A,",NORTEM,SMART,,New firmware,2024-02-13,2024-02-13,,,,0,,-45334,12.0,1.0,,,,,,yes,,False,,,0
nLo021.04,4,Adani,APDCL,DI,On Hold,DLMS Order,"3P4W LTCT 240V 5-10A,",NORTEM,SMART,VK,New firmware,2024-02-13,2024-02-13,2024-02-27,,,0,,15,10.0,-45348.0,,,,,,yes,,False,,,0
" 5JB03.40 , M2C0202.02",0,MSEDCNLET ,MSEDCNLET ,,Released,DLMS Order, 3P4W LTWC Cl 1.0 20-100A,TT,TVM LT WC,BHR,Modem firmware updated,2024-02-13,2024-02-13,2024-02-23,2024-02-26,,-45348,,11,5.0,4.0,2.0,QER- 108822(1),2024-02-28,,,,,False,,,0
CTP10.00 ,2,MGVCL,MGVCL,,Completed,DLMS Tender, 3P4W LTWC Cl 1.0 10-60A,VENUS,TVM LT WC,AM,CTT and display changes,2024-02-13,2024-02-13,2024-02-16,2024-02-19,,-45341,,4,1.0,4.0,2.0,,,AVM,,,,False,,,0
RH21.00,3,Intellismart,PVVNL,,Subs Itr rel,DLMS Order,"1PH  LPR 10-60A,  Cl.1.0",CYGNUS,SMART,SS,CR changes as per new TIF,2023-10-31,2024-02-14,2024-02-20,2024-02-23,,-45345,,7,4.0,4.0,4.0,,,,,,,False,,,0
COP12.00,0,KSEB,KSEB,,Subs Itr rel,DLMS Order, 3P4W LTWC Cl 1.0 10-60A,VENUS,TVM LT WC,BCP,New firmware,2024-02-14,2024-02-14,2024-02-16,2024-02-20,2024-02-22,2,2.0,3,1.0,5.0,3.0,,,AVM,,yes,,False,,,0
CTP19.00 ,2,TANGEDCO,TANGEDCO,,Completed,DLMS Tender, 3P4W LTWC Cl 1.0 10-60A,VENUS,TVM LT WC,AVM,bug fixed,2024-02-07,2024-02-15,2024-02-15,2024-02-15,,-45337,,1,0.0,1.0,1.0,,,,,,,False,,,0
CAO01400,0,TPCL,TPCL,,Released,DLMS Order, 3P4W LTWC Cl 1.0 10-100A,CHRONAS,SMART,AM,CR changes,2024-02-08,2024-02-15,2024-02-15,2024-02-16,2024-02-20,4,2.0,1,0.0,2.0,2.0,QER-109013,2024-02-22,BCP,,,,False,,,0
CBO014.00 ,1,Techno,MPPKVVCL Indore ,,Subs Itr rel,DLMS Order, 3P4W LTWC Cl 1.0 10-60A,CHRONAS,SMART,SS,bug fixed,2024-02-06,2024-02-15,2024-02-15,2024-02-15,,-45337,,1,0.0,1.0,1.0,,,,,,,False,,,0
SR81.00,2,TANGEDCO,TANGEDCO,,Withdrawn,DLMS Order,"1Ph 10-60A , Cl.1.0",SFF,ENM,,bug fixed,2024-01-25,2024-02-15,,,,0,,-45336,0.0,1.0,,,,,,,,False,,,0
CBO014.00 ,2,Techno,MPPKVVCL Indore ,,Subs Itr rel,DLMS Order, 3P4W LTWC Cl 1.0 10-60A,CHRONAS,SMART,BHR,bug fixed,2024-02-06,2024-02-16,2024-02-16,2024-02-16,2024-02-20,4,2.0,1,0.0,1.0,1.0,,,BCP,,,,False,,,0
CBO013.00,4,Intellismart,MGVCL,,Subs Itr rel,DLMS Order, 3P4W LTWC Cl 1.0 10-60A,CHRONAS,SMART,VK,bug fixed,2024-01-19,2024-02-16,2024-02-26,2024-02-26,,-45348,,11,7.0,1.0,1.0,,,,,,,False,,,0
5HD16.34,0,ESP,WR300BB11ABTAP3 ,,Released,DLMS Order,3P4W 63.5V 5-10A Cl 0.2 Opt + RS232,SEM N2,TVM HT 0.2,SS,CR changes,2024-02-16,2024-02-16,2024-03-04,2024-03-15,2024-03-19,4,2.0,18,12.0,12.0,8.0,QER-109066,2024-04-25,SAN,,,,False,,,0
CTN08.00 ,1,MGVCL,MGVCL,,Withdrawn,DLMS Tender, 3P4W LTWC Cl 1.0 5-10A,VENUS,TVM LT WC,AM,CTT and display changes,2024-02-16,2024-02-16,2024-02-20,,,0,,5,2.0,-45341.0,,,,,,,,False,,,0
SR81.00,3,TANGEDCO,TANGEDCO,,Subs Itr rel,DLMS Order,"1Ph 10-60A , Cl.1.0",SFF,ENM,San,bug fixed,2024-01-25,2024-02-16,2024-02-19,2024-02-21,,-45343,,4,1.0,3.0,3.0,,,,,,,False,,,0
5YD11.37,0,ESP,AP,,Released,DLMS Order,3P4W 63.5V 1-2A CL0.2 CAT-B,SEM N2,TVM HT 0.2,VK,CR chnges,2024-02-16,2024-02-16,2024-03-04,2024-03-07,2024-03-15,8,4.0,18,12.0,4.0,4.0,QER 108571(6),2024-05-10,BHR,,,,False,,,0
CBO010.00 ,3,Intellismart,SBPDCL,Cyan,Subs Itr rel,DLMS Order, 3P4W LTWC Cl 1.0 10-100A,CHRONAS,SMART,VK,bug fixed,2023-10-20,2024-02-17,2024-02-17,2024-02-21,,-45343,,1,0.0,5.0,3.0,,,,,,,False,,,0
UD08.00 ,0,MGVCL,MGVCL,,Completed,DLMS Tender,"1Ph 5-30A , Cl.1.0",SFF,ENM,BCP,New firmware,2024-02-19,2024-02-19,2024-02-20,2024-02-22,,-45344,,2,1.0,3.0,3.0,,,SS,,yes,,False,,,0
RH35.00,0,Adani,EEPL,,Subs Itr rel,DLMS Order,"1Ph 10-60A , Cl.1.0",CYGNUS,SMART,SR,New firmware,2024-02-19,2024-02-19,2024-03-25,2024-03-28,2024-04-02,5,2.0,36,22.0,4.0,4.0,,,BHR,,yes,,False,,,0
M2C0202.02,0,MSEDCL,MSEDCL,,Released,DLMS Order, 3P4W LTWC Cl 1.0 20-100A,TT,TVM LT WC,BHR,Modem firmware updated,2024-02-19,2024-02-19,2024-02-23,2024-02-26,,-45348,,5,1.0,4.0,2.0,QER-109020,2024-03-01,,,,,False,,,0
CAO01300,0,Techno,MPPKVVCL Indore,,Subs Itr rel,DLMS Order, 3P4W LTWC Cl 1.0 10-100A,CHRONAS,SMART,VK,New firmware,2024-02-19,2024-02-19,2024-02-21,2024-02-23,,-45345,,3,2.0,3.0,3.0,,,,,yes,,False,,,0
CTC90.00 ,5,WBSEDCL,WBSEDCL,,Completed,DLMS Tender, 3P4W LTWC Cl 1.0 20-100A,SFF,TVM LT WC,AM,CR changes,2024-02-19,2024-02-19,2024-02-20,2024-02-21,,-45343,,2,0.0,2.0,1.0,,,,,,,False,,,0
CTN08.00 ,2,MGVCL,MGVCL,,Exp Next Itr,DLMS Tender, 3P4W LTWC Cl 1.0 5-10A,VENUS,TVM LT WC,AM,CTT and display changes,2024-02-16,2024-02-19,2024-02-20,2024-02-20,,-45342,,2,0.0,1.0,1.0,,,,,,,False,,,0
CON07.00,1,ESP,MSEDCL,,Released,DLMS Order, 3P 4W- SFF-LT 5-10A,SFF,TVM LT 0.5,VK,bug fixed,2024-02-05,2024-02-20,2024-02-21,2024-02-21,,-45343,,2,1.0,1.0,1.0,QER-109022,2024-03-01,,,,,False,,,0
RH36.00,1,Adani,NBPDCL,,Stopped,DLMS Order,"1Ph 10-60A , Cl.1.0",CYGNUS,SMART,,bug fixed,2024-02-13,2024-02-20,2024-03-04,,,0,,14,8.0,-45354.0,,,,,,,,False,,,0
RH40.00,0,Adani,APDCL,,Withdrawn,DLMS Order,"1Ph 5-30A , Cl.1.0",CYGNUS,SMART,AVM,New firmware,2024-02-21,2024-02-21,2024-02-26,2024-02-28,,-45350,,6,3.0,3.0,3.0,,,,,yes,,False,,,0
CTN08.00 ,3,MGVCL,MGVCL,,Completed,DLMS Tender, 3P4W LTWC Cl 1.0 5-10A,VENUS,TVM LT WC,AM,bug fixed,2024-02-16,2024-02-21,2024-02-21,2024-02-21,,-45343,,1,0.0,1.0,1.0,,,,,,,False,,,0
5HD14.75 ,0,ESP,ESP-TNDLMS,,Released,DLMS Order,3P4W 63.5V 5-10A Cl 0.2 Opt + RS232,N2AVE,TVM HT 0.2,DK,Checklist implementation and CR changes,2024-02-21,2024-02-21,2024-02-23,2024-02-26,2024-02-28,2,2.0,3,0.0,4.0,2.0,QER-108297(2),2024-02-29,AVM,,,,False,,,0
CBO010.00 ,4,Intellismart,SBPDCL,Cyan,Subs Itr rel,DLMS Order, 3P4W LTWC Cl 1.0 10-100A,CHRONAS,SMART,SAN,bug fixed,2023-10-20,2024-02-22,2024-02-22,2024-02-22,,-45344,,1,0.0,1.0,1.0,,,,,,,False,,,0
RH38.00,1,Adani, UPCL ,NBiot,On Hold,DLMS Order,"1Ph 10-60A , Cl.1.0",CYGNUS,SMART,,New firmware,2024-02-12,2024-02-22,,,,0,,-45343,0.0,1.0,,,,,,yes,,False,,,0
CBO00901,2,Intellismart,APDCL ,,Subs Itr rel,DLMS Order, 3P4W LTWC Cl 1.0 10-60A,CHRONAS,SMART,SS,bug fixed,2023-10-06,2024-02-22,2024-02-28,2024-03-01,,-45352,,7,0.0,3.0,3.0,,,,,,,False,,,0
CBO010.00 ,5,Intellismart,SBPDCL,Cyan,Subs Itr rel,DLMS Order, 3P4W LTWC Cl 1.0 10-100A,CHRONAS,SMART,SAN,bug fixed,2023-10-20,2024-02-23,2024-02-23,2024-02-23,,-45345,,1,0.0,1.0,1.0,,,,,,,False,,,0
RH37.00,1,NCC,NBPDCL,,Subs Itr rel,DLMS Order,"1Ph 10-60A , Cl.1.0",CYGNUS,SMART,SR,bug fixed,2024-02-08,2024-02-23,2024-02-26,2024-02-27,,-45349,,4,2.0,2.0,2.0,,,,,,,False,,,0
CON08.00,0,BESCOM ,BESCOM ,,Subs Itr rel,DLMS Order, 3P 4W- SFF-LT 5-10A,SFF,TVM LT 0.5,SS,New firmware,2024-02-23,2024-02-23,2024-03-07,2024-03-13,2024-03-14,1,1.0,14,8.0,7.0,5.0,,,AVM,,yes,,False,,,0
COP12.00,1,KSEB,KSEB,,Released,DLMS Order, 3P4W LTWC Cl 1.0 10-60A,VENUS,TVM LT WC,BHR,bug fixed,2024-02-14,2024-02-23,2024-02-27,2024-02-28,2024-03-04,5,2.0,5,2.0,2.0,2.0,QER-109034,2024-03-18,SAN,,,,False,,,0
CBO010.00 ,6,Intellismart,SBPDCL,Cyan,Subs Itr rel,DLMS Order, 3P4W LTWC Cl 1.0 10-100A,CHRONAS,SMART,SAN,bug fixed,2023-10-20,2024-02-23,2024-02-23,2024-02-26,,-45348,,1,0.0,4.0,2.0,,,AVM,,,,False,,,0
CAO01300,1,Techno,MPPKVVCL Indore,,Subs Itr rel,DLMS Order, 3P4W LTWC Cl 1.0 10-100A,CHRONAS,SMART,AVM,bug fixed,2024-02-19,2024-02-23,2024-02-24,2024-02-24,,-45346,,2,0.0,1.0,1.0,,,,,,,False,,,0
CAO01300,2,Techno,MPPKVVCL Indore,,Subs Itr rel,DLMS Order, 3P4W LTWC Cl 1.0 10-100A,CHRONAS,SMART,San,bug fixed,2024-02-19,2024-02-26,2024-02-26,2024-02-26,,-45348,,1,0.0,1.0,1.0,,,,,,,False,,,0
CAO01500,1,TPCL,TPCL,,Subs Itr rel,DLMS Order, 3P4W LTWC Cl 1.0 10-100A,CHRONAS,SMART,San,bug fixed,2024-02-09,2024-02-26,2024-02-27,2024-02-28,2024-03-01,2,2.0,2,1.0,2.0,2.0,,,VK,,,,False,,,0
nLo037.00,0,Adani,NBPDCL ,,On Hold,DLMS Order,3P4W LTCT 240V 5-10A,NORTEM,SMART,,New firmware,2024-02-26,2024-02-26,,,,0,,-45347,,1.0,,,,,,yes,,False,,,0
nLo036.00,0,NCC, NBPDCL ,,Subs Itr rel,DLMS Order,3P4W LTCT 240V 5-10A,NORTEM,SMART,San,New firmware,2024-02-26,2024-02-26,2024-03-29,2024-04-04,2024-04-05,1,1.0,33,21.0,7.0,5.0,,,AVM,,yes,,False,,,0
CBO015.00 ,0,Adani,MSEDCL,,Withdrawn,DLMS Order, 3P4W LTWC Cl 1.0 10-100A,CHRONAS,SMART,,New firmware,2024-02-26,2024-02-26,,,,0,,-45347,,1.0,,,,,,yes,,False,,,0
5CD00.70,0,ESP,ESP-STD,,Exp Next Itr,New Product,3P4W 63.5V 5-10A Cl 0.2 Opt + RS232,N2AVE,TVM HT 0.2,SR,New firmware(NPD),2024-02-27,2024-02-27,2024-05-23,2024-07-05,2024-07-05,0,,87,50.0,44.0,30.0,,,,,yes,,False,,,0
CBO010.00 ,7,Intellismart,SBPDCL,Cyan,Released,DLMS Order, 3P4W LTWC Cl 1.0 10-100A,CHRONAS,SMART,SAN,bug fixed,2023-10-20,2024-02-28,2024-02-28,2024-02-28,,-45350,,1,1.0,1.0,1.0,QER Ð109017,2024-02-28,,,,,False,,,0
nLo035.00,0,Adani,MSEDCL,,On Hold,DLMS Order,3P4W LTCT 240V 5-10A,NORTEM,SMART,,New firmware,2024-02-28,2024-02-28,,,,0,,-45349,,1.0,,,,,,yes,,False,,,0
RH37.00,2,NCC,NBPDCL,,Released,DLMS Order,"1Ph 10-60A , Cl.1.0",CYGNUS,SMART,AVM,bug fixed,2024-02-08,2024-02-29,2024-02-29,2024-03-01,2024-03-01,0,1.0,1,0.0,2.0,1.0,,,SS,,,,False,,,0
RH08.02,0,Montecarlo,"MP, Jabalpur ",,Released,DLMS Order,"1Ph 10-60A , Cl.1.0",CYGNUS,SMART,BCP,CR changes,2024-02-29,2024-02-29,2024-02-29,2024-02-29,,-45351,,1,0.0,1.0,1.0,QER-108915(2),2024-02-29,,,,,False,,,0
CBO013.00,5,Intellismart,MGVCL,,Subs Itr rel,DLMS Order, 3P4W LTWC Cl 1.0 10-60A,CHRONAS,SMART,BHR,CR change(Hr resolution changed),2024-01-19,2024-02-29,2024-02-29,2024-02-29,,-45351,,1,0.0,1.0,1.0,,,,,,,False,,,0
5YD0N.7A,0,WR300BB51ABTKS,WR300BB51ABTKS,,Released,DLMS Order,3P4W 63.5V 1-2A CL0.2 CAT-B,SEM N2,TVM HT 0.2,San,Checklist implementation,2024-02-29,2024-02-29,2024-03-07,2024-03-08,2024-03-11,3,1.0,8,5.0,2.0,2.0,QER-109037,2024-03-25,AVM,,,,False,,,0
5HD2P.70,0,KSEB,KSEB,,Stopped,DLMS Tender,"3P4W 63.5V 1-2A Cl 0.2Cl Optical + RS485
Bidirectional",N2AVE,TVM HT 0.2,VK,New firmware,2024-02-29,2024-02-29,2024-02-29,,,0,,1,0.0,-45350.0,,,,,,yes,,False,,,0
CTP18.00 ,2,KSEB,KSEB,,Completed,DLMS Tender, 3P4W LTWC Cl 1.0 10-60A,VENUS,TVM LT WC,BHR,New firmware,2024-02-29,2024-02-29,2024-03-11,2024-03-12,,-45363,,12,8.0,2.0,2.0,,,,,yes,,False,,,0
SR81.00,4,TANGEDCO,TANGEDCO,,Subs Itr rel,DLMS Order,"1Ph 10-60A , Cl.1.0",SFF,ENM,BCP,bug fixed,2024-01-25,2024-02-29,2024-03-01,2024-03-01,,-45352,,2,0.0,1.0,1.0,,,,,,,False,,,0
HHo002.06,6,Techno,MPPKVVCL Indore ,,Subs Itr rel,DLMS Order, 3P4W HTCT Cl 0.2 5-10A,NORTEM,SMART,BCP,bug fixed,2024-01-19,2024-03-01,2024-03-04,2024-03-05,2024-03-07,2,2.0,4,2.0,2.0,2.0,,,,,,,False,,,0
UC20.01,0,ESP,ESP-WM101BC7DGOA ,,Released,DLMS Order,"1Ph 10-60A , Cl.1.0",MERCURY,ENM,AVM,CR chnges for display,2024-03-01,2024-03-07,2024-03-07,2024-03-07,2024-03-08,1,1.0,1,0.0,1.0,1.0,QER-108987(1),2024-03-08,DK,,,,False,,,0
5YD2E.71,0,KSEB,KSEB,,Released,DLMS Order,3P4W 63.5V 1-2A CL0.2 ,SEM N2,TVM HT 0.2,AM,Checklist implementation,2024-03-01,2024-03-01,2024-03-04,2024-03-06,2024-03-07,1,1.0,4,2.0,2.0,2.0,QER-108781(1),2024-03-13,SAN,,,,False,,,0
5HD2P.70,1,KSEB,KSEB,,Exp Next Itr,DLMS Tender,"3P4W 63.5V 1-2A Cl 0.2Cl Optical + RS485
Unidirectional",N2AVE,TVM HT 0.2,BHR,New firmware,2024-03-01,2024-03-04,2024-03-04,2024-03-08,,-45359,,1,0.0,5.0,4.0,,,,,yes,,False,,,0
UD09.00 ,0,AVVNL,AVVNL,,Exp Next Itr,DLMS Tender,"1Ph 5-30A , Cl.1.0",SFF,ENM,BCP,New firmware,2024-03-01,2024-03-01,2024-03-14,2024-03-19,,-45370,,14,9.0,6.0,4.0,,,SR,,yes,,False,,,0
nLo028.02,2,TPCL,TPCL,,Exp Next Itr,DLMS Order,"3P4W LTCT 240V 5-10A,",NORTEM,SMART,San,bug fixed,2023-11-02,2024-03-01,2024-06-14,2024-06-18,,-45461,,106,80.0,5.0,3.0,,,,,,,False,,,0
RH21.00,4,Intellismart,PVVNL,,Subs Itr rel,DLMS Order,"1PH  LPR 10-60A,  Cl.1.0",CYGNUS,SMART,SR,CR changes as per new TIF,2023-10-31,2024-03-01,2024-03-07,2024-03-08,,-45359,,7,4.0,2.0,2.0,,,,,,,False,,,0
5HD2O.70,1,KSEB,KSEB,,Exp Next Itr,DLMS Tender,"3P4W 63.5V 1-2A Cl 0.2Cl Optical + RS485
Bidirectional",N2AVE,TVM HT 0.2,AVM,New firmware,2024-02-29,2024-03-04,2024-03-04,2024-03-06,,-45357,,1,0.0,3.0,3.0,,,,,yes,,False,,,0
SR81.00,5,TANGEDCO,TANGEDCO,,Released,DLMS Order,"1Ph 10-60A , Cl.1.0",SFF,ENM,DK,bug fixed,2024-01-25,2024-03-04,2024-03-05,2024-03-06,2024-03-07,1,1.0,2,1.0,2.0,2.0,QER-109028,2024-03-08,VK,,,,False,,,0
CBO00901,3,Intellismart,APDCL ,,Released,DLMS Order, 3P4W LTWC Cl 1.0 10-60A,CHRONAS,SMART,BCP,bug fixed,2023-10-06,2024-03-04,2024-03-05,2024-03-05,,-45356,,2,1.0,1.0,1.0,QER-109026(1),2024-03-11,AM,,,,False,,,0
CAO01600,0,Adani,AEML,Nbiot,Subs Itr rel,DLMS Order, 3P4W LTWC Cl 1.0 10-100A,CHRONAS,SMART,AVM,New firmware,2024-03-04,2024-03-04,2024-03-14,2024-03-19,,-45370,,11,7.0,6.0,4.0,,,SAN,,yes,,False,,,0
RH23.00,4,Intellismart,PVVNL,,Withdrawn,DLMS Order,"1Ph 4G 10-60A , Cl.1.0",CYGNUS,SMART,SR,CR changes as per new TIF,2023-10-06,2024-03-04,2024-03-11,2024-03-12,,-45363,,8,4.0,2.0,2.0,,,,,,,False,,,0
CBO011.00,1,Intellismart,SBPDCL,,Stopped,DLMS Order, 3P4W LTWC Cl 1.0 10-60A,CHRONAS,SMART,,bug fixed,2024-01-24,2024-03-05,2024-03-11,,,0,,7,4.0,-45361.0,,,,,,,,False,,,0
CAO01500,2,TPCL,TPCL,,Subs Itr rel,DLMS Order, 3P4W LTWC Cl 1.0 10-100A,CHRONAS,SMART,BHR,bug fixed,2024-02-09,2024-03-05,2024-03-07,2024-03-07,2024-03-13,6,4.0,3,1.0,1.0,1.0,,,AVM,,,,False,,,0
nHo038.00,0,NCC,NBPDCL,,Exp Next Itr,DLMS Order,3P4W HTCT 63.5V 5-10A,NORTEM,SMART,VK,New firmware,2024-03-05,2024-03-05,2024-03-11,2024-03-15,2024-03-19,4,2.0,7,4.0,5.0,5.0,,,BHR,,yes,,False,,,0
RH36.00,2,Adani,NBPDCL,,Subs Itr rel,DLMS Order,"1Ph 10-60A , Cl.1.0",CYGNUS,SMART,San,bug fixed,2024-02-13,2024-03-05,2024-03-05,2024-03-06,,-45357,,1,0.0,2.0,2.0,,,,,,,False,,,0
CTC93.00 ,1,WBSEDCL,WBSEDCL,,Exp Next Itr,DLMS Tender, 3P4W LTWC Cl 1.0 5-30A,SFF,TVM LT WC,BCP,New firmware,2024-03-05,2024-03-05,2024-03-06,2024-03-08,,-45359,,2,1.0,3.0,3.0,,,SS,,yes,,False,,,0
RH36.00,3,Adani,NBPDCL,,Released,DLMS Order,"1Ph 10-60A , Cl.1.0",CYGNUS,SMART,AM,bug fixed,2024-02-13,2024-03-07,2024-03-07,2024-03-07,,-45358,,1,0.0,1.0,1.0,QER-109027,2024-03-07,AM,,,,False,,,0
COP11.00 ,1,CESC, RAJASTHAN,,Withdrawn,DLMS Order, 3P4W LTWC Cl 1.0 10-60A,VENUS,TVM LT WC,AM,bug fixed,2023-12-11,2024-03-07,2024-03-11,2024-03-12,2024-03-14,2,2.0,5,2.0,2.0,2.0,QER-109031,2024-03-15,,,,,False,,,0
CBO011.00,2,Intellismart,SBPDCL,,Subs Itr rel,DLMS Order, 3P4W LTWC Cl 1.0 10-60A,CHRONAS,SMART,AVM,bug fixed,2024-01-24,2024-03-11,2024-03-11,2024-03-12,,-45363,,1,0.0,2.0,2.0,,,,,,,False,,,0
CBO013.00,6,Intellismart,MGVCL,,Released,DLMS Order, 3P4W LTWC Cl 1.0 10-60A,CHRONAS,SMART,BCP,CR change(Kvarh added to Hr mode),2024-01-19,2024-03-11,2024-03-11,2024-03-12,2024-03-13,1,1.0,1,0.0,2.0,2.0,QER-109032(1),2024-03-19,BCP,,,,False,,,0
RH40.00,1,Adani,APDCL,,Withdrawn,DLMS Order,"1Ph 5-30A , Cl.1.0",CYGNUS,SMART,SR,New firmware,2024-02-21,2024-03-11,2024-03-13,2024-03-18,,-45369,,3,2.0,6.0,4.0,,,,,yes,,False,,,0
CBO016.00,0,NCC,NBPDCL,,Subs Itr rel,DLMS Order, 3P4W LTWC Cl 1.0 10-60A,CHRONAS,SMART,DK,CR changes,2024-03-12,2024-03-12,2024-03-14,2024-03-18,2024-03-19,1,1.0,3,2.0,5.0,3.0,,,AVM,,,,False,,,0
5HD2P.70,2,KSEB,KSEB,,Completed,DLMS Tender,"3P4W 63.5V 1-2A Cl 0.2Cl Optical + RS485
Unidirectional",N2AVE,TVM HT 0.2,san,bug fixed,2024-03-01,2024-03-12,2024-03-18,2024-03-19,,-45370,,7,4.0,2.0,2.0,,,SS,,,,False,,,0
5HD2O.70,2,KSEB,KSEB,,Exp Next Itr,DLMS Tender,"3P4W 63.5V 1-2A Cl 0.2Cl Optical + RS485
Bidirectional",N2AVE,TVM HT 0.2,BCP,bug fixed,2024-02-29,2024-03-12,2024-03-12,2024-03-13,,-45364,,1,0.0,2.0,2.0,,,,,,,False,,,0
CTP20.00 ,0,AVVNL,AVVNL,,Exp Next Itr,DLMS Tender, 3P4W LTWC Cl 1.0 10-60A,VENUS,TVM LT WC,BHR,New firmware,2024-03-12,2024-03-12,2024-03-13,2024-03-18,,-45369,,2,1.0,6.0,4.0,,,AVM,,yes,,False,,,0
UF13.01,0,KSEB,KSEB,,Exp Next Itr,DLMS Tender,"1Ph 5-30A , Cl.1.0",MERCURY,ENM,DK,Cr changes,2024-03-12,2024-03-12,2024-03-13,2024-03-14,,-45365,,2,1.0,2.0,2.0,,,BCP,,,,False,,,0
CBO017.00,0,Adani,APDCL,,Withdrawn,DLMS Order, 3P4W LTWC Cl 1.0 10-60A,CHRONAS,SMART,,New firmware,2024-03-12,2024-03-12,,,,0,,-45362,,1.0,,,,,,yes,,False,,,0
CBO018.00,0,Adani,NBPDCL ,,Withdrawn,DLMS Order, 3P4W LTWC Cl 1.0 10-60A,CHRONAS,SMART,,New firmware,2024-03-12,2024-03-13,,,,0,,-45363,,1.0,,,,,,yes,,False,,,0
RH33.00,1,Intellismart,DGVCL,,On Hold,DLMS Order,"1Ph 10-60A , Cl.1.0",CYGNUS,SMART,,bug fixed,2024-02-06,2024-03-12,,,,0,,-45362,,1.0,,,,,,,,False,,,0
RH21.00,5,Intellismart,PVVNL,,Subs Itr rel,DLMS Order,"1PH  LPR 10-60A,  Cl.1.0",CYGNUS,SMART,AM,bug fixed,2023-10-31,2024-03-13,2024-03-14,2024-03-15,,-45366,,2,1.0,2.0,2.0,,,,,,,False,,,0
CAO01500,3,TPCL,TPCL,,Released,DLMS Order, 3P4W LTWC Cl 1.0 10-100A,CHRONAS,SMART,AVM,Fw version issue resolved(code compare),2024-02-09,2024-03-13,2024-03-13,2024-03-13,,-45364,,1,0.0,1.0,1.0,QER-109029,2024-03-13,,Yes,,,False,,,0
CBO011.00,3,Intellismart,SBPDCL,,Released,DLMS Order, 3P4W LTWC Cl 1.0 10-60A,CHRONAS,SMART,AVM,bug fixed,2024-01-24,2024-03-13,2024-03-13,2024-03-13,,-45364,,1,0.0,1.0,1.0,QER-109030,2024-03-13,BHR,,,,False,,,0
COP13.00,0,DHBVN,DHBVN,,Subs Itr rel,DLMS Order, 3P4W LTWC Cl 1.0 10-60A,VENUS,TVM LT WC,VK,New firmware,2024-03-13,2024-03-13,2024-03-19,2024-03-22,2024-03-26,4,2.0,7,4.0,4.0,4.0,,,AM,,yes,,False,,,0
5HD2N.70,0,TANGEDCO,TANGEDCO,,Subs Itr rel,DLMS Order,3P4W 63.5V 1-2A Cl 0.2Cl ,N2AVE,TVM HT 0.2,SS,New firmware,2024-03-13,2024-03-13,2024-03-19,2024-03-27,2024-03-29,2,2.0,7,4.0,9.0,7.0,,,AVM,,yes,,False,,,0
5HD09.76,0,ESP,BB11BEDLMS2 ,,On Hold,DLMS Order,3P4W 63.5V 1-2A Cl 0.2Cl ,N2AVE,TVM HT 0.2,,Checklist implementation,2024-03-13,2024-03-13,,,,0,,-45363,,1.0,,,,,,,,False,,,0
RH41.00,0,Adani  ,MSEDCL,,Withdrawn,DLMS Order,"1PH 10-60A,  Cl.1.0",CYGNUS,SMART,BHR,New firmware,2024-03-15,2024-03-15,2024-03-25,,,0,,11,6.0,-45375.0,,,,,,yes,,False,,,0
5HD09.76,1,ESP,BB11BEDLMS2 ,,Subs Itr rel,DLMS Order,3P4W 63.5V 1-2A Cl 0.2Cl ,N2AVE,TVM HT 0.2,DK,Checklist implementation,2024-03-13,2024-03-15,2024-03-29,2024-04-02,2024-04-04,2,2.0,15,9.0,5.0,3.0,,,BHR,,,,False,,,0
CBO019.00,0,Adani,APEPDCL  4G,4G,Withdrawn,DLMS Order, 3P4W LTWC Cl 1.0 10-60A,CHRONAS,SMART,,New firmware,2024-03-15,2024-03-15,,,,0,,-45365,,1.0,,,,,,yes,,False,,,0
nLo030.07,7,Techno,MPPKVVCL Indore ,(w/o DI),Withdrawn,DLMS Order,"3P4W LTCT 240V 5-10A,",NORTEM,SMART,,Bug fixed and CR changes,2024-01-04,2024-03-15,,,,0,,-45365,,1.0,,,,,,,,False,,,0
nLo031.07,7,Techno,MPPKVVCL Indore ,DI,Withdrawn,DLMS Order,"3P4W LTCT 240V 5-10A,",NORTEM,SMART,VK,Bug fixed and CR changes,2024-01-04,2024-03-15,2024-03-25,,,0,,11,7.0,-45375.0,,,,,,,,False,,,0
RH43.00,0,GMR,DVVNL,,Withdrawn,DLMS Order,"1PH 10-60A,  Cl.1.0",CYGNUS,SMART,,New firmware,2024-03-15,2024-03-15,,,,0,,-45365,,1.0,,,,,,yes,,False,,,0
CBO018.00,1,Adani,NBPDCL ,,Subs Itr rel,DLMS Order, 3P4W LTWC Cl 1.0 10-60A,CHRONAS,SMART,San,New firmware,2024-03-15,2024-03-15,2024-03-21,2024-03-28,2024-03-29,1,1.0,7,4.0,8.0,6.0,,,AM,,yes,,False,,,0
CBO020.00,0,Intellismart,DGVCL,,Subs Itr rel,DLMS Order, 3P4W LTWC Cl 1.0 10-60A,CHRONAS,SMART,VK,New firmware,2024-03-15,2024-03-15,2024-04-01,2024-04-05,2024-04-08,3,1.0,18,12.0,5.0,5.0,,,SAN,,yes,,False,,,0
HHo002.07,7,Techno,MPPKVVCL Indore ,,Subs Itr rel,DLMS Order, 3P4W HTCT Cl 0.2 5-10A,NORTEM,SMART,AVM,bug fixed,2024-01-19,2024-03-15,2024-03-20,2024-03-21,,-45372,,6,3.0,2.0,2.0,,,,,,,False,,,0
RH21.00,6,Intellismart,PVVNL ,,Subs Itr rel,DLMS Order,"1PH  LPR 10-60A,  Cl.1.0",CYGNUS,SMART,AM,bug fixed and Key changes,2023-10-31,2024-03-18,2024-03-18,2024-03-18,2024-03-19,1,1.0,1,0.0,1.0,1.0,,,BCP,,,,False,,,0
RH43.00,1,GMR,DVVNL,,Subs Itr rel,DLMS Order,"1PH 10-60A,  Cl.1.0",CYGNUS,SMART,SR,New firmware,2024-03-15,2024-03-18,2024-03-18,2024-03-21,2024-03-27,6,4.0,1,0.0,4.0,4.0,,,SS,,yes,,False,,,0
nLo040.00,0,Iskraemeco ,UGVCL,(DTR meter with DI  with 200/5 ratio),Exp Next Itr,DLMS Order,3P4W LTCT 240V 5-10A,NORTEM,SMART,AM,New firmware,2024-03-19,2024-03-19,2024-04-10,2024-04-12,,-45394,,23,15.0,3.0,2.0,,,,,yes,,False,,,0
nLo041.00,0,Iskraemeco ,UGVCL,(consumer with DI without 200/5 ratio),Subs Itr rel,DLMS Order,3P4W LTCT 240V 5-10A,NORTEM,SMART,BCP,New firmware,2024-03-19,2024-03-19,2024-04-11,2024-04-12,,-45394,,24,16.0,2.0,2.0,,,,,yes,,False,,,0
COT70.01,0,TPL,Surat,,Released,DLMS Order, 3P4W LTWC Cl 1.0 10-60A,M3R,TVM LT WC,AM,Fw modified for field change,2024-03-19,2024-03-19,2024-03-19,2024-03-21,2024-03-25,4,2.0,1,0.0,3.0,3.0,QER-108757(1),2024-03-27,DK,,,,False,,,0
CBO021.00,0,Intellismart,MGVCL,4G,Subs Itr rel,DLMS Order, 3P4W LTWC Cl 1.0 10-60A,CHRONAS,SMART,BCP,CBO013.00 RF fw converted to 4G,2024-03-19,2024-03-19,2024-03-20,2024-03-25,2024-03-28,3,3.0,2,1.0,6.0,4.0,,,AVM,,,,False,,,0
COP11.00 ,2,CESC, RAJASTHAN,,Released,DLMS Order, 3P4W LTWC Cl 1.0 10-60A,VENUS,TVM LT WC,AM,CR changes,2023-12-11,2024-03-21,2024-03-25,2024-03-26,2024-03-28,2,2.0,5,2.0,2.0,2.0,QER-109031(1),2024-04-01,BCP,,,,False,,,0
CON07.01,0,ESP,MSEDCL,,Released,DLMS Order, 3P 4W- SFF-LT 5-10A,SFF,TVM LT 0.5,SR,Pulsing correction in case of vol. failure,2024-03-22,2024-03-22,2024-03-22,2024-03-22,,-45373,,1,1.0,1.0,1.0,QER-109022(02),2024-03-25,,,,,False,,,0
nLo037.01,1,Adani,NBPDCL ,,Subs Itr rel,DLMS Order,3P4W LTCT 240V 5-10A,NORTEM,SMART,VK/SS,New firmware,2024-02-26,2024-03-22,2024-04-03,2024-04-24,2024-04-25,1,1.0,13,8.0,22.0,16.0,,,SAN,,yes,,False,,,0
UC16.00 ,2,ESP,BC7DL0  ,,Released,DLMS Order,"1Ph 5-30A , Cl.1.0",SFF,ENM,DK,CR chnages,2023-03-28,2024-03-22,2024-03-25,2024-03-25,,-45376,,4,0.0,1.0,1.0,QER-109044,2024-04-11,,,,,False,,,0
UC15.00 ,3,ESP,BC5DL0 ,,Released,DLMS Order,"1Ph 05-30A , Cl.1.0",SFF,ENM,DK,CR changes,2023-03-21,2024-03-22,2024-03-25,2024-03-25,,-45376,,4,0.0,1.0,1.0,QER-109045,2024-04-08,,,,,False,,,0
COP14.00,0,DHBVN,DHBVN,bidirection,Subs Itr rel,DLMS Order, 3P4W LTWC Cl 1.0 10-60A,VENUS,TVM LT WC,AVM,New firmware,2024-03-22,2024-03-22,2024-03-25,2024-03-28,2024-04-01,4,2.0,4,0.0,4.0,4.0,,,SAN,,yes,,False,,,0
CON07.01,1,ESP,MSEDCL,,Withdrawn,DLMS Order, 3P 4W- SFF-LT 5-10A,SFF,TVM LT 0.5,SR,bug fixed,2024-03-22,2024-03-22,2024-03-25,,,0,,4,0.0,-45375.0,,,,,,,,False,,,0
nHo038.01,1,NCC,NBPDCL,,Withdrawn,DLMS Order,3P4W HTCT 63.5V 5-10A,NORTEM,SMART,,bug fixed,2024-03-05,2024-04-12,,,,0,,-45393,,1.0,,,,,,,,False,,,0
CON08.00,1,BESCOM ,BESCOM ,,Released,DLMS Order, 3P 4W- SFF-LT 5-10A,SFF,TVM LT 0.5,AM,Bug fixed,2024-02-23,2024-04-19,2024-04-22,2024-04-22,2024-04-23,1,1.0,4,2.0,1.0,1.0,QER-109062,2024-04-24,BCP,,,,False,,,0
nHo039.01,1,Adani ,NBPDCL,,Subs Itr rel,DLMS Order,3P4W HTCT 63.5V 5-10A,NORTEM,SMART,BHR,New firmware,2024-03-25,2024-03-25,2024-04-02,2024-04-08,2024-04-17,9,5.0,9,5.0,7.0,5.0,,,AVM,,yes,,False,,,0
nLo030.08,8,Techno,MPPKVVCL Indore ,(w/o DI),Subs Itr rel,DLMS Order,"3P4W LTCT 240V 5-10A,",NORTEM,SMART,VK,Bug fixed and CR changes,2024-01-04,2024-03-25,2024-03-25,2024-03-29,,-45380,,1,0.0,5.0,5.0,,,,,,,False,,,0
nLo031.08,8,Techno,MPPKVVCL Indore ,DI,Stopped,DLMS Order,"3P4W LTCT 240V 5-10A,",NORTEM,SMART,BCP,Bug fixed and CR changes,2024-01-04,2024-03-25,2024-03-25,,,0,,1,0.0,-45375.0,,,,,,,,False,,,0
nLo035.01,1,Adani,MSEDCL,,Withdrawn,DLMS Order,3P4W LTCT 240V 5-10A,NORTEM,SMART,,New firmware,2024-02-28,2024-03-26,,,,0,,-45376,,1.0,,,,,,yes,,False,,,0
CBO016.00,1,NCC,NBPDCL,,Subs Itr rel,DLMS Order, 3P4W LTWC Cl 1.0 10-60A,CHRONAS,SMART,BCP,Bug fixed,2024-03-12,2024-03-26,2024-03-29,2024-04-02,2024-04-04,2,2.0,4,2.0,5.0,3.0,,,,,,,False,,,0
RH45.00,0,Adani,NBPDCL,Quectel,Subs Itr rel,DLMS Order,"1Ph 10-60A , Cl.1.0",CYGNUS,SMART,BHR,RH36.00 modified to use Quectel module,2024-03-26,2024-03-26,2024-03-27,2024-03-28,2024-04-02,5,3.0,2,1.0,2.0,2.0,,,SAN,,,,False,,,0
COP02.02,0,DGVCL,DGVCL,,Released,DLMS Order, 3P4W LTWC Cl 1.0 10-60A,VENUS,TVM LT WC,AM,New Firmware,2024-03-26,2024-03-26,2024-03-27,2024-03-28,2024-04-01,4,2.0,2,1.0,2.0,2.0,QER-108721(2),2024-04-11,BCP,,yes,,False,,,0
CBO015.00 ,1,Adani,MSEDCL,,Subs Itr rel,DLMS Order, 3P4W LTWC Cl 1.0 10-100A,CHRONAS,SMART,AVM,New firmware,2024-02-26,2024-03-26,2024-03-29,2024-04-03,2024-04-05,2,2.0,4,2.0,6.0,4.0,,,SAN,,yes,,False,,,0
RH31.00,1,Intellismart,MGVCL,,Withdrawn,DLMS Order,"1Ph 5-30A , Cl.1.0",CYGNUS,SMART,BCP,Bug fixed,2024-02-06,2024-03-26,2024-03-26,2024-03-29,2024-04-01,3,1.0,1,0.0,4.0,4.0,,,SR,,,,False,,,0
RH48.00,0,Adani,MSEDCL,,Withdrawn,DLMS Order,"1PH 10-60A,  Cl.1.0",CYGNUS,SMART,,New firmware,2024-03-26,2024-03-26,,,,0,,-45376,,1.0,,,,,,yes,,False,,,0
nLo031.08,8,Techno,MPPKVVCL Indore ,DI,Withdrawn,DLMS Order,"3P4W LTCT 240V 5-10A,",NORTEM,SMART,,Bug fixed and CR changes,2024-01-04,2024-03-27,,,,0,,-45377,,1.0,,,,,,,,False,,,0
CBO00902,0,Intellismart,APDCL ,,Subs Itr rel,DLMS Order, 3P4W LTWC Cl 1.0 10-60A,CHRONAS,SMART,DK,CR display changes,2024-03-27,2024-03-27,2024-03-27,2024-03-28,2024-03-29,1,1.0,1,0.0,2.0,2.0,,,SS,,,,False,,,0
RH21.00,7,Intellismart,PVVNL,,Subs Itr rel,DLMS Order,"1PH  LPR 10-60A,  Cl.1.0",CYGNUS,SMART,SS,CR changes,2023-10-31,2024-03-28,2024-03-28,2024-04-02,,-45384,,1,0.0,6.0,4.0,,,,,,,False,,,0
CBO014.01,0,Techno,MPPKVVCL Indore ,,Withdrawn,DLMS Order, 3P4W LTWC Cl 1.0 10-60A,CHRONAS,SMART,,New firmware,2024-02-06,2024-03-28,,,,0,,-45378,2.0,1.0,,,,,,yes,,False,,,0
RH51.00,0,Intellismart,MGVCL,Quectel,Exp Next Itr,DLMS Order,"1Ph 5-30A , Cl.1.0",CYGNUS,SMART,SR,RH31 converted for quectel module,2024-03-28,2024-03-28,2024-03-29,2024-04-02,2024-04-03,1,1.0,2,1.0,5.0,3.0,,,SAN,,,,False,,,0
HHo002.08,8,Techno,MPPKVVCL Indore ,,Subs Itr rel,DLMS Order, 3P4W HTCT Cl 0.2 5-10A,NORTEM,SMART,BHR,bug fixed,2024-01-19,2024-03-28,2024-03-29,2024-04-01,2024-04-08,7,4.0,2,1.0,4.0,2.0,,,VK,,,,False,,,0
5HD2N.70,1,TANGEDCO,TANGEDCO,,Subs Itr rel,DLMS Order,3P4W 63.5V 1-2A Cl 0.2Cl ,N2AVE,TVM HT 0.2,BCP,bug fixed,2024-03-13,2024-04-01,2024-04-02,2024-04-16,,-45398,,2,1.0,15.0,9.0,,,,,,,False,,,0
RH47.00,1,Adani,APEPDCL,,Subs Itr rel,DLMS Order,"1PH 10-60A,  Cl.1.0",CYGNUS,SMART,BHR,New firmware,2024-04-01,2024-04-01,2024-04-25,2024-04-30,2024-05-06,6,3.0,25,18.0,6.0,4.0,,,AVM,,yes,,False,,,0
CBO021.00,1,Intellismart,MGVCL,4G,Subs Itr rel,DLMS Order, 3P4W LTWC Cl 1.0 10-60A,CHRONAS,SMART,San,bug fixed,2024-03-19,2024-04-01,2024-04-05,2024-04-05,,-45387,,5,2.0,2.0,1.0,,,,,,,False,,,0
COP14.00,1,DHBVN,DHBVN,bidirection,Released,DLMS Order, 3P4W LTWC Cl 1.0 10-60A,VENUS,TVM LT WC,AM,bug fixed,2024-03-22,2024-04-02,2024-04-02,2024-04-03,2024-04-04,1,1.0,1,0.0,2.0,2.0,QER-109060,2024-04-23,BCP,,,,False,,,0
CBO00902,0,Intellismart,APDCL ,,Released,DLMS Order, 3P4W LTWC Cl 1.0 10-60A,CHRONAS,SMART,DK,Anomaly format changed,2024-03-27,2024-04-02,2024-04-02,2024-04-02,,-45384,,1,0.0,1.0,0.5,QER-109041(1),2024-04-05,,,,,False,,,0
RH46.00,0,Adani,APDCL,Quectel,Subs Itr rel,DLMS Order,"1Ph 5-30A , Cl.1.0",CYGNUS,SMART,SR,RH40 modified for Quectel Module & Bugs fixed ,2024-04-02,2024-04-02,2024-04-03,2024-04-05,,-45387,,2,0.0,3.0,3.0,,,,,,,False,,,0
COP13.00,1,DHBVN,DHBVN,,Released,DLMS Order, 3P4W LTWC Cl 1.0 10-60A,VENUS,TVM LT WC,DK,bug fixed,2024-03-13,2024-04-02,2024-04-02,2024-04-03,2024-04-04,1,1.0,1,0.0,2.0,2.0,QER-109061,2024-04-23,SAN,,,,False,,,0
nLo030.09,9,Techno,MPPKVVCL Indore ,(w/o DI),Subs Itr rel,DLMS Order,"3P4W LTCT 240V 5-10A,",NORTEM,SMART,,Bug fixed,2024-01-04,2024-04-05,,,,0,,-45386,,1.0,,,,,,,,False,,,0
nLo031.09,9,Techno,MPPKVVCL Indore ,DI,Subs Itr rel,DLMS Order,"3P4W LTCT 240V 5-10A,",NORTEM,SMART,San,New firmware(major changes),2024-01-04,2024-04-05,2024-04-10,2024-04-17,2024-04-19,2,2.0,6,2.0,8.0,6.0,,,BHR,,yes,,False,,,0
COC54.00 ,1,ESP,BC83GOAN2 ,,Hw Pending,DLMS Order, 3P4W LTWC Cl 1.0 10-60A,SFF,TVM LT WC,SS,New firmware,2024-02-08,2024-04-03,2024-07-04,2024-07-09,2024-07-10,1,1.0,93,60.0,6.0,4.0,,,AVM,,yes,,False,,,0
RH45.00,1,Adani,NBPDCL,,Released,DLMS Order,"1Ph 10-60A , Cl.1.0",CYGNUS,SMART,AM,Bug fixed,2024-03-26,2024-04-03,2024-04-04,2024-04-05,,-45387,,2,1.0,2.0,2.0,QER-109049,2024-04-11,SR,,,,False,,,0
CBO013.01,0,Intellismart,MGVCL,,Subs Itr rel,DLMS Order, 3P4W LTWC Cl 1.0 10-60A,CHRONAS,SMART,BCP,bug fixed,2024-04-04,2024-04-04,2024-04-04,2024-04-04,,-45386,,1,0.0,1.0,1.0,,,,,,,False,,,0
CBO016.00,2,NCC,NBPDCL,,Subs Itr rel,DLMS Order, 3P4W LTWC Cl 1.0 10-60A,CHRONAS,SMART,AVM,Bug fixed,2024-03-12,2024-04-04,2024-04-05,2024-04-05,,-45387,,2,1.0,1.0,1.0,,,BHR,,,,False,,,0
CBO014.01,0,Techno,MPPKVVCL Indore ,,Subs Itr rel,DLMS Order, 3P4W LTWC Cl 1.0 10-60A,CHRONAS,SMART,BHR,New firmware,2024-02-06,2024-04-04,2024-04-10,2024-04-12,2024-04-18,6,4.0,7,3.0,3.0,3.0,,,AM,,yes,,False,,,0
RH21.00,8,Intellismart,PVVNL,,Released,DLMS Order,"1PH  LPR 10-60A,  Cl.1.0",CYGNUS,SMART,DK,Bug fixed,2023-10-31,2024-04-04,2024-04-05,2024-04-05,,-45387,,2,1.0,1.0,1.0,QER-109043,2024-04-05,DK,,,,False,,,0
CBO013.01,1,Intellismart,MGVCL,,Released,DLMS Order, 3P4W LTWC Cl 1.0 10-60A,CHRONAS,SMART,BCP,bug fixed,2024-04-04,2024-04-05,2024-04-05,2024-04-05,,-45387,,1,0.0,1.0,1.0,QER-109032(2),2024-04-05,,,,,False,,,0
nLo033.01,1,Adani,UPCL ,4G+DI,Subs Itr rel,DLMS Order,"3P4W LTCT 240V 5-10A,",NORTEM,SMART,BHR,New firmware,2024-04-05,2024-04-05,2024-05-02,2024-05-03,2024-05-08,5,3.0,28,18.0,2.0,2.0,,,AVM,,,,False,,,0
nLo034.01,1,Adani,UPCL ,,Withdrawn,DLMS Order,"3P4W LTCT 240V 5-10A,",NORTEM,SMART,,New firmware,2024-04-05,2024-04-05,,,,0,,-45386,,1.0,,,,,,,,False,,,0
CBO021.00,2,Intellismart,MGVCL,4G,Subs Itr rel,DLMS Order, 3P4W LTWC Cl 1.0 10-60A,CHRONAS,SMART,San,bug fixed,2024-03-19,2024-04-05,2024-04-05,2024-04-08,,-45390,,1,0.0,4.0,2.0,,,,,,,False,,,0
nLo021.05,5,Adani,APDCL,DI,Withdrawn,DLMS Order,"3P4W LTCT 240V 5-10A,",NORTEM,SMART,,New firmware,2024-02-13,2024-04-05,,,,0,,-45386,,1.0,,,,,,yes,,False,,,0
nLo025.03,3,Adani,APDCL,,Withdrawn,DLMS Order,"3P4W LTCT 240V 5-10A,",NORTEM,SMART,,New firmware,2024-02-13,2024-04-05,,,,0,,-45386,,1.0,,,,,,yes,,False,,,0
RH46.00,1,Adani,APDCL,,Subs Itr rel,DLMS Order,"1Ph 5-30A , Cl.1.0",CYGNUS,SMART,SAN,bug fixed,2024-04-02,2024-04-06,2024-04-06,2024-04-07,,-45389,,1,,2.0,1.0,,,,,,,False,,,0
RH46.00,2,Adani,APDCL,,Subs Itr rel,DLMS Order,"1Ph 5-30A , Cl.1.0",CYGNUS,SMART,AM,bug fixed,2024-04-02,2024-04-07,2024-04-07,2024-04-07,2024-04-08,1,1.0,1,,1.0,1.0,,,BCP,,,,False,,,0
CAO01301,0,Techno,MPPKVVCL Indore,,Subs Itr rel,DLMS Order, 3P4W LTWC Cl 1.0 10-100A,CHRONAS,SMART,SR,New Firmware,2024-02-19,2024-04-05,2024-04-10,2024-04-19,2024-04-24,5,3.0,6,3.0,10.0,8.0,,,AM,,yes,,False,,,0
CBO021.00,3,Intellismart,MGVCL,4G,Subs Itr rel,DLMS Order, 3P4W LTWC Cl 1.0 10-60A,CHRONAS,SMART,DK,bug fixed,2024-03-19,2024-04-08,2024-04-08,2024-04-10,,-45392,,1,0.0,3.0,2.0,,,AM,,,,False,,,0
CAO01700,0,GMR,DVVNL,,Withdrawn,DLMS Order, 3P4W LTWC Cl 1.0 10-100A,CHRONAS,SMART,,New Firmware,2024-04-08,2024-04-08,,,,0,,-45389,,1.0,,,,,,yes,,False,,,0
SR82.01,0,KSEB,KSEB,,Released,DLMS Order,"1Ph 10-60A , Cl.1.0",SFF,ENM,SR,field modification(code compare),2024-04-11,2024-04-11,2024-04-19,2024-04-19,,-45401,,9,4.0,1.0,0.5,QER-109033(1),2024-04-19,,yes,,,False,,,0
RH46.00,3,Adani,APDCL,,Released,DLMS Order,"1Ph 5-30A , Cl.1.0",CYGNUS,SMART,SR,bug fixed,2024-04-02,2024-04-11,2024-04-11,2024-04-11,,-45393,,1,0.0,1.0,0.5,QER-109051(1),2024-04-17,BHR,,,,False,,,0
RH43.00,2,GMR,DVVNL,,Withdrawn,DLMS Order,"1PH 10-60A,  Cl.1.0",CYGNUS,SMART,,bug fixed and CR changes,2024-03-15,2024-04-11,,,,0,,-45392,,1.0,,,,,,,,False,,,0
CTP16.00 ,5,KSEB,KSEB,,Completed,DLMS Tender, 3P4W LTWC Cl 1.0 10-60A,VENUS,TVM LT WC,AVM,New firmware,2024-03-15,2024-04-11,2024-04-16,,,0,,6,3.0,-45397.0,,,,BCP,,yes,,False,,,0
CAO01700,1,GMR,DVVNL,,Subs Itr rel,DLMS Order, 3P4W LTWC Cl 1.0 10-100A,CHRONAS,SMART,AVM,New Firmware,2024-04-08,2024-04-12,2024-04-19,2024-04-24,2024-04-30,6,3.0,8,5.0,6.0,4.0,,,BHR,,yes,,False,,,0
CBO018.00,2,Adani,NBPDCL ,,Subs Itr rel,DLMS Order, 3P4W LTWC Cl 1.0 10-60A,CHRONAS,SMART,BHR,bug fixed,2024-03-15,2024-04-12,2024-04-16,2024-04-20,,-45402,,5,2.0,5.0,5.0,,,,,,,False,,,0
nLo040.00,1,Iskraemeco ,UGVCL,(DTR meter with DI  with 200/5 ratio),Exp Next Itr,DLMS Order,3P4W LTCT 240V 5-10A,NORTEM,SMART,AM,bug fixed,2024-03-19,2024-04-12,2024-04-12,2024-04-12,,-45394,,1,0.0,1.0,1.0,,,,,,,False,,,0
nLo041.00,1,Iskraemeco ,UGVCL,(consumer with DI without 200/5 ratio),Subs Itr rel,DLMS Order,3P4W LTCT 240V 5-10A,NORTEM,SMART,BCP,bug fixed,2024-03-19,2024-04-12,2024-04-12,2024-04-12,,-45394,,1,0.0,1.0,1.0,,,,,,,False,,,0
RH50.00,0,Techno,MPPKVVCL Indore,Quectel,Subs Itr rel,DLMS Order,"1Ph 10-60A , Cl.1.0",CYGNUS,SMART,AM/SAN,RH30 is modified for using Quectel Module & Bugs fixed ,2024-01-30,2024-04-12,2024-04-13,2024-04-13,,-45395,,2,0.0,1.0,1.0,,,,,,,False,,,0
RH43.00,3,GMR,DVVNL,,Subs Itr rel,DLMS Order,"1PH 10-60A,  Cl.1.0",CYGNUS,SMART,AM,bug fixed and CR changes,2024-03-15,2024-04-12,2024-04-16,2024-04-18,2024-04-22,4,2.0,5,2.0,3.0,3.0,,,SAN,,,,False,,,0
RH53.00,0,TPCL,TPCL,,Subs Itr rel,DLMS Order,"1PH 10-60A,  Cl.1.0",CYGNUS,SMART,San,New Firmware,2024-04-12,2024-04-12,2024-05-10,2024-05-16,2024-05-20,4,,29,19.0,7.0,5.0,,,BHR,,yes,,False,,,0
RH50.00,1,Techno,MPPKVVCL Indore,,Subs Itr rel,DLMS Order,"1Ph 10-60A , Cl.1.0",CYGNUS,SMART,AVM,bug fixed,2024-01-30,2024-04-15,2024-04-15,2024-04-15,,-45397,,1,0.0,1.0,1.0,,,,,,,False,,,0
HHo002.09,9,Techno,MPPKVVCL Indore ,,Subs Itr rel,DLMS Order, 3P4W HTCT Cl 0.2 5-10A,NORTEM,SMART,BHR,bug fixed,2024-01-19,2024-04-15,2024-04-15,2024-04-15,,-45397,,1,0.0,1.0,1.0,,,,,,,False,,,0
HHo004.01,1,Adani,MSEDCL,,Subs Itr rel,DLMS Order, 3P4W HTCT Cl 0.5 5-10A,NORTEM,SMART,VK,New Firmware,2024-04-15,2024-04-15,2024-04-30,2024-05-08,2024-05-09,1,1.0,16,10.0,9.0,7.0,,,SAN,,yes,,False,,,0
RH21.01,0,Intellismart,PVVNL,,Withdrawn,DLMS Order,"1PH  LPR 10-60A,  Cl.1.0",CYGNUS,SMART,BCP,CR changes,2024-04-15,2024-04-15,2024-04-22,,,0,,8,5.0,-45403.0,,,,,,,,False,,,0
RH50.00,2,Techno,MPPKVVCL Indore,,Released,DLMS Order,"1Ph 10-60A , Cl.1.0",CYGNUS,SMART,San,bug fixed,2024-01-30,2024-04-15,2024-04-15,2024-04-15,,-45397,,1,0.0,1.0,1.0,QER-109053,2024-04-16,AVM,,,,False,,,0
RH35.00,1,Adani,EEPL,,Subs Itr rel,DLMS Order,"1Ph 10-60A , Cl.1.0",CYGNUS,SMART,DK,bug fixed,2024-02-19,2024-04-15,2024-05-06,2024-05-06,,-45418,,22,13.0,1.0,1.0,,,SS,,,,False,,,0
5HD09.76,2,ESP,BB11BEDLMS2 ,,Released,DLMS Order,3P4W 63.5V 1-2A Cl 0.2Cl ,N2AVE,TVM HT 0.2,BCP,bug fixed,2024-03-13,2024-04-15,2024-04-16,2024-04-16,2024-04-19,3,2.0,2,1.0,1.0,0.5,QER-109056,2024-04-19,AVM,,,,False,,,0
RH54.00,0,ESP, Innologics ,,Released,DLMS Order,"1Ph 10-60A , Cl.1.0",CYGNUS,SMART,BCP,RH26 converted for CR changes,2024-04-17,2024-04-17,2024-04-19,2024-04-19,2024-04-23,4,2.0,3,1.0,1.0,0.5,QER-109059(1),2024-04-23,AVM,,,,False,,,0
5HD2N.70,2,TANGEDCO,TANGEDCO,,Subs Itr rel,DLMS Order,3P4W 63.5V 1-2A Cl 0.2Cl ,N2AVE,TVM HT 0.2,BCP,RS232 battery mode enable,2024-03-13,2024-04-17,2024-04-17,2024-04-17,2024-04-19,2,2.0,1,0.0,1.0,0.5,,,SAN,,,,False,,,0
nLo040.04,4,Iskraemeco ,UGVCL,(DTR meter with DI  with 200/5 ratio),Exp Next Itr,DLMS Order,3P4W LTCT 240V 5-10A,NORTEM,SMART,BCP,bug fixed,2024-03-19,2024-04-17,2024-04-17,2024-04-18,,-45400,,1,0.0,2.0,2.0,,,,,,,False,,,0
nLo041.04,4,Iskraemeco ,UGVCL,(consumer with DI without 200/5 ratio),Subs Itr rel,DLMS Order,3P4W LTCT 240V 5-10A,NORTEM,SMART,BCP,bug fixed,2024-03-19,2024-04-17,2024-04-17,2024-04-18,,-45400,,1,,2.0,2.0,,,,,,,False,,,0
nLo021.06,6,Adani,APDCL,DI,Subs Itr rel,DLMS Order,"3P4W LTCT 240V 5-10A,",NORTEM,SMART,San,New firmware,2024-02-13,2024-04-17,2024-04-18,2024-04-24,2024-04-25,1,1.0,2,1.0,7.0,5.0,,,SS,,yes,,False,,,0
nLo025.04,4,Adani,APDCL,,Withdrawn,DLMS Order,"3P4W LTCT 240V 5-10A,",NORTEM,SMART,,New firmware,2024-02-13,2024-04-17,,,,0,,-45398,,1.0,,,,,,yes,,False,,,0
nLo035.02,2,Adani,MSEDCL,,Subs Itr rel,DLMS Order,"3P4W LTCT 240V 5-10A,",NORTEM,SMART,BCP/SAN,New firmware,2024-04-17,2024-04-17,2024-04-29,2024-05-06,2024-05-07,1,1.0,13,6.0,8.0,6.0,,,BHR,,yes,,False,,,0
CBO017.00,1,Adani,APDCL,,Subs Itr rel,DLMS Order, 3P4W LTWC Cl 1.0 10-60A,CHRONAS,SMART,BCP,New firmware,2024-03-12,2024-04-19,2024-05-09,2024-05-14,2024-05-16,2,2.0,21,14.0,6.0,4.0,,,AVM,,yes,,False,,,0
RH56.00,0,Adani,NBPDCL ,,Released,DLMS Order,"1Ph 10-60A , Cl.1.0",CYGNUS,SMART,BCP,CR change,2024-04-19,2024-04-19,2024-04-19,2024-04-19,2024-04-22,3,1.0,1,0.0,1.0,0.5,QER-109063,2024-04-24,SR,,,,False,,,0
RH48.00,1,Adani,MSEDCL,,Subs Itr rel,DLMS Order,"1PH 10-60A,  Cl.1.0",CYGNUS,SMART,BHR,New firmware,2024-03-26,2024-04-19,2024-04-20,2024-04-24,2024-04-26,2,2.0,2,1.0,5.0,3.0,,,AVM,,yes,,False,,,0
UR09.00 ,1,WM101BC5DLMSC ,WM101BC5DLMSC ,,Released,DLMS Order,"1Ph 5-30A , Cl.1.0",MERCURY,ENM,DK,New firmware  Platform conversion,2024-04-19,2024-04-19,2024-07-15,2024-07-19,2024-07-23,4,2.0,88,45.0,5.0,4.0,109207,2024-08-27,VN,,yes,,False,,,0
nLo031.10,10,Techno,MPPKVVCL Indore ,DI,Subs Itr rel,DLMS Order,"3P4W LTCT 240V 5-10A,",NORTEM,SMART,BCP,bug fixed,2024-01-04,2024-04-19,2024-04-20,2024-04-20,2024-04-22,2,2.0,2,1.0,1.0,1.0,,,BHR,,,,False,,,0
nLo030.10,10,Techno,MPPKVVCL Indore ,(w/o DI),Subs Itr rel,DLMS Order,"3P4W LTCT 240V 5-10A,",NORTEM,SMART,,bug fixed,2024-01-04,2024-04-19,,,,0,,-45400,,1.0,,,,,,,,False,,,0
RH49.00,0,Intellismart,DGVCL,Quectel,Withdrawn,DLMS Order,"1Ph 10-60A , Cl.1.0",CYGNUS,SMART,,RH33 is modified for using Quectel Module & Bugs fixed ,2024-04-19,2024-04-19,,,,0,,-45400,,1.0,,,,,,,,False,,,0
RH14.01,0,APDCL,Purbanchal ,,Subs Itr rel,DLMS Order,"1Ph 10-60A , Cl.1.0",CYGNUS,SMART,AM,CR changes,2024-04-19,2024-04-19,2024-04-25,2024-04-25,,-45407,,7,3.0,1.0,1.0,,,,,,,False,,,0
RH21.01,1,Intellismart,PVVNL,,Released,DLMS Order,"1PH  LPR 10-60A,  Cl.1.0",CYGNUS,SMART,BCP,CR changes,2024-04-22,2024-04-22,2024-04-23,2024-04-23,2024-04-25,2,2.0,2,1.0,1.0,1.0,QER-109065 ,2024-04-25,AVM,,,,False,,,0
nLo040.05,5,Iskraemeco ,UGVCL,(DTR meter with DI  with 200/5 ratio),Exp Next Itr,DLMS Order,3P4W LTCT 240V 5-10A,NORTEM,SMART,BCP,bug fixed,2024-03-19,2024-04-22,2024-04-25,2024-04-25,2024-04-30,5,2.0,4,2.0,1.0,1.0,,,,,,,False,,,0
nLo041.05,5,Iskraemeco ,UGVCL,(consumer with DI without 200/5 ratio),Subs Itr rel,DLMS Order,3P4W LTCT 240V 5-10A,NORTEM,SMART,BCP,bug fixed,2024-03-19,2024-04-22,2024-04-25,2024-04-25,2024-04-30,5,2.0,4,2.0,1.0,1.0,,,,,,,False,,,0
nHo039.03,3,Adani ,NBPDCL ,,Withdrawn,DLMS Order,3P4W HTCT 63.5V 5-10A,NORTEM,SMART,,bug fixed,2024-03-25,2024-04-22,2024-04-23,,,0,,2,1.0,-45404.0,,,,,,,,False,,,0
RH46.01,0,Adani,APDCL,,Released,DLMS Order,"1Ph 5-30A , Cl.1.0",CYGNUS,SMART,AM,bug fixed,2024-04-22,2024-04-22,2024-04-23,2024-04-23,2024-04-24,1,1.0,2,1.0,1.0,1.0,QER-109051(2),2024-04-24,AVM,,,,False,,,0
RH49.00,1,Intellismart,DGVCL,Quectel,Released,DLMS Order,"1Ph 10-60A , Cl.1.0",CYGNUS,SMART,BCP,RH33 is modified for using Quectel Module & Bugs fixed ,2024-04-19,2024-04-22,2024-05-07,2024-05-08,2024-05-13,5,2.0,16,8.0,2.0,2.0,QER-109145,2024-06-21,AVM,,,,False,,,0
nHo039.04,4,Adani ,NBPDCL,,Subs Itr rel,DLMS Order,3P4W HTCT 63.5V 5-10A,NORTEM,SMART,BCP,bug fixed,2024-03-25,2024-04-23,2024-04-23,2024-04-24,,-45406,,1,0.0,2.0,2.0,,,,,,,False,,,0
HHo002.10,10,Techno,MPPKVVCL Indore ,,Released,DLMS Order, 3P4W HTCT Cl 0.2 5-10A,NORTEM,SMART,BCP,bug fixed,2024-01-19,2024-04-24,2024-04-24,2024-04-24,2024-04-29,5,2.0,1,0.0,1.0,1.0,109091,2024-05-17,AM,,,,False,,,0
RH43.00,4,GMR,DVVNL,,Subs Itr rel,DLMS Order,"1PH 10-60A,  Cl.1.0",CYGNUS,SMART,DK,HES related modification(code compare),2024-03-15,2024-04-24,2024-05-02,2024-05-02,,-45414,,9,4.0,1.0,1.0,,,,,,,False,,,0
RH18.02,0,Intellismart,SBPDCL,,Released,DLMS Order,"1Ph 10-60A , Cl.1.0",CYGNUS,SMART,SR,FOTA for enable LRC,2024-04-24,2024-04-24,2024-04-25,2024-04-25,,-45407,,2,1.0,1.0,1.0,108973(3),2024-06-07,BHR,,,,False,,,0
nHo039.05,5,Adani ,NBPDCL,,Subs Itr rel,DLMS Order,3P4W HTCT 63.5V 5-10A,NORTEM,SMART,AVM,bug fixed,2024-03-25,2024-04-24,2024-04-25,2024-04-25,,-45407,,2,1.0,1.0,1.0,,,,,,,False,,,0
nHo051.00,0,Adani ,APDCL,,Subs Itr rel,DLMS Order,3P4W HTCT 63.5V 5-10A,NORTEM,SMART,AVM,New firmware,2024-04-25,2024-04-25,2024-04-29,2024-05-02,2024-05-06,4,2.0,5,1.0,4.0,3.0,,,BHR,,yes,,False,,,0
CBO018.00,3,Adani,NBPDCL ,,Subs Itr rel,DLMS Order, 3P4W LTWC Cl 1.0 10-60A,CHRONAS,SMART,AM,bug fixed,2024-03-15,2024-04-25,2024-04-29,2024-05-02,,-45414,,5,2.0,4.0,3.0,,,,,,,False,,,0
CAO01600,1,Adani,AEML,Nbiot,Withdrawn,DLMS Order, 3P4W LTWC Cl 1.0 10-100A,CHRONAS,SMART,,bug fixed,2024-03-04,2024-04-25,,,,0,,-45406,,1.0,,,,,,,,False,,,0
nLo025.05,5,Adani,APDCL,,Subs Itr rel,DLMS Order,"3P4W LTCT 240V 5-10A,",NORTEM,SMART,,bug fixed,2024-04-25,2024-04-25,,,,0,,-45406,,1.0,,,,,,,,False,,,0
nLo021.08,8,Adani,APDCL,DI,Subs Itr rel,DLMS Order,"3P4W LTCT 240V 5-10A,",NORTEM,SMART,BCP,bug fixed,2024-02-13,2024-04-25,2024-04-29,2024-04-30,,-45412,,5,1.0,2.0,,,,,,,,False,,,0
nLo037.03,3,Adani,NBPDCL ,,Stopped,DLMS Order,3P4W LTCT 240V 5-10A,NORTEM,SMART,SS,bug fixed,2024-02-26,2024-04-25,2024-04-29,,,0,,5,2.0,-45410.0,,,,,,,,False,,,0
nHo039.06,6,Adani ,NBPDCL,,Subs Itr rel,DLMS Order,3P4W HTCT 63.5V 5-10A,NORTEM,SMART,SR,bug fixed,2024-03-25,2024-04-25,2024-04-29,2024-04-30,,-45412,,5,1.0,2.0,1.0,,,,,,,False,,,0
CBO014.01,1,Techno,MPPKVVCL Indore ,,Subs Itr rel,DLMS Order, 3P4W LTWC Cl 1.0 10-60A,CHRONAS,SMART,AVM,bug fixed,2024-02-06,2024-04-29,2024-05-07,2024-05-07,,-45419,,9,4.0,1.0,1.0,,,,,,,False,,,0
CBO016.00,2,NCC,NBPDCL,,Released,DLMS Order, 3P4W LTWC Cl 1.0 10-60A,CHRONAS,SMART,AVM,base fw upgrade for RTC correction,2024-03-12,2024-04-29,2024-04-29,2024-04-29,,-45411,,1,0.0,1.0,1.0,QER-109067,2024-04-29,,Yes,,,False,,,0
RH56.01,0,Adani,NBPDCL ,,Released,DLMS Order,"1Ph 10-60A , Cl.1.0",CYGNUS,SMART,BCP,field correction,2024-04-29,2024-04-29,2024-04-29,2024-04-29,,-45411,,1,0.0,1.0,0.5,QER-109063(1),2024-04-29,,Yes,,,False,,,0
CAO013.01,1,Techno,MPPKVVCL Indore,,Subs Itr rel,DLMS Order, 3P4W LTWC Cl 1.0 10-100A,CHRONAS,SMART,BHR,bug fixed,2024-02-19,2024-04-29,2024-05-06,2024-05-08,,-45420,,8,4.0,3.0,3.0,,,,,,,False,,,0
CON08.01,0,BESCOM ,BESCOM ,,Released,DLMS Order, 3P 4W- SFF-LT 5-10A,SFF,TVM LT 0.5,AM,Meter constant changed,2024-04-29,2024-04-29,2024-04-30,2024-04-30,,-45412,,2,1.0,1.0,0.5,QER-109062(1),2024-04-30,,yes,,,False,,,0
nLo031.11,11,Techno,MPPKVVCL Indore ,DI,On Hold,DLMS Order,"3P4W LTCT 240V 5-10A,",NORTEM,SMART,,Meter constant corrected,2024-01-04,2024-04-30,,,,0,,-45411,,1.0,,,,,yes,,,False,,,0
nLo030.11,11,Techno,MPPKVVCL Indore ,(w/o DI),On Hold,DLMS Order,"3P4W LTCT 240V 5-10A,",NORTEM,SMART,,Meter constant corrected,2024-01-04,2024-04-30,,,,0,,-45411,,1.0,,,,,yes,,,False,,,0
CBO020.00,1,Intellismart,DGVCL,,Subs Itr rel,DLMS Order, 3P4W LTWC Cl 1.0 10-60A,CHRONAS,SMART,San,bug fixed,2024-03-15,2024-05-06,2024-05-06,2024-05-06,,-45418,,1,0.0,1.0,1.0,,,,,,,False,,,0
nLo037.04,4,Adani,NBPDCL ,,Subs Itr rel,DLMS Order,3P4W LTCT 240V 5-10A,NORTEM,SMART,SS,bug fixed,2024-02-26,2024-04-30,2024-04-30,2024-05-02,,-45414,,1,0.0,3.0,2.0,,,,,,,False,,,0
nHo039.07,7,Adani ,NBPDCL,,Subs Itr rel,DLMS Order,3P4W HTCT 63.5V 5-10A,NORTEM,SMART,SR,bug fixed,2024-03-25,2024-04-30,2024-04-30,2024-05-02,,-45414,,1,0.0,3.0,1.0,,,,,,,False,,,0
CBO016.00,2,NCC,NBPDCL,,Released,DLMS Order, 3P4W LTWC Cl 1.0 10-60A,CHRONAS,SMART,AVM,base fw upgrade for day of the week,2024-03-12,2024-04-30,2024-04-30,2024-04-30,,-45412,,1,0.0,1.0,0.5,QER-109067(1),2024-04-30,,yes,,,False,,,0
nLo021.09,9,Adani,APDCL,DI,Released,DLMS Order,"3P4W LTCT 240V 5-10A,",NORTEM,SMART,BCP,Meter constant corrected,2024-02-13,2024-04-30,2024-04-30,2024-05-02,2024-05-03,1,1.0,1,0.0,3.0,1.0,QER-109085,2024-05-15,AM,yes,,,False,,,0
nLo025.06,6,Adani,APDCL,,Withdrawn,DLMS Order,"3P4W LTCT 240V 5-10A,",NORTEM,SMART,,Bug fixed,2024-04-25,2024-04-30,,,,0,,-45411,13.0,1.0,,,,,,,,False,,,0
CAO01700,2,GMR,DVVNL,,Subs Itr rel,DLMS Order, 3P4W LTWC Cl 1.0 10-100A,CHRONAS,SMART,SR,bug fixed,2024-04-08,2024-04-30,2024-05-08,2024-05-13,,-45425,,9,5.0,6.0,4.0,,,,,,,False,,,0
CAO01900,2,Intellismart,MGVCL,4G,Withdrawn,DLMS Order, 3P4W LTWC Cl 1.0 10-100A,CHRONAS,SMART,,New firmware,2024-05-02,2024-05-02,,,,0,,-45413,,1.0,,,,,,yes,,False,,,0
nHo039.08,8,Adani ,NBPDCL,,Subs Itr rel,DLMS Order,3P4W HTCT 63.5V 5-10A,NORTEM,SMART,SR,bug fixed,2024-03-25,2024-05-02,2024-05-02,2024-05-02,,-45414,,1,0.0,1.0,0.5,,,,,,,False,,,0
CAO02000,2,Intellismart,MGVCL,RF(cyan),Withdrawn,DLMS Order, 3P4W LTWC Cl 1.0 10-100A,CHRONAS,SMART,,New firmware,2024-05-02,2024-05-02,,,,0,,-45413,,1.0,,,,,,yes,,False,,,0
RH57.00,0,NCC,NBPDCL,Quectel,Released,DLMS Order,"1Ph 10-60A , Cl.1.0",CYGNUS,SMART,DK,RH37.02 modified  for  Quectel module ,2024-05-02,2024-05-02,2024-05-30,2024-06-03,2024-06-05,2,2.0,29,18.0,5.0,3.0,109123,2024-06-06,BCP,,,,False,,,0
CBO018.00,4,Adani,NBPDCL ,,Subs Itr rel,DLMS Order, 3P4W LTWC Cl 1.0 10-60A,CHRONAS,SMART,SS,New firmware,2024-03-15,2024-05-03,2024-05-06,2024-05-10,,-45422,,4,2.0,5.0,5.0,,,,,yes,,False,,,0
nLo037.05,5,Adani,NBPDCL ,,Released,DLMS Order,3P4W LTCT 240V 5-10A,NORTEM,SMART,SS,bug fixed,2024-02-26,2024-05-03,2024-05-03,2024-05-03,,-45415,,1,0.0,1.0,1.0,QER 109076,2024-05-09,BHR,,,,False,,,0
nHo039.09,9,Adani ,NBPDCL,,Subs Itr rel,DLMS Order,3P4W HTCT 63.5V 5-10A,NORTEM,SMART,DK,bug fixed,2024-03-25,2024-05-03,2024-05-03,2024-05-03,,-45415,,1,0.0,1.0,1.0,,,VK,,,,False,,,0
RH48.00,2,Adani,MSEDCL,Quectel,Subs Itr rel,DLMS Order,"1PH 10-60A,  Cl.1.0",CYGNUS,SMART,SR,bug fixed and  Quectel Module,2024-03-26,2024-05-03,2024-05-06,2024-05-07,2024-05-09,2,2.0,4,2.0,2.0,2.0,,,BHR,,,,False,,,0
RH14.01,1,APDCL,Purbanchal ,,Subs Itr rel,DLMS Order,"1Ph 10-60A , Cl.1.0",CYGNUS,SMART,AM,CR changes,2024-04-19,2024-05-03,2024-05-07,2024-05-08,,-45420,,5,3.0,2.0,2.0,,,,,,,False,,,0
RH51.00,1,Intellismart,MGVCL,,Stopped,DLMS Order,"1Ph 5-30A , Cl.1.0",CYGNUS,SMART,BHR,CR changes,2024-03-28,2024-05-06,2024-05-08,2024-05-10,,-45422,,3,1.0,3.0,,,,,,,,False,,,0
nLo030.12,12,Techno,MPPKVVCL Indore ,(w/o DI),Subs Itr rel,DLMS Order,"3P4W LTCT 240V 5-10A,",NORTEM,SMART,BCP,Meter constant corrected and bug fixed,2024-01-04,2024-05-06,2024-05-20,2024-05-20,,-45432,,15,8.0,1.0,1.0,,,,YES,,,False,,,0
nLo031.12,12,Techno,MPPKVVCL Indore ,DI,Released,DLMS Order,"3P4W LTCT 240V 5-10A,",NORTEM,SMART,DK,Meter constant corrected and bug fixed,2024-01-04,2024-05-06,2024-05-07,2024-05-07,,-45419,,2,1.0,1.0,1.0,109092,2024-05-17,SR,,,,False,,,0
RH44.00,0,Intellismart,PVVNL,4GQuectel,Subs Itr rel,DLMS Order,"1Ph 4G 10-60A , Cl.1.0",CYGNUS,SMART,DK,Bug fixed of RH23.00 REL05 and  modified to use Quectel module ,2024-05-07,2024-05-07,2024-05-17,2024-05-21,,-45433,,11,6.0,5.0,3.0,,,SS,,,,False,,,0
nHo051.03,3,Adani ,APDCL,,Subs Itr rel,DLMS Order,3P4W HTCT 63.5V 5-10A,NORTEM,SMART,San,bug fixed,2024-04-25,2024-05-07,2024-05-07,2024-05-09,,-45421,,1,0.0,3.0,3.0,,,,,,,False,,,0
nLo056.00,0,Adani,EEPL,,Subs Itr rel,DLMS Order,3P4W LTCT 240V 5-10A,NORTEM,SMART,DK,nLo027.12 FW modified for Cr changes and bug fixing,2024-05-07,2024-05-07,2024-05-08,2024-05-08,2024-05-10,2,2.0,2,1.0,1.0,1.0,,,BCP,,,,False,,,0
nLo036.02,2,NCC, NBPDCL ,,Subs Itr rel,DLMS Order,3P4W LTCT 240V 5-10A,NORTEM,SMART,AVM,bug fixed,2024-02-26,2024-05-07,2024-05-08,2024-05-10,,-45422,,2,1.0,3.0,3.0,,,,,,,False,,,0
nLo035.03,3,Adani,MSEDCL,,Subs Itr rel,DLMS Order,"3P4W LTCT 240V 5-10A,",NORTEM,SMART,VK,bug fixed,2024-04-17,2024-05-08,2024-05-10,2024-05-13,,-45425,,3,1.0,4.0,2.0,,,,,,,False,,,0
CAO01900,3,Intellismart,MGVCL,4G,Withdrawn,DLMS Order, 3P4W LTWC Cl 1.0 10-100A,CHRONAS,SMART,,New firmware,2024-05-02,2024-05-08,,,,0,,-45419,,1.0,,,,,,yes,,False,,,0
CAO02000,3,Intellismart,MGVCL,RF(cyan),Withdrawn,DLMS Order, 3P4W LTWC Cl 1.0 10-100A,CHRONAS,SMART,,New firmware,2024-05-02,2024-05-08,,,,0,,-45419,,1.0,,,,,,yes,,False,,,0
nHo039.10,10,Adani ,NBPDCL,,Released,DLMS Order,3P4W HTCT 63.5V 5-10A,NORTEM,SMART,DK,bug fixed(code compare),2024-03-25,2024-05-09,2024-05-09,2024-05-09,,-45421,,1,0.0,1.0,0.5,QER-109069,2024-05-10,,yes,,,False,,,0
nHo051.04,4,Adani ,APDCL,,Released,DLMS Order,3P4W HTCT 63.5V 5-10A,NORTEM,SMART,BHR,bug fixed,2024-04-25,2024-05-09,2024-05-13,2024-05-13,2024-05-14,1,1.0,5,2.0,1.0,1.0,QER-109087(1),2024-05-16,SS,,,,False,,,0
nHo038.02,2,NCC,NBPDCL,,Exp Next Itr,DLMS Order,3P4W HTCT 63.5V 5-10A,NORTEM,SMART,AM,New firmware,2024-03-05,2024-05-09,2024-06-13,2024-06-14,2024-06-17,3,1.0,36,22.0,2.0,2.0,,,SAN,,yes,,False,,,0
RH43.00,4,GMR,DVVNL,,Released,DLMS Order,"1PH 10-60A,  Cl.1.0",CYGNUS,SMART,DK,CR changes for push(itr kept same as previous),2024-03-15,2024-05-09,2024-05-10,2024-05-10,,-45422,,2,1.0,1.0,1.0,108735,2024-05-16,,,,,False,,,0
nHo055.00,0,Iskraemeco ,UGVCL,,Exp Next Itr,DLMS Order,3P4W HTCT 63.5V 5-10A,NORTEM,SMART,AM/AVM,New firmware,2024-05-10,2024-05-10,2024-05-16,2024-05-21,,-45433,,7,5.0,6.0,4.0,,,SAN,,yes,,False,,,0
CBO022.00,0,Intellismart,SBPDCL,,Withdrawn,DLMS Order, 3P4W LTWC Cl 1.0 10-60A,CHRONAS,SMART,,New firmware,2024-05-10,2024-05-10,,,,0,,-45421,,1.0,,,,,,yes,,False,,,0
CBO021.00,3,Intellismart,MGVCL,4G,Released,DLMS Order, 3P4W LTWC Cl 1.0 10-60A,CHRONAS,SMART,AM,RTC deviation bug fixed(code compare),2024-03-19,2024-05-10,2024-05-10,2024-05-10,,-45422,,1,,1.0,0.5,109089,2024-05-16,,yes,,,False,,,0
RH14.02,2,APDCL,Purbanchal ,,Released,DLMS Order,"1Ph 10-60A , Cl.1.0",CYGNUS,SMART,AM,Bug fixed,2024-04-19,2024-05-10,2024-05-10,2024-05-13,2024-05-14,1,1.0,1,0.0,4.0,2.0,108992(1),2024-05-17,DK,,,,False,,,0
CBO023.00,0,Adani,UPCL ,4G,Subs Itr rel,DLMS Order, 3P4W LTWC Cl 1.0 10-60A,CHRONAS,SMART,AVM,New firmware,2024-05-10,2024-05-10,2024-05-13,2024-05-15,2024-05-16,1,1.0,4,1.0,3.0,3.0,,,,,yes,,False,,,0
CBO014.01,2,Techno,MPPKVVCL Indore ,,Subs Itr rel,DLMS Order, 3P4W LTWC Cl 1.0 10-60A,CHRONAS,SMART,DK,bug fixed,2024-02-06,2024-05-10,2024-05-13,2024-05-13,,-45425,,4,1.0,1.0,1.0,,,,,,,False,,,0
CAO013.01,2,Techno,MPPKVVCL Indore,,Subs Itr rel,DLMS Order, 3P4W LTWC Cl 1.0 10-100A,CHRONAS,SMART,SS,bug fixed,2024-02-19,2024-05-10,2024-05-13,2024-05-16,,-45428,,4,1.0,4.0,4.0,,,,,,,False,,,0
RH60.00,0,Intellismart,SBPDCL,Quectel,Released,DLMS Order,"1Ph 10-60A , Cl.1.0",CYGNUS,SMART,ABK,RH20.00 Rel: 02 modification for Quectel EC200U module ,2024-05-10,2024-05-10,2024-05-22,2024-05-30,2024-06-03,4,2.0,13,8.0,9.0,6.0,QER -109125,2024-06-07,AVM,,,,False,,,0
RH48.00,3,Adani,MSEDCL,,Released,DLMS Order,"1PH 10-60A,  Cl.1.0",CYGNUS,SMART,SR,bug fixed,2024-03-26,2024-05-13,2024-05-14,2024-05-14,,-45426,,2,0.0,1.0,1.0,QER-109084,2024-05-15,,yes,,,False,,,0
nLo036.03,3,NCC, NBPDCL ,,Released,DLMS Order,3P4W LTCT 240V 5-10A,NORTEM,SMART,DK,bug fixed,2024-02-26,2024-05-13,2024-05-13,2024-05-14,,-45426,,1,0.0,2.0,2.0,109088,2024-05-16,BCP,,,,False,,,0
RH58.00,0,Adani,UPCL ,Quectel,Subs Itr rel,DLMS Order,"1PH 10-60A,  Cl.1.0",CYGNUS,SMART,BHR,New firmware,2024-05-13,2024-05-13,2024-05-14,2024-05-16,2024-05-21,5,2.0,2,1.0,3.0,3.0,,,SAN,,yes,,False,,,0
RH06.02,0,JKPDD ,JKPDD ,,Subs Itr rel,DLMS Order,"1PH 10-60A,  Cl.1.0",CYGNUS,SMART,BCP,field issue corrected,2024-05-13,2024-05-13,2024-05-21,2024-05-22,,-45434,,9,6.0,2.0,2.0,,,,,,,False,,,0
CBO015.00 ,3,Adani,MSEDCL,,Subs Itr rel,DLMS Order, 3P4W LTWC Cl 1.0 10-100A,CHRONAS,SMART,VK,bug fixed,2024-02-26,2024-05-13,2024-05-14,2024-05-16,,-45428,,2,0.0,3.0,3.0,,,,,,,False,,,0
nLo033.02,2,Adani,UPCL ,4G+DI,Subs Itr rel,DLMS Order,"3P4W LTCT 240V 5-10A,",NORTEM,SMART,SR,bug fixed,2024-04-05,2024-05-14,2024-05-15,2024-05-16,,-45428,,2,1.0,2.0,2.0,,,,,,,False,,,0
nLo034.02,2,Adani,UPCL ,,Withdrawn,DLMS Order,"3P4W LTCT 240V 5-10A,",NORTEM,SMART,,New firmware,2024-04-05,2024-05-14,,,,0,,-45425,,1.0,,,,,,yes,,False,,,0
HHo004.03,3,Adani,MSEDCL,,Subs Itr rel,DLMS Order, 3P4W HTCT Cl 0.5 5-10A,NORTEM,SMART,BCP,bug fixed,2024-04-15,2024-05-14,2024-05-15,2024-05-16,2024-05-27,11,,2,1.0,2.0,2.0,,,SR,,,,False,,,0
CAO01700,3,GMR,DVVNL,,Subs Itr rel,DLMS Order, 3P4W LTWC Cl 1.0 10-100A,CHRONAS,SMART,VN,bug fixed,2024-04-08,2024-05-14,2024-05-15,2024-05-16,,-45428,,2,1.0,2.0,2.0,,,,,,,False,,,0
nLo035.04,4,Adani,MSEDCL,,Subs Itr rel,DLMS Order,"3P4W LTCT 240V 5-10A,",NORTEM,SMART,DK,bug fixed,2024-04-17,2024-05-15,2024-05-15,2024-05-16,,-45428,,1,0.0,2.0,2.0,,,AVM,,,,False,,,0
CBO018.00,5,Adani,NBPDCL ,,Subs Itr rel,DLMS Order, 3P4W LTWC Cl 1.0 10-60A,CHRONAS,SMART,AVM,bug fixed,2024-03-15,2024-05-15,2024-05-16,2024-05-17,,-45429,,2,1.0,2.0,2.0,,,,,,,False,,,0
RH29.01,0,BCITS,Indore,,Released,DLMS Order,"1Ph 10-60A , Cl.1.0",CYGNUS,SMART,BCP,CR changes,2024-03-15,2024-05-15,2024-05-16,2024-05-16,,-45428,,2,1.0,1.0,1.0,QER-108994(1),2024-05-20,AVM,,,,False,,,0
RH51.00,2,Intellismart,MGVCL,,Released,DLMS Order,"1Ph 5-30A , Cl.1.0",CYGNUS,SMART,San,CR changes,2024-03-28,2024-05-15,2024-05-16,2024-05-17,,-45429,,2,1.0,2.0,2.0,QER-109093,2024-05-20,SR,,,,False,,,0
nLo041.06,6,Iskraemeco ,UGVCL,(consumer with DI without 200/5 ratio),Subs Itr rel,DLMS Order,3P4W LTCT 240V 5-10A,NORTEM,SMART,SS,bug fixed,2024-03-19,2024-05-15,2024-05-16,2024-05-22,,-45434,,2,1.0,7.0,5.0,,,,,,,False,,,0
CBO023.00,2,Adani,UPCL ,4G,Subs Itr rel,DLMS Order, 3P4W LTWC Cl 1.0 10-60A,CHRONAS,SMART,BHR,bug fixed,2024-05-10,2024-05-16,2024-05-17,2024-05-20,,-45432,,2,1.0,4.0,2.0,,,,,,,False,,,0
nLo033.03,3,Adani,UPCL ,4G+DI,Subs Itr rel,DLMS Order,"3P4W LTCT 240V 5-10A,",NORTEM,SMART,SR,bug fixed,2024-04-05,2024-05-16,2024-05-17,2024-05-20,,-45432,,2,0.0,4.0,2.0,,,SAN,,,,False,,,0
nLo034.03,3,Adani,UPCL ,,Stopped,DLMS Order,"3P4W LTCT 240V 5-10A,",NORTEM,SMART,San,New firmware,2024-04-05,2024-05-16,2024-05-20,,,0,,5,2.0,-45431.0,,,,,,yes,,False,,,0
RH59.00,1,Intellismart,APDCL,,Subs Itr rel,DLMS Order,"1Ph 5-30A , Cl.1.0",CYGNUS,SMART,San,New firmware,2024-05-16,2024-05-16,2024-05-30,2024-06-04,2024-06-05,1,1.0,15,8.0,6.0,4.0,,,SR,,yes,,False,,,0
CAO01700,3,GMR,DVVNL,,Subs Itr rel,DLMS Order, 3P4W LTWC Cl 1.0 10-100A,CHRONAS,SMART,VK,bug fixed,2024-04-08,2024-05-17,2024-05-17,2024-05-17,,-45429,,1,0.0,1.0,1.0,,,,,,,False,,,0
nLo056.01,1,Adani,EEPL,,Released,DLMS Order,3P4W LTCT 240V 5-10A,NORTEM,SMART,VN,CR change(MD IP),2024-05-07,2024-05-17,2024-05-20,2024-05-21,,-45433,,4,2.0,2.0,2.0,QER-109095,2024-05-21,DK,,,,False,,,0
CBO017.00,2,Adani,APDCL,,Subs Itr rel,DLMS Order, 3P4W LTWC Cl 1.0 10-60A,CHRONAS,SMART,SR,bug fixed,2024-03-12,2024-05-17,2024-05-20,2024-05-20,,-45432,,4,2.0,1.0,1.0,,,SS,,,,False,,,0
CBO021.01,0,Intellismart,MGVCL,4G,Subs Itr rel,DLMS Order, 3P4W LTWC Cl 1.0 10-60A,CHRONAS,SMART,VN,modification for Quectel EC200U module ,2024-05-17,2024-05-17,2024-05-20,2024-05-20,,-45432,,4,2.0,1.0,1.0,,,,,,,False,,,0
nLo035.05,5,Adani,MSEDCL,,Released,DLMS Order,"3P4W LTCT 240V 5-10A,",NORTEM,SMART,VK,bug fixed,2024-04-17,2024-05-17,2024-05-20,2024-05-20,,-45432,,4,2.0,1.0,1.0,QER-109096,2024-05-22,SAN,,,,False,,,0
CBO015.00 ,5,Adani,MSEDCL,,Subs Itr rel,DLMS Order, 3P4W LTWC Cl 1.0 10-100A,CHRONAS,SMART,ABK,bug fixed,2024-02-26,2024-05-20,2024-05-20,2024-05-20,,-45432,,1,0.0,1.0,3.0,,,AVM,,,,False,,,0
NHO051.05,5,Adani ,APDCL,,Released,DLMS Order,3P4W HTCT 63.5V 5-10A,NORTEM,SMART,VK,Conversion from D4 to D3,2024-05-20,2024-05-20,2024-05-21,2024-05-22,,-45434,,2,2.0,2.0,2.0,QER-109087(2),2024-05-24,AVM,,,,False,,,0
RH50.01,0,Techno,MPPKVVCL Indore,,Released,DLMS Order,"1Ph 10-60A , Cl.1.0",CYGNUS,SMART,AM,Field issue corrected,2024-05-20,2024-05-20,2024-05-21,2024-05-21,2024-05-23,2,1.0,2,1.0,1.0,1.0,QER-109053(1),2024-05-24,DK,,,,False,,,0
CBO014.01,2,Techno,MPPKVVCL Indore ,,Withdrawn,DLMS Order, 3P4W LTWC Cl 1.0 10-60A,CHRONAS,SMART,AM,bug fixed,2024-02-06,2024-05-20,2024-05-21,,,0,,2,1.0,-45432.0,,,,,,,,False,,,0
CAO013.01,3,Techno,MPPKVVCL Indore,,Withdrawn,DLMS Order, 3P4W LTWC Cl 1.0 10-100A,CHRONAS,SMART,VN,bug fixed,2024-02-19,2024-05-20,2024-05-21,,,0,,2,1.0,-45432.0,,,,,,,,False,,,0
CBO018.00,5,Adani,NBPDCL ,,Withdrawn,DLMS Order, 3P4W LTWC Cl 1.0 10-60A,CHRONAS,SMART,,bug fixed,2024-03-15,2024-05-20,2024-05-21,,,0,,2,1.0,-45432.0,,,,,yes,,,False,,,0
RH35.00,2,Adani,EEPL,,Released,DLMS Order,"1Ph 10-60A , Cl.1.0",CYGNUS,SMART,VN,bug fixed,2024-02-19,2024-05-21,2024-05-23,2024-05-24,,-45436,,3,2.0,2.0,2.0,QER-109101(1),2024-05-27,,,,,False,,,0
RH61.00,0,GMR,PuVVNL,,Released,DLMS Order,"1PH 10-60A,  Cl.1.0",CYGNUS,SMART,VN,RH43.00 FW modified ,2024-05-21,2024-05-21,2024-05-22,2024-05-22,,-45434,,2,1.0,1.0,1.0,QER-109100,2024-05-22,AM,,,,False,,,0
5HD2N.70,3,TANGEDCO,TANGEDCO,,Released,DLMS Order,3P4W 63.5V 1-2A Cl 0.2Cl ,N2AVE,TVM HT 0.2,DK,CR changes,2024-03-13,2024-05-21,2024-05-22,2024-05-24,2024-05-27,3,2.0,2,1.0,3.0,2.0,QER-109108,2024-05-27,AVM,,,,False,,,0
nLo034.04,4,Adani,UPCL ,,Released,DLMS Order,"3P4W LTCT 240V 5-10A,",NORTEM,SMART,San,Bug fixed,2024-04-05,2024-05-21,2024-05-21,2024-05-22,,-45434,,1,0.0,2.0,2.0,109111,2024-05-29,VK,,,,False,,,0
nLo033.04,4,Adani,UPCL ,4G+DI,Released,DLMS Order,"3P4W LTCT 240V 5-10A,",NORTEM,SMART,SR,bug fixed,2024-04-05,2024-05-21,2024-05-21,2024-05-22,,-45434,,1,0.0,2.0,2.0,109099,2024-05-29,AVM,,,,False,,,0
nLo025.07,7,Adani,APDCL,,Released,DLMS Order,"3P4W LTCT 240V 5-10A,",NORTEM,SMART,BHR,Bug fixed,2024-04-25,2024-05-21,2024-05-21,2024-05-22,,-45434,,1,0.0,2.0,2.0,QER-109106,2024-05-27,AVM,,,,False,,,0
nLo030.15,15,Techno,MPPKVVCL Indore ,(w/o DI),Released,DLMS Order,"3P4W LTCT 240V 5-10A,",NORTEM,SMART,BCP,code compare,2024-01-04,2024-05-22,2024-05-23,2024-05-23,,-45435,,2,0.0,1.0,0.5,109116,2024-06-06,VK,yes,,,False,,,0
nLo037.06,6,Adani,NBPDCL ,,Released,DLMS Order,3P4W LTCT 240V 5-10A,NORTEM,SMART,BHR,bug fixed,2024-05-21,2024-05-22,2024-05-23,2024-05-24,,-45436,,2,1.0,2.0,2.0,QER 109076(1),2024-05-27,,,,,False,,,0
CBO014.01,2,Techno,MPPKVVCL Indore ,,Released,DLMS Order, 3P4W LTWC Cl 1.0 10-60A,CHRONAS,SMART,VK,code compare,2024-02-06,2024-05-22,2024-05-30,2024-05-30,,-45442,,9,4.0,1.0,0.5,QER-109118,2024-06-05,SAN,yes,,,False,,,0
CBO015.00 ,6,Adani,MSEDCL,,Released,DLMS Order, 3P4W LTWC Cl 1.0 10-100A,CHRONAS,SMART,VK,code compare,2024-02-26,2024-05-22,2024-05-27,2024-05-27,,-45439,,6,3.0,1.0,0.5,QER-109110,2024-05-28,,yes,,,False,,,0
CBO018.00,6,Adani,NBPDCL ,,Released,DLMS Order, 3P4W LTWC Cl 1.0 10-60A,CHRONAS,SMART,AVM,bug fixed,2024-03-15,2024-05-22,2024-05-22,2024-05-23,,-45435,,1,0.0,2.0,2.0,109104,2024-05-27,VK,,,,False,,,0
CAO013.01,4,Techno,MPPKVVCL Indore,,Released,DLMS Order, 3P4W LTWC Cl 1.0 10-100A,CHRONAS,SMART,BCP,bug fixed,2024-02-19,2024-05-22,2024-05-30,2024-05-30,,-45442,,9,5.0,1.0,1.0,QER-109119,2024-06-05,SS,,,,False,,,0
HHo008.00,0,Adani,MSEDCL,,Exp Next Itr,DLMS Order, 3P4W HTCT Cl 0.2 5-10A,NORTEM,SMART,VK,New firmware,2024-05-22,2024-05-22,2024-06-04,2024-06-06,2024-06-07,1,1.0,14,8.0,3.0,3.0,,,,,yes,,False,,,0
CAO01700,4,GMR,DVVNL,,Subs Itr rel,DLMS Order, 3P4W LTWC Cl 1.0 10-100A,CHRONAS,SMART,San,bug fixed,2024-04-08,2024-05-22,2024-05-23,2024-05-24,,-45436,,2,1.0,2.0,2.0,,,,,,,False,,,0
RH53.00,1,TPCL,TPCL,,Subs Itr rel,DLMS Order,"1PH 10-60A,  Cl.1.0",CYGNUS,SMART,AVM,bug fixed,2024-04-12,2024-05-23,2024-06-12,2024-06-13,,-45456,,21,12.0,2.0,2.0,,,,,,,False,,,0
RH44.00,1,Intellismart,PVVNL,4GQuectel,Released,DLMS Order,"1Ph 4G 10-60A , Cl.1.0",CYGNUS,SMART,AM,bug fixed,2024-05-07,2024-05-23,2024-05-23,2024-05-24,2024-05-25,1,1.0,1,0.0,2.0,2.0,QER-109117,2024-06-03,BCP,,,,False,,,0
nLo035.06,6,Adani,MSEDCL,,Released,DLMS Order,"3P4W LTCT 240V 5-10A,",NORTEM,SMART,BHR,CR change,2024-04-17,2024-05-23,2024-05-23,2024-05-24,,-45436,,1,0.0,2.0,2.0,QER-109096(1),2024-05-24,VN,,,,False,,,0
nHo055.01,1,Iskraemeco ,UGVCL,,Exp Next Itr,DLMS Order,3P4W HTCT 63.5V 5-10A,NORTEM,SMART,BCP,bug fixed,2024-05-10,2024-05-23,2024-05-23,2024-05-27,2024-05-31,4,2.0,1,0.0,5.0,3.0,,,SAN,,,,False,,,0
nLo031.15,15,Techno,MPPKVVCL Indore ,DI,Subs Itr rel,DLMS Order,"3P4W LTCT 240V 5-10A,",NORTEM,SMART,VN,bug fixed,2024-01-04,2024-05-23,2024-05-23,2024-05-24,,-45436,,1,0.0,2.0,1.0,,,,,,,False,,,0
CBO023.00,3,Adani,UPCL ,4G,Subs Itr rel,DLMS Order, 3P4W LTWC Cl 1.0 10-60A,CHRONAS,SMART,San,bug fixed,2024-05-10,2024-05-23,2024-05-28,2024-05-30,,-45442,,6,3.0,3.0,3.0,,,,,,,False,,,0
CBO017.00,2,Adani,APDCL,,Subs Itr rel,DLMS Order, 3P4W LTWC Cl 1.0 10-60A,CHRONAS,SMART,SS,bug fixed,2024-03-12,2024-05-23,2024-05-28,2024-05-30,,-45442,,6,3.0,3.0,3.0,,,,,,,False,,,0
COC56.00 ,1,CESC,KEDL  ,,Completed,DLMS Order, 3P4W LTWC Cl 1.0 10-60A,SFF,TVM LT WC,AM,New firmware,2024-05-23,2024-05-23,2024-06-07,2024-06-11,2024-06-13,2,2.0,16,10.0,5.0,3.0,,,AVM,,yes,,False,,,0
COT64.02,0,TPL,Ahmedabad,,Released,DLMS Order, 3P4W LTWC Cl 1.0 10-60A,M3R,TVM LT WC,DK,Checklist Implementation ,2024-03-24,2024-05-24,2024-06-12,2024-06-12,2024-06-13,1,1.0,20,18.0,1.0,1.0,QER 109136,2024-06-14,VN,,,,False,,,0
RH58.00,1,Adani,UPCL ,Quectel,Subs Itr rel,DLMS Order,"1PH 10-60A,  Cl.1.0",CYGNUS,SMART,VN,bug fixed,2024-05-13,2024-05-24,2024-05-28,2024-05-31,2024-06-03,3,2.0,5,2.0,4.0,4.0,,,AVM,,,,False,,,0
CAO01700,5,GMR,DVVNL,,Released,DLMS Order, 3P4W LTWC Cl 1.0 10-100A,CHRONAS,SMART,San,bug fixed,2024-04-08,2024-05-24,2024-05-24,2024-05-24,,-45436,,1,0.0,1.0,1.0,QER-109105,2024-05-27,BHR,,,,False,,,0
RH06.02,1,JKPDD ,JKPDD ,,Released,DLMS Order,"1PH 10-60A,  Cl.1.0",CYGNUS,SMART,VN,bug fixed,2024-05-13,2024-05-24,2024-05-27,2024-05-27,2024-05-29,2,2.0,4,2.0,1.0,1.0,108842(2),2024-05-29,DK,,,,False,,,0
RH47.00,2,Adani,APEPDCL,,Subs Itr rel,DLMS Order,"1PH 10-60A,  Cl.1.0",CYGNUS,SMART,AVM,bug fixed,2024-04-01,2024-05-24,2024-06-04,2024-06-07,,-45450,,12,2.0,4.0,4.0,,,,,,,False,,,0
nLo031.16,16,Techno,MPPKVVCL Indore ,DI,Released,DLMS Order,"3P4W LTCT 240V 5-10A,",NORTEM,SMART,VN,bug fixed,2024-01-04,2024-05-24,2024-05-24,2024-05-27,,-45439,,1,0.0,4.0,2.0,QER-109092(1),2024-05-27,BCP,,,,False,,,0
HHo002.12,12,Techno,MPPKVVCL Indore ,,Released,DLMS Order, 3P4W HTCT Cl 0.2 5-10A,NORTEM,SMART,BCP,bug fixed,2024-05-24,2024-05-24,2024-05-24,2024-05-24,,-45436,,1,0.0,0.5,1.0,109091(1),2024-05-27,,,,,False,,,0
RH56.02,0,Adani,NBPDCL ,,Released,DLMS Order,"1Ph 10-60A , Cl.1.0",CYGNUS,SMART,ABK,code compare,2024-04-29,2024-05-24,2024-05-27,2024-05-27,,-45439,,4,1.0,1.0,1.0,QER-109063(2),2024-05-27,,yes,,,False,,,0
CBO019.00,2,Adani,APEPDCL ,4G,Subs Itr rel,DLMS Order, 3P4W LTWC Cl 1.0 10-60A,CHRONAS,SMART,AVM,New firmware,2024-03-15,2024-05-24,2024-05-27,2024-05-31,2024-06-04,4,2.0,4,2.0,5.0,5.0,,,VK,,yes,,False,,,0
RH46.02,0,Adani,APDCL,,Released,DLMS Order,"1Ph 5-30A , Cl.1.0",CYGNUS,SMART,NB,code compare,2024-04-22,2024-05-24,2024-05-27,2024-05-27,,-45439,,4,2.0,1.0,1.0,QER-109051(3),2024-05-27,,yes,,,False,,,0
HHo007.00,0,Adani,MSEDCL,,Exp Next Itr,DLMS Order, 3P4W HTCT Cl 0.5 5-10A,NORTEM,SMART,BHR,Firmware HHO004.03 modified ,2024-05-24,2024-05-24,2024-05-28,2024-05-31,2024-06-06,6,3.0,5,3.0,4.0,4.0,,,,,,,False,,,0
HHo009.00,0,Adani,MSEDCL,w/o DI,Withdrawn,DLMS Order, 3P4W HTCT Cl 0.2 5-10A,NORTEM,SMART,,New firmware,2024-05-24,2024-05-24,,,,0,,-45435,,1.0,,,,,,yes,,False,,,0
COT71.01,1,TPL,Bhiwandi,,Released,DLMS Order, 3P4W LTWC Cl 1.0 10-60A,M3R,TVM LT WC,BCP,CTT changes 4.3,2024-05-24,2024-05-24,2024-05-27,2024-05-27,,-45439,,4,2.0,1.0,1.0,108782(1),2024-05-28,VN,,,,False,,,0
CAO01800,0,GMR,PuVVNL ,,Released,DLMS Order, 3P4W LTWC Cl 1.0 10-100A,CHRONAS,SMART,San,code compare,2024-05-24,2024-05-24,2024-05-24,2024-05-24,,-45436,,1,0.0,1.0,1.0,QER-109104,2024-05-27,,yes,,,False,,,0
RH48.01,0,Adani,MSEDCL,,Released,DLMS Order,"1PH 10-60A,  Cl.1.0",CYGNUS,SMART,VN,code compare,2024-05-24,2024-05-24,2024-05-27,2024-05-27,,-45439,,4,2.0,1.0,1.0,QER-109084(1),2024-05-27,,yes,,,False,,,0
RF14.01,0,TPSODL,TPSODL,,Released,DLMS Order,"1PH 10-60A,  Cl.1.0",SFF,ENM,DK,cr changes,2024-05-27,2024-05-27,2024-05-28,2024-05-29,2024-05-31,2,2.0,2,1.0,2.0,2.0,QER-108949(1),2024-05-31,BCP,,,,False,,,0
HHo004.04,4,Adani,MSEDCL,,Subs Itr rel,DLMS Order, 3P4W HTCT Cl 0.5 5-10A,NORTEM,SMART,AM,bug fixed,2024-04-15,2024-05-27,2024-05-28,2024-05-29,,-45441,,2,1.0,2.0,2.0,,,AVM,,,,False,,,0
nLo061.00,0,GMR,DVVNL,,Exp Next Itr,DLMS Order,3P4W LTCT 240V 5-10A,NORTEM,SMART,AVM,New firmware,2024-05-27,2024-05-27,2024-06-14,2024-06-19,2024-06-25,6,3.0,19,13.0,6.0,4.0,,,BHR,,yes,,False,,,0
CBO021.01,1,Intellismart,MGVCL,4G,Released,DLMS Order, 3P4W LTWC Cl 1.0 10-60A,CHRONAS,SMART,AM,code compare,2024-05-17,2024-05-28,2024-05-28,2024-05-28,,-45440,,1,0.0,1.0,0.5,109089(1),2024-05-28,,yes,,,False,,,0
CBO016.01,0,NCC,NBPDCL,,Released,DLMS Order, 3P4W LTWC Cl 1.0 10-60A,CHRONAS,SMART,AM,code compare,2024-05-28,2024-05-28,2024-05-28,2024-05-28,,-45440,,1,0.0,1.0,0.5,109067(2),2024-05-28,,yes,,,False,,,0
nLo059.03,3,Adani,MSEDCL,w/o DI,Released,DLMS Order,"3P4W LTCT 240V 5-10A,",NORTEM,SMART,AM,New firmware,2024-05-29,2024-05-29,2024-05-31,2024-06-05,2024-06-06,1,1.0,3,1.0,6.0,4.0,QER-109127,2024-06-10,SAN,,yes,,False,,,0
CAO01600,2,Adani,AEML,Nbiot,Subs Itr rel,DLMS Order, 3P4W LTWC Cl 1.0 10-100A,CHRONAS,SMART,SS,bug fixed,2024-03-04,2024-05-30,2024-05-31,2024-06-05,2024-06-06,1,1.0,2,1.0,6.0,4.0,,,,,,,False,,,0
CBO012.00,4,Intellismart,DGVCL,,Released,DLMS Order, 3P4W LTWC Cl 1.0 10-60A,CHRONAS,SMART,VK,code compare,2024-05-30,2024-05-30,2024-05-30,2024-05-30,,-45442,,1,0.0,1.0,0.5,QER-109002(2),2024-06-04,,yes,,,False,,,0
CBO023.00,4,Adani,UPCL ,4G,Subs Itr rel,DLMS Order, 3P4W LTWC Cl 1.0 10-60A,CHRONAS,SMART,BCP,bug fixed,2024-05-10,2024-05-30,2024-05-31,2024-05-31,2024-06-04,4,2.0,2,1.0,1.0,1.0,,,SS,,,,False,,,0
CON13.00,0,ESP,ESP,,Subs Itr rel,DLMS Order, 3P 4W- SFF-LT 5-10A,SFF,TVM LT 0.5,DK,platform conversion (kwh meter),2024-05-30,2024-05-30,2024-06-06,2024-06-06,,-45449,,8,4.0,1.0,1.0,,,,,,,False,,,0
COP17.00,1,ESP,ESP,,Subs Itr rel,DLMS Order, 3P4W LTWC Cl 1.0 10-60A,VENUS,TVM LT WC,DK,platform conversion (kwh meter),2024-05-30,2024-05-30,2024-06-06,2024-06-06,,-45449,,8,4.0,1.0,1.0,,,,,,,False,,,0
COP16.00,1,ESP,ESP,,Released,DLMS Order, 3P4W LTWC Cl 1.0 10-60A,VENUS,TVM LT WC,DK,platform conversion (kwh meter),2024-05-30,2024-05-30,2024-06-06,2024-06-06,,-45449,,8,4.0,1.0,1.0,QER-109154,2024-07-01,,,,,False,,,0
COT73.01,0,TPL,Ahmedabad,,Released,DLMS Order, 3P4W LTWC Cl 1.0 10-60A,M3R,TVM LT WC,ABK,CTT changes 4.3,2024-05-30,2024-05-30,2024-05-31,2024-05-31,2024-06-03,3,1.0,2,0.0,1.0,1.0,QER-109132,2024-06-13,DK,,,,False,,,0
COT70.02,0,TPL,Surat,,Released,DLMS Order, 3P4W LTWC Cl 1.0 10-60A,M3R,TVM LT WC,DK,Display and CTT changes,2024-05-31,2024-05-31,2024-06-05,2024-06-05,2024-06-06,1,1.0,6,3.0,1.0,1.0,108757(2),2024-06-07,BCP,,,,False,,,0
nLo041.07,7,Iskraemeco ,UGVCL,(consumer with DI without 200/5 ratio),Subs Itr rel,DLMS Order,3P4W LTCT 240V 5-10A,NORTEM,SMART,VN,bug fixed,2024-03-19,2024-05-31,2024-06-03,2024-06-03,2024-06-05,2,2.0,4,1.0,1.0,1.0,,,SAN,,,,False,,,0
CBO016.02,0,NCC,NBPDCL,,Subs Itr rel,DLMS Order, 3P4W LTWC Cl 1.0 10-60A,CHRONAS,SMART,BCP,Firmware modified for Quectel module,2024-05-31,2024-05-31,2024-06-04,2024-06-04,,-45447,,5,2.0,1.0,1.0,,,,,,,False,,,0
nHo039.12,12,Adani ,NBPDCL,,Released,DLMS Order,3P4W HTCT 63.5V 5-10A,NORTEM,SMART,VK,code compare,2024-05-31,2024-05-31,2024-05-31,2024-05-31,,-45443,,1,0.0,1.0,0.5,QER-109069(1),2024-05-31,,,,,False,,,0
CBO024.00,0,Intellismart,APDCL,4G,Subs Itr rel,DLMS Order, 3P4W LTWC Cl 1.0 10-60A,CHRONAS,SMART,BCP,New firmware,2024-05-31,2024-05-31,2024-06-06,2024-06-08,2024-06-10,2,2.0,7,3.0,3.0,3.0,,,VK,,yes,,False,,,0
CBO017.00,3,Adani,APDCL,,Released,DLMS Order, 3P4W LTWC Cl 1.0 10-60A,CHRONAS,SMART,AVM,bug fixed,2024-03-12,2024-05-31,2024-06-03,2024-06-04,,-45447,,4,2.0,2.0,2.0,QER-109129,2024-06-11,AM,,,,False,,,0
nLo044.00,0,TPCL,TPCL,4G,Subs Itr rel,DLMS Order,3P4W LTCT 240V 5-10A,NORTEM,SMART,BHR,New firmware,2024-06-01,2024-06-01,2024-06-03,2024-06-06,,-45449,,3,1.0,4.0,4.0,,,,,yes,,False,,,0
HHo004.05,5,Adani,MSEDCL,,Subs Itr rel,DLMS Order, 3P4W HTCT Cl 0.5 5-10A,NORTEM,SMART,BCP,bug fixed,2024-04-15,2024-06-01,2024-06-03,2024-06-03,,-45446,,3,1.0,1.0,1.0,,,BHR,yes,,,False,,,0
CBO020.00,1,Intellismart,DGVCL,,Released,DLMS Order, 3P4W LTWC Cl 1.0 10-60A,CHRONAS,SMART,VN,bug fixed,2024-03-15,2024-06-01,2024-06-06,2024-06-10,2024-06-11,1,1.0,6,3.0,5.0,3.0,QER-109143,2024-06-21,BCP,,,,False,,,0
nLo057.00,0,Adani,APEPDCL,4G,Subs Itr rel,DLMS Order,"3P4W LTCT 240V 5-10A,",NORTEM,SMART,VK,New firmware,2024-06-04,2024-06-04,2024-06-10,2024-06-14,2024-06-18,4,2.0,7,3.0,5.0,5.0,,,,,yes,,False,,,0
CBO016.02,1,NCC,NBPDCL,,Released,DLMS Order, 3P4W LTWC Cl 1.0 10-60A,CHRONAS,SMART,BCP,Bug fixed,2024-05-31,2024-06-05,2024-06-05,2024-06-05,,-45448,,1,0.0,1.0,1.0,109067(3),2024-06-06,DK,,,,False,,,0
nLo047.01,1,Montecarlo ,MSEDCL,"4G, DI",Subs Itr rel,DLMS Order,"3P4W LTCT 240V 5-10A,",NORTEM,SMART,San,New firmware,2024-06-05,2024-06-05,2024-06-06,2024-06-13,2024-06-14,1,1.0,2,1.0,8.0,6.0,,,SR,,yes,,False,,,0
nLo048.01,1,Montecarlo ,MSEDCL,"4G, w/o DI",Withdrawn,DLMS Order,"3P4W LTCT 240V 5-10A,",NORTEM,SMART,,Firmware nLo047.01 modified for Cr changes,2024-06-05,2024-06-05,,,,0,,-45447,,1.0,,,,,,,,False,,,0
CBO019.00,3,Adani,APEPDCL ,4G,Subs Itr rel,DLMS Order, 3P4W LTWC Cl 1.0 10-60A,CHRONAS,SMART,BHR,Bug fixed,2024-03-15,2024-06-06,2024-06-07,2024-06-11,,-45454,,2,1.0,5.0,3.0,,,,,,,False,,,0
RH59.00,2,Intellismart,APDCL,,Released,DLMS Order,"1Ph 5-30A , Cl.1.0",CYGNUS,SMART,SR,Bug fixed,2024-05-16,2024-06-06,2024-06-07,2024-06-07,2024-06-08,1,1.0,2,0.0,1.0,1.0,QER-109126,2024-06-10,AVM,,,,False,,,0
COT62.01,0,TPL,Surat,,Subs Itr rel,DLMS Order, 3P4W LTWC Cl 1.0 10-60A,M3R,TVM LT WC,DK,CR changes,2024-06-06,2024-06-06,2024-06-12,2024-06-12,,-45455,,7,4.0,1.0,1.0,,,,,,,False,,,0
HHo004.06,6,Adani,MSEDCL,,Released,DLMS Order, 3P4W HTCT Cl 0.5 5-10A,NORTEM,SMART,DK,bug fixed,2024-04-15,2024-06-07,2024-06-07,2024-06-07,,-45450,,1,0.0,1.0,1.0,109124,2024-06-07,,,,,False,,,0
CBO023.00,5,Adani,UPCL ,4G,Released,DLMS Order, 3P4W LTWC Cl 1.0 10-60A,CHRONAS,SMART,DK,bug fixed,2024-05-10,2024-06-07,2024-06-10,2024-06-10,,-45453,,4,2.0,1.0,1.0,109128,2024-06-11,BHR,,,,False,,,0
nLo044.01,1,TPCL,TPCL,4G,Subs Itr rel,DLMS Order,3P4W LTCT 240V 5-10A,NORTEM,SMART,SS,bug fixed,2024-06-01,2024-06-10,2024-06-10,2024-06-12,,-45455,,1,1.0,3.0,3.0,,,,,,,False,,,0
CBO024.00,0,Intellismart,APDCL,4G,Withdrawn,DLMS Order, 3P4W LTWC Cl 1.0 10-60A,CHRONAS,SMART,BCP,bug fixed,2024-05-31,2024-06-10,2024-06-10,,,0,,1,0.0,-45452.0,,,,,,,,False,,,0
nLo033.05,5,Adani,UPCL ,4G+DI,Released,DLMS Order,"3P4W LTCT 240V 5-10A,",NORTEM,SMART,VN,CR changes,2024-06-10,2024-06-10,2024-06-10,2024-06-10,,-45453,,1,0.0,1.0,1.0,109099(1)            ,2024-06-11,DK,,,,False,,,0
nLo034.05,5,Adani,UPCL ,4G,Released,DLMS Order,"3P4W LTCT 240V 5-10A,",NORTEM,SMART,VN,CR changes,2024-06-10,2024-06-10,2024-06-11,2024-06-11,,-45454,,2,1.0,1.0,1.0,109111(1),2024-06-11,,,,,False,,,0
nLo041.08,8,Iskraemeco ,UGVCL,(consumer with DI without 200/5 ratio),Released,DLMS Order,3P4W LTCT 240V 5-10A,NORTEM,SMART,DK,bug fixed,2024-03-19,2024-06-10,2024-06-11,2024-06-11,,-45454,,2,1.0,1.0,1.0,QER 109134,2024-06-14,SAN,,,,False,,,0
CBO024.00,1,Intellismart,APDCL,4G,Released,DLMS Order, 3P4W LTWC Cl 1.0 10-60A,CHRONAS,SMART,BCP,bug fixed,2024-05-31,2024-06-10,2024-06-11,2024-06-11,,-45454,,2,0.0,1.0,1.0,109130,2024-06-11,SAN,,,,False,,,0
HHo007.01,1,Adani,MSEDCL,,Exp Next Itr,DLMS Order, 3P4W HTCT Cl 0.5 5-10A,NORTEM,SMART,SR,bug fixed,2024-05-24,2024-06-10,2024-06-12,2024-06-13,,-45456,,3,2.0,2.0,2.0,,,,,,,False,,,0
HHo008.01,1,Adani,MSEDCL,,Withdrawn,DLMS Order, 3P4W HTCT Cl 0.2 5-10A,NORTEM,SMART,DK,bug fixed,2024-05-22,2024-06-10,2024-06-13,,,0,,4,2.0,-45455.0,,,,,,,,False,,,0
HHo009.01,1,Adani,MSEDCL,w/o DI,Withdrawn,DLMS Order, 3P4W HTCT Cl 0.2 5-10A,NORTEM,SMART,SS,bug fixed,2024-05-24,2024-06-10,2024-06-13,,,0,,4,3.0,-45455.0,,,,,,,,False,,,0
nHo055.02,2,Iskraemeco ,UGVCL,,Exp Next Itr,DLMS Order,3P4W HTCT 63.5V 5-10A,NORTEM,SMART,BHR,bug fixed,2024-05-10,2024-06-11,2024-06-11,2024-06-13,,-45456,,1,0.0,3.0,3.0,,,,,,,False,,,0
CBO019.00,4,Adani,APEPDCL ,4G,Subs Itr rel,DLMS Order, 3P4W LTWC Cl 1.0 10-60A,CHRONAS,SMART,BCP,Bug fixed,2024-03-15,2024-06-11,2024-06-12,2024-06-12,,-45455,,2,1.0,1.0,1.0,,,,,,,False,,,0
RH44.00,2,Intellismart,PVVNL,4GQuectel,Released,DLMS Order,"1Ph 4G 10-60A , Cl.1.0",CYGNUS,SMART,VN,CR chnages,2024-05-07,2024-06-11,2024-06-12,2024-06-12,,-45455,,2,1.0,1.0,1.0,109117(1),2024-06-13,BCP,,,,False,,,0
CBO017.01,0,Adani,APDCL,,Released,DLMS Order, 3P4W LTWC Cl 1.0 10-60A,CHRONAS,SMART,AVM,Bug fixed(code compare),2024-06-12,2024-06-12,2024-06-12,2024-06-12,,-45455,,1,0.0,1.0,0.5,109129(1) ,2024-06-12,,yes,,,False,,,0
COC57.00 ,0,WBSEDCL,WBSEDCL ,sampark,Subs Itr rel,DLMS Order, 3P4W LTWC Cl 1.0 10-60A,SFF,TVM LT WC,BHR,New firmware,2024-06-12,2024-06-12,2024-06-26,2024-06-28,2024-07-05,7,3.0,15,8.0,3.0,3.0,,,VK,,yes,,False,,,0
RH47.00,3,Adani,APEPDCL,,Subs Itr rel,DLMS Order,"1PH 10-60A,  Cl.1.0",CYGNUS,SMART,VN,bug fixed,2024-04-01,2024-06-12,2024-06-13,2024-06-14,,-45457,,2,1.0,2.0,2.0,,,,,,,False,,,0
CBO023.01,0,Adani,UPCL ,4G,Released,DLMS Order, 3P4W LTWC Cl 1.0 10-60A,CHRONAS,SMART,DK,CR changes(sr. no.  format),2024-06-12,2024-06-12,2024-06-13,2024-06-13,,-45456,,2,1.0,1.0,0.5,109128(1),2024-06-13,,,,,False,,,0
HHo007.02,2,Adani,MSEDCL,,Exp Next Itr,DLMS Order, 3P4W HTCT Cl 0.5 5-10A,NORTEM,SMART,SR,bug fixed(code compare),2024-05-24,2024-06-14,2024-06-14,2024-06-14,,-45457,,1,0.0,1.0,1.0,,,,yes,,,False,,,0
HHo008.02,2,Adani,MSEDCL,,Exp Next Itr,DLMS Order, 3P4W HTCT Cl 0.2 5-10A,NORTEM,SMART,DK,bug fixed,2024-05-22,2024-06-14,2024-06-14,2024-06-17,,-45460,,1,0.0,4.0,2.0,,,AVM,,,,False,,,0
HHo009.02,2,Adani,MSEDCL,w/o DI,Exp Next Itr,DLMS Order, 3P4W HTCT Cl 0.2 5-10A,NORTEM,SMART,SS,bug fixed,2024-05-24,2024-06-14,2024-06-14,2024-06-17,,-45460,,1,0.0,4.0,2.0,,,,,,,False,,,0
nLo048.02,2,Montecarlo ,MSEDCL,"4G, w/o DI",Subs Itr rel,DLMS Order,"3P4W LTCT 240V 5-10A,",NORTEM,SMART,BHR,Firmware nLo047.02 modified for Cr changes,2024-06-05,2024-06-14,2024-06-14,2024-06-18,2024-06-20,2,2.0,1,0.0,5.0,3.0,,,AM,,,,False,,,0
nHo055.03,3,Iskraemeco ,UGVCL,,Exp Next Itr,DLMS Order,3P4W HTCT 63.5V 5-10A,NORTEM,SMART,AM,bug fixed,2024-05-10,2024-06-14,2024-06-17,2024-06-18,,-45461,,4,1.0,2.0,2.0,,,,,,,False,,,0
HHo004.07,7,Adani,MSEDCL,,Released,DLMS Order, 3P4W HTCT Cl 0.5 5-10A,NORTEM,SMART,DK,code compare,2024-06-14,2024-06-14,2024-06-14,2024-06-14,,-45457,,1,0.0,1.0,1.0,109124(1),2024-06-14,,yes,,,False,,,0
5BD0C.30,0,TS,Transco,,Exp Next Itr,DLMS Order,3P4W HTCT 63.5V 5-10A,SEM N2,TVM HT 0.2,San,New firmware,2024-06-14,2024-06-14,2024-06-19,2024-06-25,2024-06-27,2,2.0,6,3.0,7.0,5.0,,,SS,,yes,,False,,,0
5YD28.33,0,WBSETCL,WBSETCL,,Released,DLMS Order,3P4W HTCT 63.5V 5-10A,SEM N2,TVM HT 0.2,DK,Checklist Implementation,2024-06-14,2024-06-14,2024-06-18,2024-06-20,2024-06-24,4,2.0,5,3.0,3.0,3.0,QER-109144(1),2024-06-28,VN,,,,False,,,0
HHo010.00,0,GMR,DVVNL,4G,Withdrawn,DLMS Order, 3P4W HTCT Cl 0.2 5-10A,NORTEM,SMART,SS,New firmware,2024-06-14,2024-06-14,2024-06-17,2024-06-21,2024-06-25,4,2.0,4,1.0,5.0,5.0,,,AM,,yes,,False,,,0
RH53.00,2,TPCL,TPCL,,Subs Itr rel,DLMS Order,"1PH 10-60A,  Cl.1.0",CYGNUS,SMART,BHR,bug fixed,2024-04-12,2024-06-14,2024-06-18,2024-06-19,,-45462,,5,2.0,2.0,2.0,,,,,,,False,,,0
RH58.00,2,Adani,UPCL ,Quectel,Released,DLMS Order,"1PH 10-60A,  Cl.1.0",CYGNUS,SMART,VN,bug fixed,2024-05-13,2024-06-17,2024-06-17,2024-06-17,,-45460,,1,0.0,1.0,1.0,QER-109140,2024-06-18,BCP,,,,False,,,0
RH62.00,0,Alfanar ,MPMKVVCL-Bhopal,,Stopped,DLMS Order,"1PH 10-60A,  Cl.1.0",CYGNUS,SMART,BCP,New firmware,2024-06-17,2024-06-17,2024-06-18,,,0,,2,1.0,-45460.0,,,,,,yes,,False,,,0
nLo041.09,9,Iskraemeco ,UGVCL,(consumer with DI without 200/5 ratio),Released,DLMS Order,3P4W LTCT 240V 5-10A,NORTEM,SMART,DK,process related change,2024-06-17,2024-06-17,2024-06-17,2024-06-18,,-45461,,1,0.0,2.0,1.0,QER-109134(1),2024-06-18,,,,,False,,,0
RH47.00,4,Adani,APEPDCL,,Released,DLMS Order,"1PH 10-60A,  Cl.1.0",CYGNUS,SMART,VN,bug fixed,2024-04-01,2024-06-17,2024-06-18,2024-06-18,,-45461,,2,1.0,1.0,1.0,QER-109146,2024-06-24,SR,,,,False,,,0
HHo014.00,0,Montecarlo ,MSEDCL,DI,Withdrawn,DLMS Order, 3P4W HTCT Cl 0.2 5-10A,NORTEM,SMART,,New firmware,2024-06-17,2024-06-17,,,,0,,-45459,,1.0,,,,,,yes,,False,,,0
HHo013.00,0,Montecarlo ,MSEDCL,w/o DI,Withdrawn,DLMS Order, 3P4W HTCT Cl 0.5 5-10A,NORTEM,SMART,,New firmware,2024-06-17,2024-06-17,,,,0,,-45459,,1.0,,,,,,yes,,False,,,0
HHo011.02,2,Montecarlo ,MSEDCL,DI,Stopped,DLMS Order, 3P4W HTCT Cl 0.5 5-10A,NORTEM,SMART,VK,New firmware,2024-06-17,2024-06-17,2024-06-18,,,0,,2,1.0,-45460.0,,,,,,,,False,,,0
CAO02200,0,ESP,Innologics,,Released,DLMS Order, 3P4W LTWC Cl 1.0 10-100A,CHRONAS,SMART,VN,CAO0090004 modified for CR changes,2024-06-17,2024-06-17,2024-06-18,2024-06-21,2024-06-25,4,2.0,2,1.0,4.0,4.0,QER-109157,2024-07-02,DK,,,,False,,,0
nHo055.04,4,Iskraemeco ,UGVCL,,Exp Next Itr,DLMS Order,3P4W HTCT 63.5V 5-10A,NORTEM,SMART,AM,bug fixed,2024-05-10,2024-06-18,2024-06-19,2024-06-20,2024-06-24,4,2.0,2,1.0,2.0,2.0,,,SAN,,,,False,,,0
COC59.00 ,0,Rajashree Electricals,Rajashree Electricals,,Exp Next Itr,DLMS Order, 3P4W LTWC Cl 1.0 10-60A,SFF,TVM LT WC,BCP,CR changes,2024-06-18,2024-06-18,2024-06-28,2024-06-28,,-45471,,11,6.0,1.0,1.0,,,,,yes,,False,,,0
nHo038.03,3,NCC,NBPDCL,,Completed,DLMS Order,3P4W HTCT 63.5V 5-10A,NORTEM,SMART,AM,bug fixed,2024-03-05,2024-06-19,2024-06-25,2024-06-26,,-45469,,7,4.0,2.0,2.0,,,DK,,,,False,,,0
HHo004.08,8,Adani,MSEDCL,,Released,DLMS Order, 3P4W HTCT Cl 0.5 5-10A,NORTEM,SMART,DK,bug fixed,2024-06-19,2024-06-19,2024-06-19,2024-06-19,,-45462,,1,0.0,1.0,0.5,109124(3),2024-07-11,,,,,False,,,0
HHo008.03,3,Adani,MSEDCL,,Exp Next Itr,DLMS Order, 3P4W HTCT Cl 0.2 5-10A,NORTEM,SMART,NB,bug fixed,2024-05-22,2024-06-19,2024-06-20,2024-06-20,,-45463,,2,0.0,1.0,0.5,,,,,,,False,,,0
HHo009.03,3,Adani,MSEDCL,w/o DI,Exp Next Itr,DLMS Order, 3P4W HTCT Cl 0.2 5-10A,NORTEM,SMART,ABK,bug fixed,2024-05-24,2024-06-19,2024-06-20,2024-06-20,,-45463,,2,0.0,1.0,0.5,,,,,,,False,,,0
HHo014.01,1,Montecarlo ,MSEDCL,DI,Withdrawn,DLMS Order, 3P4W HTCT Cl 0.2 5-10A,NORTEM,SMART,,New firmware,2024-06-17,2024-06-19,,,,0,,-45461,,1.0,,,,,,yes,,False,,,0
HHo013.01,1,Montecarlo ,MSEDCL,w/o DI,Withdrawn,DLMS Order, 3P4W HTCT Cl 0.5 5-10A,NORTEM,SMART,,New firmware,2024-06-17,2024-06-19,,,,0,,-45461,,1.0,,,,,,yes,,False,,,0
HHo011.03,3,Montecarlo ,MSEDCL,DI,Subs Itr rel,DLMS Order, 3P4W HTCT Cl 0.5 5-10A,NORTEM,SMART,VK,New firmware,2024-06-17,2024-06-19,2024-06-19,2024-06-24,2024-06-25,1,1.0,1,0.0,6.0,4.0,,,AVM,,yes,,False,,,0
HHo007.03,3,Adani,MSEDCL,,Completed,DLMS Order, 3P4W HTCT Cl 0.5 5-10A,NORTEM,SMART,DK,bug fixed,2024-05-24,2024-06-19,2024-06-19,2024-06-19,,-45462,,1,0.0,1.0,0.5,,,,,,,False,,,0
CAO01600,3,Adani,AEML,Nbiot,Released,DLMS Order, 3P4W LTWC Cl 1.0 10-100A,CHRONAS,SMART,VN,bug fixed,2024-03-04,2024-06-19,2024-06-25,2024-06-27,2024-07-01,4,2.0,7,4.0,3.0,2.0,109172,2024-07-10,BHR,,,,False,,,0
nLo044.02,2,TPCL,TPCL,4G,Subs Itr rel,DLMS Order,3P4W LTCT 240V 5-10A,NORTEM,SMART,DK,bug fixed,2024-06-01,2024-06-19,2024-06-21,2024-06-25,2024-06-28,3,3.0,3,1.0,5.0,3.0,,,AVM,,,,False,,,0
CBO019.00,4,Adani,APEPDCL ,4G,Subs Itr rel,DLMS Order, 3P4W LTWC Cl 1.0 10-60A,CHRONAS,SMART,BHR,Bug fixed,2024-03-15,2024-06-20,2024-06-20,2024-06-21,2024-06-25,4,2.0,1,0.0,2.0,2.0,,,AVM,,,,False,,,0
RH62.00,1,Alfanar ,MPMKVVCL-Bhopal,,Subs Itr rel,DLMS Order,"1PH 10-60A,  Cl.1.0",CYGNUS,SMART,BCP,New firmware,2024-06-17,2024-06-19,2024-06-20,2024-06-21,2024-06-24,3,1.0,2,0.0,2.0,2.0,,,SS,,yes,,False,,,0
5HD1N.75 ,0,NTPC,NTPC,,Released,DLMS Order,3P4W 63.5V 5-10A Cl 0.2 Opt + RS232,N2AVE,TVM HT 0.2,DK,Checklist implementation and CR changes,2024-06-20,2024-06-20,2024-07-04,2024-07-08,2024-07-09,1,1.0,15,8.0,5.0,3.0,109171,2024-07-10,VK,,,,False,,,0
RH63.00,1,Adani,APCPDCL,4G,Subs Itr rel,DLMS Order,"1PH 10-60A,  Cl.1.0",CYGNUS,SMART,NB,RH47 serial number change,2024-06-20,2024-06-20,2024-06-21,2024-06-28,2024-07-02,4,2.0,2,0.0,8.0,6.0,,,,yes,,,False,,,0
RH64.00,1,Adani,APSPDCL,4G,Subs Itr rel,DLMS Order,"1PH 10-60A,  Cl.1.0",CYGNUS,SMART,ABK,RH47 serial number change,2024-06-20,2024-06-20,2024-06-21,2024-06-28,2024-07-02,4,2.0,2,0.0,8.0,6.0,,,SR,yes,,,False,,,0
nLo047.03,3,Montecarlo ,MSEDCL,"4G, DI",Subs Itr rel,DLMS Order,"3P4W LTCT 240V 5-10A,",NORTEM,SMART,BHR,Bug fixed,2024-06-05,2024-06-21,2024-06-24,2024-06-25,2024-06-27,2,2.0,4,2.0,2.0,2.0,,,AM,,,,False,,,0
nLo048.03,3,Montecarlo ,MSEDCL,"4G, w/o DI",Subs Itr rel,DLMS Order,"3P4W LTCT 240V 5-10A,",NORTEM,SMART,VN,Bug fixed,2024-06-05,2024-06-21,2024-06-28,2024-07-02,,-45475,,8,4.0,5.0,2.0,,,,,,,False,,,0
nLo057.03,3,Adani,APEPDCL,4G,Subs Itr rel,DLMS Order,"3P4W LTCT 240V 5-10A,",NORTEM,SMART,SS,Bug fixed,2024-06-04,2024-06-25,2024-06-25,2024-07-01,,-45474,,1,0.0,7.0,5.0,,,,,,,False,,,0
HHo016.01,1,GMR,DVVNL,4G,Subs Itr rel,DLMS Order, 3P4W HTCT Cl 0.2 5-10A,NORTEM,SMART,BCP/VK,Bug fixed(HHO010.00 Firmware is modified ),2024-06-25,2024-06-25,2024-06-25,2024-06-27,,-45470,,1,0.0,3.0,3.0,,,,,,,False,,,0
CBO019.00,5,Adani,APEPDCL ,4G,Subs Itr rel,DLMS Order, 3P4W LTWC Cl 1.0 10-60A,CHRONAS,SMART,BCP,Bug fixed,2024-03-15,2024-06-25,2024-06-26,2024-06-26,,-45469,,2,1.0,1.0,0.5,,,,,,,False,,,0
RH66.00,0,GMR,PuVVNL,,Released,DLMS Order,"1PH 10-60A,  Cl.1.0",CYGNUS,SMART,NB,RH61.00 Fw modified for Quectel,2024-06-25,2024-06-25,2024-07-03,2024-07-09,2024-07-11,2,2.0,9,5.0,7.0,5.0,QER-109189,2024-07-26,VN,,,,False,,,0
HHo011.04,4,Montecarlo ,MSEDCL,DI,Subs Itr rel,DLMS Order, 3P4W HTCT Cl 0.5 5-10A,NORTEM,SMART,AVM,Bug fixed,2024-06-17,2024-06-25,2024-06-26,2024-06-27,,-45470,,2,0.0,2.0,2.0,,,BHR,,,,False,,,0
HHo014.02,2,Montecarlo ,MSEDCL,DI,Exp Next Itr,DLMS Order, 3P4W HTCT Cl 0.2 5-10A,NORTEM,SMART,BHR, HHo011 modified for changes,2024-06-17,2024-06-25,2024-07-01,2024-07-03,,-45476,,7,4.0,3.0,3.0,,,,,,,False,,,0
HHo013.02,2,Montecarlo ,MSEDCL,w/o DI,Subs Itr rel,DLMS Order, 3P4W HTCT Cl 0.5 5-10A,NORTEM,SMART,BCP, HHo011 modified for changes,2024-06-17,2024-06-25,2024-07-01,2024-07-02,2024-07-03,1,1.0,7,4.0,2.0,2.0,,,AVM,,,,False,,,0
RH52.00,0,GMR,DVVNL,,Released,DLMS Order,"1PH 10-60A,  Cl.1.0",CYGNUS,SMART,ABK,RH43 modified for Quectel,2024-06-26,2024-06-26,2024-07-03,2024-07-09,2024-07-11,2,2.0,8,4.0,7.0,5.0,QER 109193,2024-08-01,,,,,False,,,0
CBO019.00,6,Adani,APEPDCL ,4G,Released,DLMS Order, 3P4W LTWC Cl 1.0 10-60A,CHRONAS,SMART,VN,Bug fixed,2024-03-15,2024-06-26,2024-06-26,2024-06-26,,-45469,,1,0.0,1.0,0.5,QER-109150 ,2024-06-26,,,,,False,,,0
UC01.01,0,CESC,Kolkata,,Released,DLMS Order,"1PH 05-60A,  Cl.1.0",SFF,ENM,DK,CR changes/Field modification,2024-06-26,2024-06-26,2024-06-28,2024-07-01,2024-07-03,2,2.0,3,1.0,4.0,1.0,108689(1),2024-07-11,VN,,,,False,,,0
COP03.01,0,CESC,Kolkata,,Released,DLMS Order, 3P4W LTWC Cl 1.0 10-60A,VENUS,TVM LT WC,DK,CR changes/Field modification,2024-06-27,2024-06-27,2024-06-28,2024-06-28,,-45471,,2,1.0,1.0,1.0,108729(1),2024-07-12,AM,,,,False,,,0
CAO02100,0,TPCL,TPCL,4G(SIMCOM module with taoglass ),Exp Next Itr,DLMS Order, 3P4W LTWC Cl 1.0 10-100A,CHRONAS,SMART,AVM/SAN,New firmware,2024-06-27,2024-06-27,2024-06-28,2024-07-11,2024-07-15,4,2.0,2,1.0,14.0,10.0,,,BHR,,yes,,False,,,0
nLo052.00,0,Montecarlo ,MSEDCL,"RF, DI",Withdrawn,DLMS Order,"3P4W LTCT 240V 5-10A,",NORTEM,SMART,,New firmware,2024-06-27,2024-06-27,,,,0,,-45469,4.0,1.0,,,,,,yes,,False,,,0
HHo016.02,2,GMR,DVVNL,4G,Subs Itr rel,DLMS Order, 3P4W HTCT Cl 0.2 5-10A,NORTEM,SMART,VK/AVM,Bug fixed,2024-06-25,2024-06-28,2024-06-28,2024-06-28,,-45471,,1,0.0,1.0,1.0,,,SR,,,,False,,,0
RH53.00,3,TPCL,TPCL,,Subs Itr rel,DLMS Order,"1PH 10-60A,  Cl.1.0",CYGNUS,SMART,SS,bug fixed,2024-04-12,2024-06-28,2024-07-01,2024-07-02,2024-07-04,2,2.0,4,2.0,2.0,2.0,,,AM,,,,False,,,0
HHo016.03,3,GMR,DVVNL,4G,Released,DLMS Order, 3P4W HTCT Cl 0.2 5-10A,NORTEM,SMART,,Bug fixed,2024-06-25,2024-06-28,2024-06-28,2024-07-01,,-45474,,1,0.0,4.0,1.0,QER-109155,2024-07-01,AVM,,,,False,,,0
RH62.00,2,Alfanar ,MPMKVVCL-Bhopal,,Subs Itr rel,DLMS Order,"1PH 10-60A,  Cl.1.0",CYGNUS,SMART,AM,Bug fixed,2024-06-17,2024-07-02,2024-07-02,2024-07-03,,-45476,,1,0.0,2.0,1.0,,,,,,,False,,,0
COT62.01,1,TPL,Surat,,Released,DLMS Order, 3P4W LTWC Cl 1.0 10-60A,M3R,TVM LT WC,DK,Bug fixed,2024-06-06,2024-07-01,2024-07-01,2024-07-02,2024-07-03,1,2.0,1,0.0,2.0,2.0,108526(1),2024-07-03,BCP,,,,False,,,0
CON13.00,1,ESP,ESP,,Released,DLMS Order, 3P 4W- SFF-LT 5-10A,SFF,TVM LT 0.5,DK,Bug fixed (kwh meter),2024-05-30,2024-07-02,2024-07-02,2024-07-02,,-45475,,1,0.0,1.0,1.0,109209,2024-08-27,,,,,False,,,0
HHo019.00,0,GMR,PuVVNL,4G,Released,DLMS Order, 3P4W HTCT Cl 0.2 5-10A,NORTEM,SMART,VK,code compare,2024-06-25,2024-07-01,2024-07-01,2024-07-01,,-45474,,1,0.0,1.0,0.5,QER-109156,2024-07-02,,yes,,,False,,,0
nLo044.03,3,TPCL,TPCL,4G,Subs Itr rel,DLMS Order,3P4W LTCT 240V 5-10A,NORTEM,SMART,VK,bug fixed,2024-06-01,2024-07-02,2024-07-02,2024-07-02,,-45475,,1,0.0,1.0,1.0,,,SAN,,,,False,,,0
RN14.02,0,EESL,UP,,Released,DLMS Order,"1PH 10-60A,  Cl.1.0",SM19E,SMART,AVM,Field issue fixed,2024-07-02,2024-07-02,2024-07-08,2024-07-09,,-45482,,7,4.0,2.0,1.0,QER-108584(2),2024-07-09,,,,,False,,,0
nLo047.04,4,Montecarlo ,MSEDCL,"4G, DI",Released,DLMS Order,"3P4W LTCT 240V 5-10A,",NORTEM,SMART,DK,Bug fixed,2024-06-05,2024-07-02,2024-07-02,2024-07-03,,-45476,,1,0.0,2.0,1.0,QER-109161,2024-07-03,VK,,,,False,,,0
nLo048.04,4,Montecarlo ,MSEDCL,"4G, w/o DI",Withdrawn,DLMS Order,"3P4W LTCT 240V 5-10A,",NORTEM,SMART,VN,Bug fixed,2024-06-05,2024-07-02,2024-07-02,2024-07-03,,-45476,,1,0.0,2.0,1.0,QER-109162,2024-07-04,SS,,,,False,,,0
RH67.00,0,Intellismart,PVVNL,4GQuectel,Released,DLMS Order,"1Ph 4G 10-60A , Cl.1.0",CYGNUS,SMART,BCP,RH44 modified for trilliant data set,2024-07-03,2024-07-03,2024-07-03,2024-07-05,,-45478,,1,0.0,3.0,3.0,109170,2024-07-09,AVM,,,,False,,,0
CBO026.00,0,Adani,APSPDCL,4G,Subs Itr rel,DLMS Order, 3P4W LTWC Cl 1.0 10-60A,CHRONAS,SMART,VN,CBO.019 F/W Sr. no. format is change ,2024-07-03,2024-07-03,2024-07-04,2024-07-09,2024-07-11,2,2.0,2,0.0,6.0,4.0,,,BHR,,,,False,,,0
CBO025.00,0,Adani,APCPDCL,4G,Subs Itr rel,DLMS Order, 3P4W LTWC Cl 1.0 10-60A,CHRONAS,SMART,VN,CBO.019 F/W Sr. no. format is change ,2024-07-03,2024-07-03,2024-07-04,2024-07-09,2024-07-11,2,2.0,2,1.0,6.0,4.0,,,,,,,False,,,0
HHo019.01,1,GMR,PuVVNL,4G,Released,DLMS Order, 3P4W HTCT Cl 0.2 5-10A,NORTEM,SMART,AM,code compare,2024-07-03,2024-07-03,2024-07-03,2024-07-03,,-45476,,1,0.0,1.0,0.5,109156(1),2024-07-03,,,,,False,,,0
CLO001.00,0,Alfanar ,MPMKVVCL-Bhopal,"4G, with DI",Exp Next Itr,DLMS Order, 3P4W LTCT Cl 0.5 5-10A,CHRONAS,SMART,VK,New firmware,2024-07-03,2024-07-03,2024-07-09,2024-07-19,2024-07-23,4,2.0,7,4.0,11.0,7.0,,,SAN,,yes,,False,,,0
CLO002.00,0,Alfanar ,MPMKVVCL-Bhopal,"4G, w/o DI",Exp Next Itr,DLMS Order, 3P4W LTCT Cl 0.5 5-10A,CHRONAS,SMART,VN,New firmware,2024-07-03,2024-07-03,2024-07-16,2024-07-30,2024-08-01,2,2.0,14,8.0,15.0,10.0,,,SS,,yes,,False,,,0
HHo011.05,5,Montecarlo ,MSEDCL,DI,Released,DLMS Order, 3P4W HTCT Cl 0.5 5-10A,NORTEM,SMART,AM,Bug fixed(read remarks),2024-06-17,2024-07-03,2024-07-04,2024-07-04,,-45477,,2,1.0,1.0,0.5,QER-109163,2024-07-04,,,,,False,,,0
HHo014.03,3,Montecarlo ,MSEDCL,DI,Exp Next Itr,DLMS Order, 3P4W HTCT Cl 0.2 5-10A,NORTEM,SMART,BHR,Bug fixed,2024-06-17,2024-07-04,2024-07-04,2024-07-05,,-45478,,1,0.0,2.0,1.0,,,ABK,,,,False,,,0
HHo013.03,3,Montecarlo ,MSEDCL,w/o DI,Released,DLMS Order, 3P4W HTCT Cl 0.5 5-10A,NORTEM,SMART,BCP,Bug fixed,2024-06-17,2024-07-04,2024-07-04,2024-07-04,,-45477,,1,0.0,1.0,0.5,QER-109167,2024-07-08,,,,,False,,,0
nLo057.04,4,Adani,APEPDCL,4G,Subs Itr rel,DLMS Order,"3P4W LTCT 240V 5-10A,",NORTEM,SMART,BHR,Bug fixed,2024-06-04,2024-07-04,2024-07-05,2024-07-10,,-45483,,2,1.0,6.0,4.0,,,,,,,False,,,0
COT70.03,0,TPL,Surat,,Released,DLMS Order, 3P4W LTWC Cl 1.0 10-60A,M3R,TVM LT WC,DK,serial number format change,2024-06-04,2024-07-04,2024-07-05,2024-07-05,,-45478,,2,1.0,1.0,0.5,108757(3),2024-07-08,,,,,False,,,0
RH62.00,3,Alfanar ,MPMKVVCL-Bhopal,,Subs Itr rel,DLMS Order,"1PH 10-60A,  Cl.1.0",CYGNUS,SMART,AVM,Bug fixed,2024-06-17,2024-07-04,2024-07-05,2024-07-05,,-45478,,2,1.0,1.0,1.0,,,,,,,False,,,0
nLo061.01,1,GMR,DVVNL,,Exp Next Itr,DLMS Order,3P4W LTCT 240V 5-10A,NORTEM,SMART,SR,Bug fixed,2024-05-27,2024-07-04,2024-07-09,2024-07-10,,-45483,,6,3.0,2.0,2.0,,,,,,,False,,,0
nLo044.04,4,TPCL,TPCL,4G,Subs Itr rel,DLMS Order,3P4W LTCT 240V 5-10A,NORTEM,SMART,AM,bug fixed,2024-06-01,2024-07-05,2024-07-05,2024-07-05,,-45478,,1,0.0,1.0,1.0,,,,,,,False,,,0
nLo048.04,4,Montecarlo ,MSEDCL,"4G, w/o DI",Released,DLMS Order,"3P4W LTCT 240V 5-10A,",NORTEM,SMART,VN,Bug fixed,2024-06-05,2024-07-05,2024-07-05,2024-07-05,,-45478,,1,0.0,1.0,0.5,109162(1),2024-07-05,,,,,False,,,0
RH53.00,4,TPCL,TPCL,,Subs Itr rel,DLMS Order,"1PH 10-60A,  Cl.1.0",CYGNUS,SMART,BCP,bug fixed,2024-04-12,2024-07-05,2024-07-08,2024-07-09,,-45482,,4,2.0,2.0,1.0,,,,,,,False,,,0
RH62.00,4,Alfanar ,MPMKVVCL-Bhopal,,Subs Itr rel,DLMS Order,"1PH 10-60A,  Cl.1.0",CYGNUS,SMART,AVM,Bug fixed,2024-06-17,2024-07-08,2024-07-08,2024-07-08,,-45481,,1,0.0,1.0,1.0,,,,,,,False,,,0
RH47.01,0,Adani,APEPDCL,,Released,DLMS Order,"1PH 10-60A,  Cl.1.0",CYGNUS,SMART,AVM,bug fixed,2024-07-08,2024-07-08,2024-07-12,2024-07-15,,-45488,,5,2.0,4.0,2.0,QER-109146(1),2024-07-15,DK,,,,False,,,0
RN15.05,0,EESL,Haryana,,Released,DLMS Order,"1PH 10-60A,  Cl.1.0",SM19E,SMART,AVM,Field issue fixed,2024-07-08,2024-07-08,2024-07-08,2024-07-09,,-45482,,1,0.0,2.0,1.0,108641(5),2024-07-09,,yes,,,False,,,0
COC57.00 ,1,WBSEDCL,WBSEDCL ,sampark,Subs Itr rel,DLMS Order, 3P4W LTWC Cl 1.0 10-60A,SFF,TVM LT WC,DK,bug fixed,2024-06-12,2024-07-08,2024-07-10,2024-07-11,2024-07-12,1,1.0,3,2.0,2.0,2.0,,,,,,,False,,,0
nLo044.05,5,TPCL,TPCL,4G,Released,DLMS Order,3P4W LTCT 240V 5-10A,NORTEM,SMART,AM,bug fixed,2024-06-01,2024-07-10,2024-07-10,2024-07-10,,-45483,,1,0.0,1.0,1.0,109164,2024-07-10,,,,,False,,,0
CAO01801,0,GMR,PuVVNL ,,Released,DLMS Order, 3P4W LTWC Cl 1.0 10-100A,CHRONAS,SMART,NB,Firmware modified for  Quectel,2024-07-09,2024-07-09,2024-07-10,2024-07-18,2024-07-22,4,2.0,2,1.0,9.0,7.0,109104(01),2024-08-27,AM,,,,False,,,0
CAO01701,0,GMR,DVVNL,,Completed,DLMS Order, 3P4W LTWC Cl 1.0 10-100A,CHRONAS,SMART,ABK,Firmware modified for  Quectel,2024-07-09,2024-07-09,2024-07-10,2024-07-22,2024-07-24,2,2.0,2,1.0,13.0,8.0,,,AM,,,,False,,,0
RH53.00,5,TPCL,TPCL,,Released,DLMS Order,"1PH 10-60A,  Cl.1.0",CYGNUS,SMART,BHR,bug fixed and process change,2024-04-12,2024-07-09,2024-07-09,2024-07-10,,-45483,,1,0.0,2.0,1.0,109174,2024-07-11,,,,,False,,,0
HHo019.02,2,GMR,PuVVNL,4G,Released,DLMS Order, 3P4W HTCT Cl 0.2 5-10A,NORTEM,SMART,AM,CR change,2024-07-10,2024-07-10,2024-07-11,2024-07-11,,-45484,,2,1.0,1.0,0.5,109156(2),2024-07-11,,,,,False,,,0
CBO023.02,0,Adani,UPCL ,4G,Released,DLMS Order, 3P4W LTWC Cl 1.0 10-60A,CHRONAS,SMART,AM,Field modification,2024-07-10,2024-07-10,2024-07-12,2024-07-12,,-45485,,3,1.0,1.0,0.5,109128(2),2024-07-12,,yes,,,False,,,0
CBO019.01,0,Adani,APEPDCL ,4G,Subs Itr rel,DLMS Order, 3P4W LTWC Cl 1.0 10-60A,CHRONAS,SMART,BHR,CR changes,2024-07-11,2024-07-11,2024-07-11,2024-07-15,,-45488,,1,0.0,5.0,3.0,,,,,,,False,,,0
nLo052.01,1,Montecarlo ,MSEDCL,"RF, DI",Withdrawn,DLMS Order,"3P4W LTCT 240V 5-10A,",NORTEM,SMART,,New firmware,2024-06-27,2024-07-11,,,,0,,-45483,,1.0,,,,,,,,False,,,0
nLo044.06,6,TPCL,TPCL,4G,Released,DLMS Order,3P4W LTCT 240V 5-10A,NORTEM,SMART,AM,CR changes,2024-07-11,2024-07-11,2024-07-12,2024-07-12,,-45485,,2,1.0,1.0,1.0,109164(1),2024-07-12,,,,,False,,,0
HHo012.00,0,Adani,APSPDCL,4G,Withdrawn,DLMS Order, 3P4W HTCT Cl 0.2 5-10A,NORTEM,SMART,,New firmware,2024-07-11,2024-07-11,,,,0,,-45483,,1.0,,,,,,,,False,,,0
SR83.00,0,TANGEDCO,TANGEDCO,,Subs Itr rel,DLMS Order,"1Ph 10-60A , Cl.1.0",SFF,ENM,AVM,New firmware,2024-07-11,2024-07-11,2024-07-23,2024-07-26,2024-07-31,5,3.0,13,7.0,4.0,4.0,,,BHR,,,,False,,,0
COC58.00 ,0,WBSEDCL,WBSEDCL ,Bi-direction,Exp Next Itr,DLMS Order, 3P4W LTWC Cl 1.0 10-60A,SFF,TVM LT WC,BHR,New firmware,2024-07-11,2024-07-11,2024-07-17,2024-07-19,2024-07-23,4,2.0,7,3.0,3.0,3.0,,,AVM,,,,False,,,0
nLo057.05,5,Adani,APEPDCL,4G,Subs Itr rel,DLMS Order,"3P4W LTCT 240V 5-10A,",NORTEM,SMART,SS,Bug fixed,2024-06-04,2024-07-11,2024-07-15,2024-07-17,2024-07-18,1,1.0,5,2.0,3.0,3.0,,,SR,,,,False,,,0
nLo061.02,2,GMR,DVVNL,,Hw Pending,DLMS Order,3P4W LTCT 240V 5-10A,NORTEM,SMART,VN,Bug fixed,2024-05-27,2024-07-12,2024-07-15,2024-07-15,2024-07-18,3,3.0,4,0.0,1.0,1.0,,,SS,,,,False,,,0
CBO027.00,1,Alfanar ,MPMKVVCL-Bhopal,4G,Subs Itr rel,DLMS Order, 3P4W LTWC Cl 1.0 10-60A,CHRONAS,SMART,BHR,New firmware,2024-07-12,2024-07-12,2024-07-23,2024-07-25,2024-07-30,5,3.0,12,6.0,3.0,3.0,,,SAN,,,,False,,,0
HHo018.00,0,Alfanar ,MPMKVVCL-Bhopal,4G,Withdrawn,DLMS Order, 3P4W HTCT Cl 0.5 5-10A,NORTEM,SMART,,New firmware,2024-07-12,2024-07-12,,,,0,,-45484,,1.0,,,,,,,,False,,,0
UC25.00,0,WM101BC7RSNET,WM101BC7RSNET,,Released,DLMS Order,"1PH 05-60A,  Cl.1.0",SFF,ENM,BHR,New firmware,2024-07-12,2024-07-12,2024-08-08,2024-08-12,2024-08-13,1,1.0,28,18.0,5.0,3.0,QER-109202,2024-08-19,DK,,,,False,,,0
UC24.00,0,WM101BC7RSOLAR,WM101BC7RSOLAR,,Subs Itr rel,DLMS Order,"1PH 05-60A,  Cl.1.0",SFF,ENM,DK,New firmware,2024-07-12,2024-07-12,2024-08-28,2024-08-29,2024-09-02,4,2.0,48,30.0,2.0,2.0,,,SS,,,,False,,,0
HHo019.03,3,GMR,PuVVNL,4G,Released,DLMS Order, 3P4W HTCT Cl 0.2 5-10A,NORTEM,SMART,AM,CR change,2024-07-15,2024-07-15,2024-07-15,2024-07-15,2024-07-16,1,1.0,1,0.0,1.0,0.5,QER-109156(3),2024-07-17,SR,,,,False,,,0
COC57.00 ,2,WBSEDCL,WBSEDCL ,sampark,Subs Itr rel,DLMS Order, 3P4W LTWC Cl 1.0 10-60A,SFF,TVM LT WC,BCP,bug fixed,2024-06-12,2024-07-15,2024-07-16,2024-07-17,2024-07-19,2,2.0,2,1.0,2.0,2.0,,,,,,,False,,,0
UC23.00,0,WM101BC7UPBOXH,WM101BC7UPBOXH,,Released,DLMS Order,"1PH 05-60A,  Cl.1.0",SFF,ENM,VN/DK,platform Conversion ,2024-07-15,2024-07-15,2024-09-02,2024-09-06,2024-09-09,3,1.0,50,30.0,5.0,5.0,QER-109240,2024-09-23,SAN,,,,False,,,0
CBO019.01,1,Adani,APEPDCL ,4G,Subs Itr rel,DLMS Order, 3P4W LTWC Cl 1.0 10-60A,CHRONAS,SMART,AM,Bug fixed,2024-07-11,2024-07-16,2024-07-17,2024-07-17,2024-07-18,1,1.0,2,1.0,1.0,1.0,,,,,,,False,,,0
HHo018.01,1,Alfanar ,MPMKVVCL-Bhopal,4G,Exp Next Itr,DLMS Order, 3P4W HTCT Cl 0.5 5-10A,NORTEM,SMART,BHR,New firmware,2024-07-12,2024-07-16,2024-08-23,2024-08-27,,-45531,,39,25.0,5.0,3.0,,,,,,,False,,,0
CAO01601,0,Adani,AEML,Nbiot,Withdrawn,DLMS Order, 3P4W LTWC Cl 1.0 10-100A,CHRONAS,SMART,,Code comapre,2024-07-16,2024-07-16,,,,0,,-45488,1.0,1.0,,,,,yes,,,False,,,0
CAO02100,1,TPCL,TPCL,4G(SIMCOM module with taoglass ),Exp Next Itr,DLMS Order, 3P4W LTWC Cl 1.0 10-100A,CHRONAS,SMART,SR,bug fixed,2024-06-27,2024-07-17,2024-07-17,2024-07-22,,-45495,,1,0.0,6.0,4.0,,,,,,,False,,,0
SR84.00,0,WM101BC7DMPNET,WM101BC7DMPNET,,Exp Next Itr,DLMS Order,"1Ph 10-60A , Cl.1.0",SFF,ENM,BCP,New firmware,2024-07-17,2024-07-17,2024-08-28,2024-09-02,2024-09-03,1,1.0,43,28.0,6.0,4.0,,,AVM,,,,False,,,0
CAO02300,0,Intellismart ,PVVNL ,4G,Subs Itr rel,DLMS Order, 3P4W LTWC Cl 1.0 10-100A,CHRONAS,SMART,AVM,New firmware,2024-07-17,2024-07-17,2024-07-18,2024-07-22,2024-07-24,2,2.0,2,1.0,5.0,3.0,,,AM,,,,False,,,0
5YD08.35,0,WR300BB11ABTUK,WR300BB11ABTUK,,Withdrawn,DLMS Order,3P4W 63.5V 1-2A CL0.2 CAT-B,SEM N2,TVM HT 0.2,,Checklist implementation,2024-07-17,2024-07-17,,,,0,,-45489,,1.0,,,,,,,,False,,,0
5BD0C.30,1,TS,Transco,,Exp Next Itr,DLMS Order,3P4W HTCT 63.5V 5-10A,SEM N2,TVM HT 0.2,SS,bug fixed,2024-06-14,2024-07-18,2024-07-23,2024-07-29,,-45502,,6,3.0,7.0,5.0,,,BHR,,,,False,,,0
nLo048.05,5,Montecarlo ,MSEDCL,"4G, w/o DI",Withdrawn,DLMS Order,"3P4W LTCT 240V 5-10A,",NORTEM,SMART,,CR changes,2024-07-18,2024-07-18,,,,0,,-45490,,1.0,,,,,,,,False,,,0
nLo047.06,6,Montecarlo ,MSEDCL,"4G, DI",Withdrawn,DLMS Order,"3P4W LTCT 240V 5-10A,",NORTEM,SMART,,CR changes,2024-07-18,2024-07-18,,,,0,,-45490,,1.0,,,,,,,,False,,,0
nLo044.07,7,TPCL,TPCL,4G,Released,DLMS Order,3P4W LTCT 240V 5-10A,NORTEM,SMART,SS,CR changes,2024-07-18,2024-07-18,2024-07-18,2024-07-19,2024-07-22,3,2.0,1,0.0,2.0,2.0,109164(2),2024-07-22,BHR,,,,False,,,0
nLo025.08,8,Adani,APDCL,,Withdrawn,DLMS Order,"3P4W LTCT 240V 5-10A,",NORTEM,SMART,,CR changes,2024-07-18,2024-07-18,,,,0,,-45490,,1.0,,,,,,,,False,,,0
nLo021.11,11,Adani,APDCL,DI,Subs Itr rel,DLMS Order,"3P4W LTCT 240V 5-10A,",NORTEM,SMART,AM,CR changes,2024-07-18,2024-07-18,2024-07-19,2024-07-22,,-45495,,2,1.0,4.0,2.0,,,,,,,False,,,0
nLo035.08,8,Adani,MSEDCL,,Withdrawn,DLMS Order,"3P4W LTCT 240V 5-10A,",NORTEM,SMART,,CR changes,2024-07-18,2024-07-18,,,,0,,-45490,0.0,1.0,,,,,,,,False,,,0
nLo059.04,4,Adani,MSEDCL,w/o DI,Withdrawn,DLMS Order,"3P4W LTCT 240V 5-10A,",NORTEM,SMART,,CR changes,2024-07-18,2024-07-18,,,,0,,-45490,0.0,1.0,,,,,,,,False,,,0
HHo014.04,4,Montecarlo ,MSEDCL,DI,Withdrawn,DLMS Order, 3P4W HTCT Cl 0.2 5-10A,NORTEM,SMART,,Bug fixed,2024-06-17,2024-07-18,,,,0,,-45490,,1.0,,,,,,,,False,,,0
COC59.00 ,1,Rajashree Electricals,Rajashree Electricals,,Released,DLMS Order, 3P4W LTWC Cl 1.0 10-60A,SFF,TVM LT WC,AM,Bug fixed,2024-06-18,2024-07-18,2024-07-25,2024-07-25,2024-07-26,1,1.0,8,4.0,1.0,1.0,QER-109190,2024-07-26,VK,,,,False,,,0
CAO01601,0,Adani,AEML,Nbiot,Released,DLMS Order, 3P4W LTWC Cl 1.0 10-100A,CHRONAS,SMART,AM,Code comapre,2024-07-16,2024-07-18,2024-07-19,2024-07-19,,-45492,,2,0.0,1.0,0.5,QER-109172(1),2024-07-19,,yes,,,False,,,0
CBO019.01,1,Adani,APEPDCL ,4G,Released,DLMS Order, 3P4W LTWC Cl 1.0 10-60A,CHRONAS,SMART,DK,Bug fixed,2024-07-11,2024-07-19,2024-07-19,2024-07-19,,-45492,,1,0.0,1.0,1.0,QER-109150(1),2024-07-19,,,,,False,,,0
nLo048.06,6,Montecarlo ,MSEDCL,"4G, w/o DI",Released,DLMS Order,"3P4W LTCT 240V 5-10A,",NORTEM,SMART,NB,CR changes,2024-07-18,2024-07-19,2024-08-19,2024-08-21,2024-08-22,1,1.0,32,20.0,3.0,3.0,QER- 109162(2),2024-08-23,DK,,,,False,,,0
nLo047.07,7,Montecarlo ,MSEDCL,"4G, DI",Released,DLMS Order,"3P4W LTCT 240V 5-10A,",NORTEM,SMART,BHR,CR changes,2024-07-18,2024-07-19,2024-08-12,2024-08-14,2024-08-20,6,3.0,25,16.0,3.0,3.0,QER-109161(1),2024-08-20,VN,,,,False,,,0
nLo035.09,9,Adani,MSEDCL,,Released,DLMS Order,"3P4W LTCT 240V 5-10A,",NORTEM,SMART,VN,CR changes,2024-07-18,2024-07-19,2024-07-19,2024-07-19,,-45492,,1,0.0,1.0,1.0,QER_109096(2),2024-07-19,,,,,False,,,0
nLo059.05,5,Adani,MSEDCL,w/o DI,Released,DLMS Order,"3P4W LTCT 240V 5-10A,",NORTEM,SMART,VN,CR changes,2024-07-18,2024-07-19,2024-07-22,2024-07-22,2024-07-23,1,1.0,4,2.0,1.0,0.5,109127(1),2024-07-25,,,,,False,,,0
NHO051.07,7,Adani ,APDCL,,Withdrawn,DLMS Order,3P4W HTCT 63.5V 5-10A,NORTEM,SMART,,CR changes,2024-07-19,2024-07-19,,,,0,,-45491,,1.0,,,,,,,,False,,,0
nLo057.06,6,Adani,APEPDCL,4G,Released,DLMS Order,"3P4W LTCT 240V 5-10A,",NORTEM,SMART,NB,Bug fixed,2024-06-04,2024-07-19,2024-07-22,2024-07-22,,-45495,,4,1.0,1.0,0.5,109181,2024-07-24,ABK,,,,False,,,0
RH63.00,2,Adani,APCPDCL,4G,Released,DLMS Order,"1PH 10-60A,  Cl.1.0",CYGNUS,SMART,SR,CR changes,2024-06-20,2024-07-19,2024-07-23,2024-07-23,2024-07-24,1,1.0,5,2.0,1.0,1.0,109182,2024-07-24,AM,,,,False,,,0
HHo013.04,4,Montecarlo ,MSEDCL,w/o DI,Released,DLMS Order, 3P4W HTCT Cl 0.5 5-10A,NORTEM,SMART,SS,CR changes,2024-07-19,2024-07-19,2024-08-12,2024-08-16,2024-08-20,4,2.0,25,17.0,5.0,3.0,QER-109167(1)      ,2024-08-19,AVM,,,,False,,,0
COP17.00,2,ESP,ESP,,Released,DLMS Order, 3P4W LTWC Cl 1.0 10-60A,VENUS,TVM LT WC,AM,Process changes(code compare),2024-05-30,2024-07-19,2024-07-22,2024-07-22,,-45495,,4,1.0,1.0,0.5,109178,2024-07-22,,yes,,,False,,,0
RH62.00,5,Alfanar ,MPMKVVCL-Bhopal,,Released,DLMS Order,"1PH 10-60A,  Cl.1.0",CYGNUS,SMART,San,Bug fixed,2024-06-17,2024-07-22,2024-07-22,2024-07-22,2024-07-23,1,1.0,1,0.0,1.0,1.0,QER-109180,2024-07-24,VK,,,,False,,,0
COC57.00 ,3,WBSEDCL,WBSEDCL ,sampark,Subs Itr rel,DLMS Order, 3P4W LTWC Cl 1.0 10-60A,SFF,TVM LT WC,DK,bug fixed,2024-06-12,2024-07-22,2024-07-23,2024-07-24,2024-07-25,1,1.0,2,1.0,2.0,2.0,,,,,,,False,,,0
RH64.00,2,Adani,APSPDCL,4G,Released,DLMS Order,"1PH 10-60A,  Cl.1.0",CYGNUS,SMART,SR,CR changes,2024-06-20,2024-07-22,2024-07-23,2024-07-23,2024-07-24,1,1.0,2,1.0,1.0,1.0,109183,2024-07-24,AM,,,,False,,,0
nLo063.00,0,Adani,APEPDCL,4G,Released,DLMS Order,"3P4W LTCT 240V 5-10A,",NORTEM,SMART,DK,Firmware nLo057.06  modified to remove DI functionality.,2024-07-23,2024-07-23,2024-07-29,2024-08-02,2024-08-05,3,2.0,7,3.0,5.0,4.0,QER-109196,2024-08-06,SR,,,,False,,,0
nLo021.12,12,Adani,APDCL,DI,Subs Itr rel,DLMS Order,"3P4W LTCT 240V 5-10A,",NORTEM,SMART,AM,bug fixed,2024-07-18,2024-07-23,2024-07-23,2024-07-23,,-45496,,1,0.0,1.0,1.0,,,,,,,False,,,0
CAO02300,1,Intellismart ,PVVNL ,4G,Subs Itr rel,DLMS Order, 3P4W LTWC Cl 1.0 10-100A,CHRONAS,SMART,San,bug fixed,2024-07-17,2024-07-23,2024-07-24,2024-07-26,2024-07-30,4,2.0,2,1.0,3.0,3.0,,,BHR,,,,False,,,0
nLo021.13,13,Adani,APDCL,DI,Subs Itr rel,DLMS Order,"3P4W LTCT 240V 5-10A,",NORTEM,SMART,AM,bug fixed,2024-07-18,2024-07-24,2024-07-24,2024-07-24,,-45497,,1,0.0,1.0,1.0,,,SAN,,,,False,,,0
nLo025.09,9,Adani,APDCL,,Withdrawn,DLMS Order,"3P4W LTCT 240V 5-10A,",NORTEM,SMART,,CR changes,2024-07-18,2024-07-24,,,,0,,-45496,,1.0,,,,,,,,False,,,0
CBO025.01,1,Adani,APCPDCL,4G,Released,DLMS Order, 3P4W LTWC Cl 1.0 10-60A,CHRONAS,SMART,VN,(Cr change) Sr. no. format is change ,2024-07-03,2024-07-24,2024-07-24,2024-07-24,,-45497,,1,0.0,1.0,0.5,109184,2024-07-25,,,,,False,,,0
CBO026.01,1,Adani,APSPDCL,4G,Released,DLMS Order, 3P4W LTWC Cl 1.0 10-60A,CHRONAS,SMART,VN,(Cr change) Sr. no. format is change ,2024-07-03,2024-07-24,2024-07-25,2024-07-25,,-45498,,2,1.0,1.0,0.5,109185,2024-07-25,,,,,False,,,0
CAO02100,2,TPCL,TPCL,4G(SIMCOM module with taoglass ),Withdrawn,DLMS Order, 3P4W LTWC Cl 1.0 10-100A,CHRONAS,SMART,,bug fixed,2024-06-27,2024-07-25,2024-07-25,,,0,,1,0.0,-45497.0,,,,,,,,False,,,0
nHo055.06,6,Iskraemeco ,UGVCL,,Completed,DLMS Order,3P4W HTCT 63.5V 5-10A,NORTEM,SMART,NB,CR changes,2024-05-10,2024-07-25,2024-09-02,2024-09-03,,-45538,,40,22.0,2.0,2.0,,,VN,,,,False,,,0
SF48.01,0,WBSEDCL ,WBSEDCL ,,Subs Itr rel,DLMS Order,"1Ph 10-60A , Cl.1.0",SFF,ENM,AM,Field observation corrected,2024-07-25,2024-07-25,2024-07-29,2024-07-29,2024-07-30,1,1.0,5,1.0,1.0,2.0,,,,,,,False,,,0
HHo011.06,6,Montecarlo ,MSEDCL,DI,Pending,DLMS Order, 3P4W HTCT Cl 0.5 5-10A,NORTEM,SMART,,CR changes,2024-07-25,2024-07-25,,,,0,,-45497,,1.0,,,,,,,,False,,,0
CAO02100,3,TPCL,TPCL,4G(SIMCOM module with taoglass ),Exp Next Itr,DLMS Order, 3P4W LTWC Cl 1.0 10-100A,CHRONAS,SMART,BCP,bug fixed,2024-06-27,2024-07-25,2024-07-26,2024-07-29,2024-07-31,2,2.0,2,1.0,4.0,2.0,,,AVM,,,,False,,,0
COC58.00 ,1,WBSEDCL,WBSEDCL ,Bi-direction,Exp Next Itr,DLMS Order, 3P4W LTWC Cl 1.0 10-60A,SFF,TVM LT WC,VK,bug fixed,2024-07-11,2024-07-26,2024-07-29,2024-07-30,2024-08-01,2,2.0,4,1.0,2.0,2.0,,,SAN,,,,False,,,0
COT76.00,1,TPL,AGRA,,Subs Itr rel,DLMS Order, 3P4W LTWC Cl 1.0 10-60A,M3R,TVM LT WC,BHR,New firmware,2024-07-25,2024-07-25,2024-07-26,2024-07-31,,-45504,,2,1.0,6.0,4.0,,,,,,,False,,,0
COC57.00 ,4,WBSEDCL,WBSEDCL ,sampark,Subs Itr rel,DLMS Order, 3P4W LTWC Cl 1.0 10-60A,SFF,TVM LT WC,DK,bug fixed,2024-06-12,2024-07-25,2024-07-26,2024-07-26,,-45499,,2,1.0,1.0,1.0,,,,,,,False,,,0
RH46.03,0,Adani,APDCL,,Withdrawn,DLMS Order,"1Ph 5-30A , Cl.1.0",CYGNUS,SMART,,CR changes,2024-07-25,2024-07-25,,,,0,,-45497,,1.0,,,,,,,,False,,,0
nLo064.00,0,Adani,APCPDCL,4G,Subs Itr rel,DLMS Order,"3P4W LTCT 240V 5-10A,",NORTEM,SMART,NB,nLo057.06 Firmware modified for serial number format,2024-07-26,2024-07-26,2024-07-29,2024-08-02,,-45506,,4,1.0,5.0,5.0,,,,,,,False,,,0
HHo002.13,13,Techno,MPPKVVCL Indore ,,Released,DLMS Order, 3P4W HTCT Cl 0.2 5-10A,NORTEM,SMART,DK,CR changes and checklist,2024-07-26,2024-07-26,2024-08-09,2024-08-12,2024-08-13,1,1.0,15,8.0,4.0,3.0,QER- 109091(2),2024-08-14,SS,,,,False,,,0
CBO014.02,0,Techno,MPPKVVCL Indore ,,Released,DLMS Order, 3P4W LTWC Cl 1.0 10-60A,CHRONAS,SMART,VN,CR changes and checklist,2024-07-26,2024-07-26,2024-07-31,2024-08-01,2024-08-05,4,2.0,6,3.0,2.0,2.0,QER-109118(1),2024-08-06,AM,yes,,,False,,,0
CAO013.02,0,Techno,MPPKVVCL Indore ,,Released,DLMS Order, 3P4W LTWC Cl 1.0 10-100A,CHRONAS,SMART,ABK,CR changes and checklist,2024-07-26,2024-07-26,2024-08-12,2024-08-14,2024-08-19,5,3.0,18,7.0,3.0,4.0,QER-109203,2024-08-20,SS,,,,False,,,0
nLo031.17,17,Techno,MPPKVVCL Indore ,DI,Released,DLMS Order,"3P4W LTCT 240V 5-10A,",NORTEM,SMART,SS,CR changes and checklist,2024-07-26,2024-07-26,2024-07-30,2024-08-02,2024-08-05,3,1.0,5,2.0,4.0,4.0,QER-109092(2),2024-08-08,SAN,,,,False,,,0
nLo030.16,16,Techno,MPPKVVCL Indore ,(w/o DI),Released,DLMS Order,"3P4W LTCT 240V 5-10A,",NORTEM,SMART,VN,CR changes and checklist,2024-07-26,2024-07-26,2024-08-28,2024-09-02,,-45537,,34,18.0,6.0,4.0,109116(1),2024-09-02,BHR,,,,False,,,0
COC57.00 ,5,WBSEDCL,WBSEDCL ,sampark,Subs Itr rel,DLMS Order, 3P4W LTWC Cl 1.0 10-60A,SFF,TVM LT WC,DK,bug fixed,2024-06-12,2024-07-26,2024-07-29,2024-07-29,,-45502,,4,1.0,1.0,1.0,,,AVM,,,,False,,,0
nLo066.00,0,Adani,APSPDCL,4G,Subs Itr rel,DLMS Order,"3P4W LTCT 240V 5-10A,",NORTEM,SMART,ABK,nLo057.06 modified for serial number format,2024-07-26,2024-07-26,2024-07-29,2024-08-06,2024-08-08,2,2.0,4,1.0,9.0,7.0,,,NB,,,,False,,,0
nLo044.08,8,TPCL,TPCL,4G,Withdrawn,DLMS Order,3P4W LTCT 240V 5-10A,NORTEM,SMART,,bug fixed,2024-07-27,2024-07-29,,,,0,,-45501,0.0,1.0,,,,,,,,False,,,0
nLo065.00,0,Adani,APCPDCL,"4G, w/o DI",Withdrawn,DLMS Order,"3P4W LTCT 240V 5-10A,",NORTEM,SMART,,Firmware nLo064.00 Cn modified to remove DI functionality,2024-07-29,2024-07-29,,,,0,,-45501,,1.0,,,,,,,,False,,,0
nLo067.00,0,Adani,APSPDCL,"4G, w/o DI",Withdrawn,DLMS Order,"3P4W LTCT 240V 5-10A,",NORTEM,SMART,,Firmware nLo066.00 Cn modified to remove DI functionality,2024-07-29,2024-07-29,,,,0,,-45501,,1.0,,,,,,,,False,,,0
RH50.02,0,Techno,MPPKVVCL Indore,,Withdrawn,DLMS Order,"1Ph 10-60A , Cl.1.0",CYGNUS,SMART,,CR changes(Display),2024-07-29,2024-07-29,,,,0,,-45501,,1.0,,,,,,,,False,,,0
nLo044.09,9,TPCL,TPCL,4G,Released,DLMS Order,3P4W LTCT 240V 5-10A,NORTEM,SMART,AVM,bug fixed,2024-07-27,2024-07-29,2024-07-30,2024-07-30,,-45503,,2,0.0,1.0,1.0,QER-109164(3),2024-07-31,,,,,False,,,0
RH62.01,0,Alfanar ,MPMKVVCL-Bhopal,,Released,DLMS Order,"1PH 10-60A,  Cl.1.0",CYGNUS,SMART,BCP,Bug fixed(meter restart),2024-07-30,2024-07-30,2024-07-30,2024-07-30,,-45503,,1,0.0,1.0,1.0,QER-109180(1).,2024-07-30,,,,,False,,,0
RH68.00,0,Intellismart,MVVNL,4GQuectel,Withdrawn,DLMS Order,"1Ph 4G 10-60A , Cl.1.0",CYGNUS,SMART,,RH67.00 modified for CR changes,2024-07-30,2024-07-30,,,,0,,-45502,,1.0,,,,,,,,False,,,0
SF48.01,1,WBSEDCL ,WBSEDCL ,,Released,DLMS Order,"1Ph 10-60A , Cl.1.0",SFF,ENM,AM,bug fixed,2024-07-25,2024-07-30,2024-07-30,2024-07-31,,-45504,,1,0.0,2.0,1.0,QER-108505(4),2024-07-31,DK,,,,False,,,0
HHo004.09,9,Adani,MSEDCL,,Released,DLMS Order, 3P4W HTCT Cl 0.5 5-10A,NORTEM,SMART,NB,CR changes(Display),2024-07-30,2024-07-30,2024-08-12,2024-08-13,2024-08-19,6,3.0,14,8.0,2.0,2.0,QER-109124(4),2024-08-21,BHR,,,,False,,,0
HHo015.00,0,TPCL,TPCL,4G,Exp Next Itr,DLMS Order, 3P4W HTCT Cl 0.5 5-10A,NORTEM,SMART,BCP,New firmware,2024-07-31,2024-07-31,2024-08-08,2024-08-16,2024-08-20,4,2.0,9,4.0,9.0,5.0,,,AVM,,,,False,,,0
RH46.03,1,Adani,APDCL,,Subs Itr rel,DLMS Order,"1Ph 5-30A , Cl.1.0",CYGNUS,SMART,San,CR changes,2024-07-25,2024-07-31,2024-08-02,2024-08-05,,-45509,,3,1.0,4.0,2.0,,,SS,,,,False,,,0
RH53.01,0,TPCL,TPCL,,Released,DLMS Order,"1PH 10-60A,  Cl.1.0",CYGNUS,SMART,AM,CR changes,2024-07-31,2024-07-31,2024-08-05,2024-08-06,2024-08-07,1,1.0,6,3.0,2.0,2.0,109174(01),2024-08-27,SAN,,,,False,,,0
CAO02300,2,Intellismart ,PVVNL ,4G,Released,DLMS Order, 3P4W LTWC Cl 1.0 10-100A,CHRONAS,SMART,VN,CR changes,2024-07-17,2024-08-01,2024-08-01,2024-08-05,2024-08-07,2,2.0,1,0.0,5.0,2.0,QER-109199,2024-08-09,BHR,,,,False,,,0
CBO027.00,2,Alfanar ,MPMKVVCL-Bhopal,4G,Subs Itr rel,DLMS Order, 3P4W LTWC Cl 1.0 10-60A,CHRONAS,SMART,BCP,bug fixed,2024-07-12,2024-08-01,2024-08-06,2024-08-07,2024-08-12,5,3.0,6,3.0,2.0,2.0,,,VK,,,,False,,,0
RH59.01,0,Intellismart,APDCL,,Released,DLMS Order,"1Ph 5-30A , Cl.1.0",CYGNUS,SMART,DK,CR changes,2024-08-01,2024-08-01,2024-08-02,2024-08-06,2024-08-08,2,2.0,2,1.0,5.0,3.0,QER-109126 (1),2024-08-08,VN,,,,False,,,0
CTP14.00 ,5,jdVVNL,jdVVNL,,Completed,DLMS Tender, 3P4W LTWC Cl 1.0 10-60A,VENUS,TVM LT WC,San,New firmware,2024-08-01,2024-08-01,2024-08-05,2024-08-07,,-45511,,5,2.0,3.0,3.0,,,,,,,False,,,0
CLO001.00,1,Alfanar ,MPMKVVCL-Bhopal,"4G, with DI",Exp Next Itr,DLMS Order, 3P4W LTCT Cl 0.5 5-10A,CHRONAS,SMART,AVM,bug fixed,2024-07-03,2024-08-01,2024-08-08,2024-08-13,,-45517,,8,4.0,6.0,4.0,,,,,,,False,,,0
CLO002.00,1,Alfanar ,MPMKVVCL-Bhopal,"4G, w/o DI",Withdrawn,DLMS Order, 3P4W LTCT Cl 0.5 5-10A,CHRONAS,SMART,,bug fixed,2024-07-03,2024-08-01,,,,0,,-45504,,1.0,,,,,,,,False,,,0
CBO028.00,0,Reliance Jio ,BESCOM,4G,Released,DLMS Order, 3P4W LTWC Cl 1.0 10-60A,CHRONAS,SMART,BHR,New firmware,2024-08-01,2024-08-01,2024-08-01,2024-08-06,2024-08-09,3,3.0,1,0.0,6.0,4.0,QER-109201,2024-08-09,SR,,,,False,,,0
CAO02100,4,TPCL,TPCL,4G(SIMCOM module with taoglass ),Exp Next Itr,DLMS Order, 3P4W LTWC Cl 1.0 10-100A,CHRONAS,SMART,NB,bug fixed,2024-06-27,2024-08-02,2024-08-05,2024-08-06,,-45510,,4,1.0,2.0,1.0,,,,,,,False,,,0
RH70.00,0,ESP,ESP,CYAN RF,Withdrawn,DLMS Order,"1Ph 5-30A , Cl.1.0",CYGNUS,SMART,,RH18 fw modified as per CR change,2024-08-02,,,,,0,,1,,1.0,,,,,,,,False,,,0
SR83.00,1,TANGEDCO,TANGEDCO,,Subs Itr rel,DLMS Order,"1Ph 10-60A , Cl.1.0",SFF,ENM,SS,bug fixed,2024-07-11,2024-08-02,2024-08-06,2024-08-08,,-45512,,5,2.0,3.0,3.0,,,,,,,False,,,0
COT76.00,2,TPL,AGRA,,Subs Itr rel,DLMS Order, 3P4W LTWC Cl 1.0 10-60A,M3R,TVM LT WC,VN,bug fixed,2024-07-25,2024-08-02,2024-08-05,2024-08-06,2024-08-08,2,2.0,4,1.0,2.0,1.0,,,BCP,,,,False,,,0
UC26.00,0,WM101BC5DKSNET,WM101BC5DKSNET,,Pending,DLMS Order,"1PH 05-30A,  Cl.1.0",SFF,ENM,,platform Conversion ,2024-08-02,2024-08-02,,,,0,,-45505,,1.0,,,,,,,,False,,,0
COP12.01,0,KSEB,KSEB,,Withdrawn,DLMS Order, 3P4W LTWC Cl 1.0 10-60A,VENUS,TVM LT WC,AM,checklist ,2024-08-05,2024-08-05,2024-08-13,2024-08-14,,-45518,,9,4.0,2.0,2.0,,,,,,,False,,,0
RH50.02,1,Techno,MPPKVVCL Indore,,Released,DLMS Order,"1Ph 10-60A , Cl.1.0",CYGNUS,SMART,VN,CR changes(Display),2024-07-29,2024-08-05,2024-08-07,2024-08-09,,-45513,,3,1.0,3.0,3.0,QER- 109053(2),2024-08-14,DK,,,,False,,,0
CON09.00,0,WBSEDCL,WBSEDCL,,Subs Itr rel,DLMS Order, 3P 4W- SFF-LT 5-10A,SFF,TVM LT 0.5,SR,New Firmware,2024-08-05,2024-08-05,2024-08-09,2024-08-14,2024-08-16,2,1.0,5,2.0,6.0,4.0,,,AVM,,,,False,,,0
RH62.02,0,Alfanar ,MPMKVVCL-Bhopal,,Subs Itr rel,DLMS Order,"1PH 10-60A,  Cl.1.0",CYGNUS,SMART,NB,CR changes,2024-08-06,2024-08-06,2024-08-07,2024-08-09,2024-08-12,3,1.0,2,1.0,3.0,3.0,,,,,,,False,,,0
COC57.00 ,6,WBSEDCL,WBSEDCL ,sampark,Subs Itr rel,DLMS Order, 3P4W LTWC Cl 1.0 10-60A,SFF,TVM LT WC,DK,Hw changed,2024-06-12,2024-08-09,2024-08-09,2024-08-12,,-45516,,1,1.0,4.0,2.0,,,,,,,False,,,0
RH46.03,2,Adani,APDCL,,Released,DLMS Order,"1Ph 5-30A , Cl.1.0",CYGNUS,SMART,San,bug fixed,2024-07-25,2024-08-06,2024-08-06,2024-08-06,,-45510,,1,0.0,1.0,0.5,109051(4),2024-08-07,,,,,False,,,0
nLo069.00,0,GMR,PuVVNL,,Released,DLMS Order,3P4W LTCT 240V 5-10A,NORTEM,SMART,ABK,CR changes,2024-08-07,2024-08-07,2024-08-19,2024-08-21,2024-08-22,1,1.0,13,8.0,3.0,3.0,109210,2024-08-27,VN,,,,False,,,0
nLo070.00,0,TPCL,TPCL,4G,Completed,DLMS Order,3P4W LTCT 240V 5-10A,NORTEM,SMART,VN,CR changes,2024-08-07,2024-08-07,2024-08-19,2024-08-23,2024-08-26,3,1.0,13,8.0,5.0,5.0,,,BCP,,,,False,,,0
CBO024.01,0,Intellismart,APDCL,4G,Released,DLMS Order, 3P4W LTWC Cl 1.0 10-60A,CHRONAS,SMART,DK,CR changes,2024-08-08,2024-08-08,2024-08-08,2024-08-09,2024-08-12,3,2.0,1,0.0,2.0,2.0,QER- 109130(1),2024-08-12,VK,,,,False,,,0
nLo066.01,1,Adani,APSPDCL,4G,Withdrawn,DLMS Order,"3P4W LTCT 240V 5-10A,",NORTEM,SMART,,Bug fixed,2024-07-26,2024-08-08,2024-08-09,,,0,,2,1.0,-45512.0,,,,,,,,False,,,0
nLo064.01,1,Adani,APCPDCL,4G,Withdrawn,DLMS Order,"3P4W LTCT 240V 5-10A,",NORTEM,SMART,,Bug fixed,2024-07-26,2024-08-08,2024-08-09,,,0,,2,1.0,-45512.0,,,,,,,,False,,,0
nLo063.01,1,Adani,APEPDCL,4G,Withdrawn,DLMS Order,"3P4W LTCT 240V 5-10A,",NORTEM,SMART,,CR changes and Bug fixed,2024-08-08,2024-08-08,2024-08-09,,,0,,2,1.0,-45512.0,,,,,,,,False,,,0
nLo067.01,1,Adani,APSPDCL,"4G, w/o DI",Withdrawn,DLMS Order,"3P4W LTCT 240V 5-10A,",NORTEM,SMART,,Firmware nLo066.00 Cn modified to remove DI functionality,2024-07-29,2024-08-08,,,,0,,-45511,,1.0,,,,,,,,False,,,0
nLo065.01,1,Adani,APCPDCL,"4G, w/o DI",Withdrawn,DLMS Order,"3P4W LTCT 240V 5-10A,",NORTEM,SMART,,Firmware nLo064.00 Cn modified to remove DI functionality,2024-07-29,2024-08-08,,,,0,,-45511,,1.0,,,,,,,,False,,,0
COT76.00,3,TPL,AGRA,,Released,DLMS Order, 3P4W LTWC Cl 1.0 10-60A,M3R,TVM LT WC,SS,bug fixed,2024-07-25,2024-08-09,2024-08-09,2024-08-09,,-45513,,1,0.0,1.0,1.0,QER-109200,2024-08-09,,,,,False,,,0
nLo057.07,7,Adani,APEPDCL,4G,Withdrawn,DLMS Order,"3P4W LTCT 240V 5-10A,",NORTEM,SMART,,bug fixed,2024-08-09,2024-08-09,2024-08-09,,,0,,1,0.0,-45512.0,,,,,,,,False,,,0
COP06.01,0,DGVCL,DGVCL,,In Progress,DLMS Order, 3P4W LTWC Cl 1.0 10-60A,VENUS,TVM LT WC,ABK,checklist ,2024-08-12,2024-08-12,2024-09-27,,,0,,47,30.0,-45561.0,,,,,,,,False,,,0
RH62.02,1,Alfanar ,MPMKVVCL-Bhopal,,Released,DLMS Order,"1PH 10-60A,  Cl.1.0",CYGNUS,SMART,NB,Process changes,2024-08-06,2024-08-12,2024-08-12,2024-08-12,,-45516,,1,0.0,1.0,0.5,QER- 109180(2),2024-08-13,BHR,,,,False,,,0
RH67.01,0,Intellismart,PVVNL,4GQuectel,Subs Itr rel,DLMS Order,"1Ph 4G 10-60A , Cl.1.0",CYGNUS,SMART,SR,CR changes,2024-08-13,2024-08-13,2024-08-19,2024-08-22,,3,,7,4.0,4.0,1.0,,,,,,,False,,,0
CAO01102,0,Adani,EEPL,,Released,DLMS Order, 3P4W LTWC Cl 1.0 10-100A,CHRONAS,SMART,DK,checklist ,2024-08-14,2024-08-14,2024-08-19,2024-08-19,2024-08-20,1,1.0,6,3.0,1.0,1.0,QER-108965(2),2024-08-20,VK,,,,False,,,0
RH68.00,1,Intellismart,MVVNL,4GQuectel,Released,DLMS Order,"1Ph 4G 10-60A , Cl.1.0",CYGNUS,SMART,SS,RH67.00 modified for CR changes,2024-07-30,2024-08-14,2024-08-28,2024-08-30,2024-09-03,4,2.0,15,9.0,3.0,3.0,QER-109228  ,2024-09-11,VK,,,,False,,,0
nLo066.03,3,Adani,APSPDCL,4G,Released,DLMS Order,"3P4W LTCT 240V 5-10A,",NORTEM,SMART,AVM,Bug fixed,2024-07-26,2024-08-14,2024-08-16,2024-08-19,2024-08-20,1,1.0,3,1.0,4.0,2.0,QER-109204,2024-08-20,BCP,,,,False,,,0
nLo064.02,2,Adani,APCPDCL,4G,Released,DLMS Order,"3P4W LTCT 240V 5-10A,",NORTEM,SMART,AM,Bug fixed,2024-07-26,2024-08-14,2024-08-20,2024-08-23,2024-08-27,4,2.0,7,3.0,4.0,3.0,109208,2024-08-27,Dk,,,,False,,,0
CAO02301,0,Intellismart ,PVVNL ,4G,Subs Itr rel,DLMS Order, 3P4W LTWC Cl 1.0 10-100A,CHRONAS,SMART,BCP,CR changes and bug fixed,2024-08-19,2024-08-19,2024-08-23,2024-08-26,2024-08-28,2,2.0,5,2.0,4.0,2.0,,,SR,,,,False,,,0
nLo057.08,7,Adani,APEPDCL,4G,Released,DLMS Order,"3P4W LTCT 240V 5-10A,",NORTEM,SMART,DK,bug fixed and CR changes,2024-08-09,2024-08-19,2024-08-20,2024-08-20,2024-08-22,2,2.0,2,1.0,1.0,1.0,QER-109181(1),2024-08-22,VK,,,,False,,,0
5YD19.37,0,WR300BB11ABTUP3,WR300BB11ABTUP3,,Withdrawn,DLMS Order,3P4W 63.5V 1-2A CL0.2 CAT-B,SEM N2,TVM HT 0.2,,Checklist implementation,2024-08-19,2024-08-19,,,,0,,-45522,,1.0,,,,,,,,False,,,0
CLO001.00,2,Alfanar ,MPMKVVCL-Bhopal,"4G, with DI",Exp Next Itr,DLMS Order, 3P4W LTCT Cl 0.5 5-10A,CHRONAS,SMART,SS,bug fixed,2024-07-03,2024-08-19,2024-08-20,2024-08-22,,-45526,,2,0.0,3.0,3.0,,,,,,,False,,,0
COC58.00 ,3,WBSEDCL,WBSEDCL ,Bi-direction,Exp Next Itr,DLMS Order, 3P4W LTWC Cl 1.0 10-60A,SFF,TVM LT WC,BCP,bug fixed,2024-07-11,2024-08-20,2024-08-21,2024-08-22,,-45526,,2,1.0,2.0,1.0,,,,,,,False,,,0
CAO02100,5,TPCL,TPCL,4G(SIMCOM module with taoglass ),Exp Next Itr,DLMS Order, 3P4W LTWC Cl 1.0 10-100A,CHRONAS,SMART,AVM,bug fixed,2024-06-27,2024-08-21,2024-08-21,2024-08-22,,-45526,,1,0.0,2.0,2.0,,,,,,,False,,,0
CON09.00,1,WBSEDCL,WBSEDCL,,Subs Itr rel,DLMS Order, 3P 4W- SFF-LT 5-10A,SFF,TVM LT 0.5,VK,bug fixed,2024-08-05,2024-08-22,2024-08-22,2024-08-23,,-45527,,1,0.0,2.0,2.0,,,BHR,,,,False,,,0
HHo002.15,15,Techno,MPPKVVCL Indore ,,Released,DLMS Order, 3P4W HTCT Cl 0.2 5-10A,NORTEM,SMART,SR,code comapre,2024-08-22,2024-08-22,2024-08-22,2024-08-22,,-45526,,1,0.0,1.0,1.0,QER-109091(3),2024-08-23,,yes,,,False,,,0
SR83.00,2,TANGEDCO,TANGEDCO,,Subs Itr rel,DLMS Order,"1Ph 10-60A , Cl.1.0",SFF,ENM,SR,bug fixed,2024-07-11,2024-08-22,2024-08-27,2024-08-28,2024-09-02,5,2.0,6,3.0,2.0,1.0,,,,,,,False,,,0
RH58.01,0,Adani,UPCL ,Quectel,Released,DLMS Order,"1PH 10-60A,  Cl.1.0",CYGNUS,SMART,DK,CR changes,2024-08-22,2024-08-22,2024-08-22,2024-08-23,2024-08-27,4,2.0,1,0.0,2.0,1.0,QER-109140(1),2024-08-28,SR,,,,False,,,0
HHo015.01,1,TPCL,TPCL,4G,Exp Next Itr,DLMS Order, 3P4W HTCT Cl 0.5 5-10A,NORTEM,SMART,AVM,bug fixed,2024-07-31,2024-08-22,2024-08-23,2024-08-26,2024-08-27,1,1.0,2,0.0,4.0,2.0,,,SS,,,,False,,,0
UR11.00 ,1,WM101BC5KARNET ,WM101BC5KARNET ,,Pending,DLMS Order,"1Ph 5-30A , Cl.1.0",MERCURY,ENM,,New firmware,2024-08-22,2024-08-22,,,,0,,-45525,,1.0,,,,,,,,False,,,0
CAO02100,5,TPCL,TPCL,4G(SIMCOM module with taoglass ),Exp Next Itr,DLMS Order, 3P4W LTWC Cl 1.0 10-100A,CHRONAS,SMART,VN/SR,bug fixed,2024-06-27,2024-08-23,2024-08-23,2024-08-26,2024-08-28,2,2.0,1,0.0,4.0,2.0,,,BHR,,,,False,,,0
RH70.00,1,ESP,ESP,CYAN RF,Completed,DLMS Order,"1Ph 5-30A , Cl.1.0",CYGNUS,SMART,San,RH18 fw modified as per CR change,2024-08-02,2024-08-23,2024-09-16,2024-09-18,2024-09-19,1,1.0,25,15.0,3.0,3.0,,,AM,,,,False,,,0
nLo045.00,0,Montecarlo ,Jabalpur,4G,Pending,DLMS Order,"3P4W LTCT 240V 5-10A,",NORTEM,SMART,,New firmware,2024-08-23,2024-08-23,,,,0,,-45526,,1.0,,,,,,,,False,,,0
COC58.00 ,4,WBSEDCL,WBSEDCL ,Bi-direction,Exp Next Itr,DLMS Order, 3P4W LTWC Cl 1.0 10-60A,SFF,TVM LT WC,VK,bug fixed,2024-07-11,2024-08-23,2024-08-26,2024-08-26,2024-08-28,2,2.0,4,0.0,1.0,1.0,,,AM,,,,False,,,0
CAO02400,0,Alfanar ,MPMKVVCL-Bhopal,,Exp Next Itr,DLMS Order, 3P4W LTWC Cl 1.0 10-100A,CHRONAS,SMART,AVM,New firmware,2024-08-26,2024-08-26,2024-08-27,2024-08-30,,-45534,,2,1.0,4.0,4.0,,,,,,,False,,,0
CON09.00,2,WBSEDCL,WBSEDCL,,Released,DLMS Order, 3P 4W- SFF-LT 5-10A,SFF,TVM LT 0.5,VK,code compare,2024-08-05,2024-08-27,2024-08-27,2024-08-27,,-45531,,1,0.0,1.0,0.5,QER-109211,2024-08-28,VN,yes,,,False,,,0
nLo063.02,2,Adani,APEPDCL,4G,Subs Itr rel,DLMS Order,"3P4W LTCT 240V 5-10A,",NORTEM,SMART,BHR,Bug fixed,2024-08-08,2024-08-28,2024-08-29,2024-08-30,2024-09-02,3,1.0,2,1.0,2.0,2.0,,,,,,,False,,,0
RH67.01,1,Intellismart,PVVNL,4GQuectel,Released,DLMS Order,"1Ph 4G 10-60A , Cl.1.0",CYGNUS,SMART,SR,CR changes,2024-08-13,2024-08-28,2024-08-29,2024-09-02,2024-09-03,1,1.0,2,1.0,2.0,2.0,QER - 109170(1),2024-09-03,DK,,,,False,,,0
HHo018.02,2,Alfanar ,MPMKVVCL-Bhopal,4G,Exp Next Itr,DLMS Order, 3P4W HTCT Cl 0.5 5-10A,NORTEM,SMART,VK,Bug fixed,2024-07-12,2024-08-29,2024-08-29,2024-09-02,2024-09-12,10,2.0,1,0.0,5.0,3.0,,,SAN,,,,False,,,0
nLo052.04,4,Montecarlo ,MSEDCL,"RF, DI",Pending,DLMS Order,"3P4W LTCT 240V 5-10A,",NORTEM,SMART,,New firmware,2024-06-27,2024-08-29,,,,0,,-45532,,1.0,,,,,,,,False,,,0
CBO029.00,0,Techno ,TSECL,4G,Exp Next Itr,DLMS Order, 3P4W LTWC Cl 1.0 10-60A,CHRONAS,SMART,VK,New firmware,2024-08-29,2024-08-29,2024-09-12,2024-09-24,,-45559,,15,8.0,13.0,8.0,,,SAN,,,,False,,,0
UC25.01,0,WM101BC7RSNET,WM101BC7RSNET,,Released,DLMS Order,"1PH 05-60A,  Cl.1.0",SFF,ENM,DK,CR changes,2024-08-29,2024-08-29,2024-08-30,2024-08-30,2024-09-02,3,2.0,2,1.0,1.0,1.0,QER-109202(1),2024-09-12,,,,,False,,,0
CLO001.00,3,Alfanar ,MPMKVVCL-Bhopal,"4G, with DI",Completed,DLMS Order, 3P4W LTCT Cl 0.5 5-10A,CHRONAS,SMART,BHR,bug fixed,2024-07-03,2024-08-29,2024-08-30,2024-09-06,2024-09-10,4,2.0,2,1.0,8.0,4.0,,,SAN,,,,False,,,0
COC58.00 ,5,WBSEDCL,WBSEDCL ,Bi-direction,Released,DLMS Order, 3P4W LTWC Cl 1.0 10-60A,SFF,TVM LT WC,BCP,bug fixed,2024-07-11,2024-08-30,2024-08-30,2024-09-02,,-45537,,1,0.0,4.0,2.0,109218,2024-09-02,AVM,,,,False,,,0
nLo010.11,11,TPNODL,TPNODL,4G,Withdrawn,DLMS Order,"3P4W LTCT 240V 5-10A,",NORTEM,SMART,,CR changes and Checklist ,2024-08-30,2024-08-30,,,,0,,-45533,,1.0,,,,,,,,False,,,0
COT74.02,0,TPL,Agra,,Released,DLMS Order, 3P4W LTWC Cl 1.0 10-60A,M3R,TVM LT WC,BCP,Checklist implementation,2024-08-30,2024-08-30,2024-09-06,2024-09-06,2024-09-10,4,2.0,8,4.0,1.0,1.0,QER-108788(2),2024-09-10,SR,,,,False,,,0
CTC93.00 ,2,WBSEDCL,WBSEDCL,,Withdrawn,DLMS Tender, 3P4W LTWC Cl 1.0 5-30A,SFF,TVM LT WC,,bug fixed,2024-03-05,2024-09-03,,,,0,,-45537,0.0,1.0,,,,,,,,False,,,0
RH21.02,0,Intellismart,PVVNL ,  Cyan,Withdrawn,DLMS Order,"1Ph cyan 10-60A , Cl.1.0",CYGNUS,SMART,,CR changes,2024-09-02,2024-09-02,,,,0,,-45536,,1.0,,,,,,,,False,,,0
3PBNT.86,0,EESL ,Haryana ,4G,Completed,DLMS Order, 3P4W LTWC Cl 1.0 10-60A,NORTEM,SMART,VK,Dual sim profile changes,2024-09-02,2024-09-02,2024-09-02,2024-09-03,,-45538,,1,0.0,2.0,2.0,,,,,,,False,,,0
SR83.00,3,TANGEDCO,TANGEDCO,,Released,DLMS Order,"1Ph 10-60A , Cl.1.0",SFF,ENM,ABK,bug fixed,2024-07-11,2024-09-03,2024-09-03,2024-09-04,2024-09-05,1,1.0,1,0.0,2.0,1.0,QER-109225,2024-09-10,BCP,,,,False,,,0
CTC93.00 ,3,WBSEDCL,WBSEDCL,,Completed,DLMS Tender, 3P4W LTWC Cl 1.0 5-30A,SFF,TVM LT WC,AVM,bug fixed,2024-03-05,2024-09-03,2024-09-03,2024-09-04,,-45539,,1,0.0,2.0,1.0,,,BCP,,,,False,,,0
nLo063.03,3,Adani,APEPDCL,4G,Released,DLMS Order,"3P4W LTCT 240V 5-10A,",NORTEM,SMART,AM,Bug fixed,2024-08-08,2024-09-03,2024-09-03,2024-09-03,,-45538,,1,0.0,1.0,0.5,QER-109196(1),2024-09-04,AVM,,,,False,,,0
HHo016.04,4,GMR,DVVNL,4G,Exp Next Itr,DLMS Order, 3P4W HTCT Cl 0.2 5-10A,NORTEM,SMART,VK,Fw Modified for Quectel Dual SIM,2024-09-03,2024-09-03,2024-09-04,2024-09-11,,-45546,,2,1.0,8.0,5.0,,,,,,,False,,,0
nLo071.01,1,ESP,BC52SMMPNET,DI,Completed,DLMS Order,"3P4W LTCT 240V 5-10A,",NORTEM,SMART,ABK,CR changes and checklist,2024-09-03,2024-09-03,2024-09-09,2024-09-12,2024-09-13,1,1.0,7,4.0,4.0,4.0,,,SAN,,,,False,,,0
HHo021.00,0,ESP,BB52SMMPNET,DI,Released,DLMS Order, 3P4W HTCT Cl 0.2 5-10A,NORTEM,SMART,NB,CR changes and checklist,2024-09-03,2024-09-03,2024-09-09,2024-09-12,2024-09-13,1,1.0,7,4.0,4.0,4.0,QER-109234,2024-09-16,SAN,,,,False,,,0
nHo011.11,11,TPNODL,TPNODL,,Withdrawn,DLMS Order,3P4W HTCT 63.5V 5-10A,NORTEM,SMART,,CR changes and checklist,2024-09-03,2024-09-03,,,,0,,-45537,,1.0,,,,,,,,False,,,0
nLo065.02,2,Adani,APCPDCL,"4G, w/o DI",Released,DLMS Order,"3P4W LTCT 240V 5-10A,",NORTEM,SMART,AM,Firmware nLo064.00 Cn modified to remove DI functionality,2024-07-29,2024-09-04,2024-09-10,2024-09-10,2024-09-11,1,1.0,7,5.0,1.0,1.0,QER-109229,2024-09-11,BCP,,,,False,,,0
nLo067.02,2,Adani,APSPDCL,"4G, w/o DI",Released,DLMS Order,"3P4W LTCT 240V 5-10A,",NORTEM,SMART,NB,Firmware nLo066.00 Cn modified to remove DI functionality,2024-07-29,2024-09-04,2024-09-05,2024-09-06,2024-09-09,3,1.0,2,0.0,2.0,2.0,QER-109224,2024-09-09,AVM,,,,False,,,0
CBO027.00,3,Alfanar ,MPMKVVCL-Bhopal,4G,Subs Itr rel,DLMS Order, 3P4W LTWC Cl 1.0 10-60A,CHRONAS,SMART,SS,CR changes during sample approval,2024-07-12,2024-09-04,2024-09-04,2024-09-06,,-45541,,1,0.0,3.0,3.0,,,,,,,False,,,0
RH71.00,0,Alfanar ,MPMKVVCL-Jabalpur ,,Exp Next Itr,DLMS Order,"1Ph cyan 10-60A , Cl.1.0",CYGNUS,SMART,AVM,New Firmware ,2024-09-04,2024-09-04,2024-09-04,2024-09-06,,-45541,,1,0.0,3.0,3.0,,,,,,,False,,,0
COC57.00 ,7,WBSEDCL,WBSEDCL ,sampark,Released,DLMS Order, 3P4W LTWC Cl 1.0 10-60A,SFF,TVM LT WC,BCP,CR changes,2024-06-12,2024-09-04,2024-09-04,2024-09-04,,-45539,,1,0.0,1.0,0.5,QER-109220,2024-09-04,,,,,False,,,0
CAO02301,0,Intellismart ,PVVNL ,4G,Released,DLMS Order, 3P4W LTWC Cl 1.0 10-100A,CHRONAS,SMART,BCP,base file updated for relay tripping duration,2024-08-19,2024-09-04,2024-09-05,2024-09-05,,-45540,,2,1.0,1.0,1.0,QER-109199(1),2024-09-06,NB,,,,False,,,0
RH74.00,0,Techno ,TESCL,,Exp Next Itr,DLMS Order,"1Ph 5-30A , Cl.1.0",CYGNUS,SMART,SR,New Firmware ,2024-09-04,2024-09-04,2024-09-23,2024-09-25,2024-09-26,1,1.0,20,9.0,3.0,3.0,,,AVM,,,,False,,,0
CBO030.00,0,Alfanar  ,MPMKVVCL-Jabalpur ,4G,Completed,DLMS Order, 3P4W LTWC Cl 1.0 10-60A,CHRONAS,SMART,BHR,New firmware,2024-09-05,2024-09-05,2024-09-06,2024-09-10,2024-09-12,2,2.0,2,1.0,5.0,3.0,,,SR,,,,False,,,0
5BD06.31,0,ESP,UPPTCL,,Exp Next Itr,DLMS Order,3P4W HTCT 63.5V 5-10A,SEM N2,TVM HT 0.2,DK,Checklist Implementation,2024-09-05,2024-09-05,2024-09-11,2024-09-20,2024-09-22,2,2.0,7,4.0,10.0,6.0,,,VN,,,,False,,,0
5BD04.31,0,ESP,AP,,Subs Itr rel,DLMS Order,3P4W HTCT 63.5V 5-10A,SEM N2,TVM HT 0.2,AVM,Checklist Implementation,2024-09-06,2024-09-06,2024-09-09,2024-09-11,2024-09-12,1,1.0,4,2.0,3.0,3.0,,,VK,,,,False,,,0
UC24.00,1,WM101BC7RSOLAR,WM101BC7RSOLAR,,Released,DLMS Order,"1PH 05-60A,  Cl.1.0",SFF,ENM,San,bug fixed,2024-07-12,2024-09-06,2024-09-09,2024-09-09,2024-09-10,1,1.0,4,2.0,1.0,1.0,QER-109239,2024-09-20,BHR,,,,False,,,0
COT60.03,0,TPL,Ahmedabad,,Released,DLMS Order, 3P4W LTWC Cl 1.0 10-60A,M3R,TVM LT WC,BCP,Checklist Implementation ,2024-09-06,2024-09-06,2024-09-09,2024-09-09,2024-09-11,2,2.0,4,2.0,1.0,1.0,QER-108473(3),2024-09-11,SAN,,,,False,,,0
SR84.00,1,WM101BC7DMPNET,WM101BC7DMPNET,,Exp Next Itr,DLMS Order,"1Ph 10-60A , Cl.1.0",SFF,ENM,AM,bug fixed,2024-07-17,2024-09-06,2024-09-20,2024-09-23,,-45558,,15,10.0,4.0,2.0,,,,,,,False,,,0
5BD08.30,1,ESP,UPCL ,,Released,DLMS Order,3P4W HTCT 63.5V 5-10A,SEM N2,TVM HT 0.2,VN,Checklist Implementation,2024-09-10,2024-09-10,2024-09-11,2024-09-16,2024-09-17,1,1.0,2,1.0,6.0,3.0,QER-109237,2024-09-18,SS,,,,False,,,0
RH71.00,1,Alfanar ,MPMKVVCL-Jabalpur ,,Exp Next Itr,DLMS Order,"1Ph cyan 10-60A , Cl.1.0",CYGNUS,SMART,BCP,bug fixed,2024-09-04,2024-09-10,2024-09-10,2024-09-12,2024-09-13,1,1.0,1,0.0,3.0,3.0,,,DK,,,,False,,,0
CLO003.00,0,Alfanar ,MPMKVVCL-Jabalpur,"4G, with DI",Exp Next Itr,DLMS Order, 3P4W LTCT Cl 0.5 5-10A,CHRONAS,SMART,BHR,New firmware,2024-09-10,2024-09-10,2024-09-11,2024-09-12,2024-09-16,4,2.0,2,1.0,2.0,2.0,,,,,,,False,,,0
nLo010.12,12,TPNODL,TPNODL,4G,Released,DLMS Order,"3P4W LTCT 240V 5-10A,",NORTEM,SMART,NB,CR changes and Checklist ,2024-08-30,2024-09-10,2024-09-18,2024-09-19,2024-09-24,5,2.0,9,7.0,2.0,2.0,QER-108709(3),2024-09-25,BHR,,,,False,,,0
nHo011.12,12,TPNODL,TPNODL,,Released,DLMS Order,3P4W HTCT 63.5V 5-10A,NORTEM,SMART,NB,CR changes and checklist,2024-09-03,2024-09-10,2024-09-20,2024-09-23,2024-09-25,2,2.0,11,7.0,4.0,2.0,QER-108801(5),2024-09-26,VK,,,,False,,,0
COP19.00,0,TANGEDCO,TANGEDCO,,In Progress,DLMS Order, 3P4W LTWC Cl 1.0 10-60A,VENUS,TVM LT WC,BCP,New firmware,2024-09-10,2024-09-11,2024-09-26,,,0,,16,10.0,-45560.0,,,,,,,,False,,,0
CBO027.00,4,Alfanar ,MPMKVVCL-Bhopal,4G,Released,DLMS Order, 3P4W LTWC Cl 1.0 10-60A,CHRONAS,SMART,AVM,bug fixed,2024-07-12,2024-09-11,2024-09-13,2024-09-13,,-45548,,3,1.0,1.0,1.0,QER-109236,2024-09-18,VN,,,,False,,,0
CLO004.00,0,Alfanar ,MPMKVVCL-Jabalpur,"4G, w/o DI",Withdrawn,DLMS Order, 3P4W LTCT Cl 0.5 5-10A,CHRONAS,SMART,,New firmware,2024-09-11,2024-09-11,,,,0,,-45545,,1.0,,,,,,,,False,,,0
COT70.04,0,TPL,Surat,,In progress_R,DLMS Order, 3P4W LTWC Cl 1.0 10-60A,M3R,TVM LT WC,ABK,CR changes,2024-09-11,2024-09-11,2024-09-23,2024-09-25,,-45560,,13,8.0,3.0,3.0,,,,,,,False,,,0
RH59.02,0,Intellismart,APDCL,,Released,DLMS Order,"1Ph 5-30A , Cl.1.0",CYGNUS,SMART,AVM,CR changes,2024-09-11,2024-09-11,2024-09-12,2024-09-12,2024-09-13,1,1.0,2,1.0,1.0,1.0,QER-109126(2),2024-09-13,SS,,,,False,,,0
RH46.04,0,Adani,APDCL,,Released,DLMS Order,"1Ph 5-30A , Cl.1.0",CYGNUS,SMART,BCP,CR changes,2024-09-11,2024-09-11,2024-09-13,2024-09-13,2024-09-19,6,2.0,3,1.0,1.0,1.0,109051(5),2024-09-19,VN,,,,False,,,0
nLo021.14,14,Adani,APDCL,DI,Released,DLMS Order,"3P4W LTCT 240V 5-10A,",NORTEM,SMART,NB,CR changes,2024-07-18,2024-09-11,2024-09-13,2024-09-16,2024-09-18,2,2.0,3,1.0,4.0,2.0,QER-109085(1),2024-09-18,VN,,,,False,,,0
RH72.00,0,Techno ,Jharkhand,,Exp Next Itr,DLMS Order,"1Ph 5-30A , Cl.1.0",CYGNUS,SMART,SR,New firmware,2024-09-12,2024-09-12,2024-09-13,2024-09-19,2024-09-20,1,1.0,2,1.0,7.0,5.0,,,AVM,,,,False,,,0
RH75.00,0,ESP,WM101BC5SMMPNET,,Exp Next Itr,DLMS Order,"1Ph 10-60A , Cl.1.0",CYGNUS,SMART,ABK,CR changes,2024-09-12,2024-09-12,2024-09-16,2024-09-18,2024-09-23,5,3.0,5,2.0,3.0,3.0,,,SR,,,,False,,,0
5BD0F.30,0,ESP,WR300BB11ABTWB,,In progress_R,DLMS Order,3P4W HTCT 63.5V 5-10A,SEM N2,TVM HT 0.2,DK,Checklist Implementation,2024-09-13,2024-09-13,2024-09-23,2024-09-25,,-45560,,11,7.0,3.0,3.0,,,,,,,False,,,0
HHo025.00,0,GMR,DVVNL,4G,Withdrawn,DLMS Order, 3P4W HTCT Cl 0.2 5-10A,NORTEM,SMART,BHR,Fw Modified for Quectel Dual SIM,2024-09-13,2024-09-13,2024-09-16,,,0,,4,1.0,-45550.0,,,,,,,,False,,,0
HHo025.01,1,GMR,DVVNL,4G,Stopped,DLMS Order, 3P4W HTCT Cl 0.2 5-10A,NORTEM,SMART,BHR,HHo016 Fw Modified for Dual SIM,2024-09-13,2024-09-13,2024-09-16,,,0,,4,1.0,-45550.0,,,,,,,,False,,,0
UD10.00 ,0,AVVNL,AVVNL,,Exp Next Itr,DLMS Tender,"1Ph 5-30A , Cl.1.0",SFF,ENM,BCP,New firmware,2024-09-16,2024-09-16,2024-09-17,2024-09-19,,-45554,,2,1.0,3.0,3.0,,,SAN,,,,False,,,0
5BD0B.70,0,CMS,KPCL,,Released,DLMS Order,3P4W HTCT 63.5V 5-10A,SEM N2,TVM HT 0.2,VN,Checklist Implementation,2024-09-16,2024-09-16,2024-09-17,2024-09-20,,-45555,,2,1.0,4.0,4.0,QER-109241,2024-09-24,BCP,,,,False,,,0
HHo025.02,2,GMR,DVVNL,4G,Released,DLMS Order, 3P4W HTCT Cl 0.2 5-10A,NORTEM,SMART,BHR,HHo016 Fw Modified for Dual SIM,2024-09-13,2024-09-17,2024-09-17,2024-09-18,2024-09-19,1,1.0,1,0.0,2.0,2.0,109238,2024-09-19,SAN,,,,False,,,0
nLo073.00,0,Adani ,APEPDCL,Quectel 4G,Withdrawn,DLMS Order,"3P4W LTCT 240V 5-10A,",NORTEM,SMART,,nlo057.08  Fw Modified for Dual SIM,2024-09-18,2024-09-18,,,,0,,-45552,,1.0,,,,,,,,False,,,0
nLo075.00,0,Adani ,APCPDCL,Quectel 4G,Pending,DLMS Order,"3P4W LTCT 240V 5-10A,",NORTEM,SMART,,nlo064.02  Fw Modified for Dual SIM,2024-09-18,2024-09-18,,,,0,,-45552,,1.0,,,,,,,,False,,,0
5BD0L.30,0,UPCL,UPCL,,In progress_R,DLMS Order,3P4W HTCT 63.5V 5-10A,SEM N2,TVM HT 0.2,VN,Checklist Implementation,2024-09-18,2024-09-18,2024-09-23,2024-09-25,,-45560,,6,3.0,3.0,3.0,,,,,,,False,,,0
nLo074.00,0,Adani ,APEPDCL,Quectel 4G,Withdrawn,DLMS Order,"3P4W LTCT 240V 5-10A,",NORTEM,SMART,,nlo063.03  Fw Modified for Dual SIM,2024-09-18,2024-09-18,,,,0,,-45552,,1.0,,,,,,,,False,,,0
HHo022.00,0,Techno ,TSECL,"4G, Dual SIM",In Progress,DLMS Order, 3P4W HTCT Cl 0.2 5-10A,NORTEM,SMART,San,New firmware,2024-09-18,2024-09-18,2024-09-20,,,0,,3,2.0,-45554.0,,,,,,,,False,,,0
HHo024.00,0,Alfanar  ,MPPoKVVCL-Jabalpur,4G,Withdrawn,DLMS Order, 3P4W HTCT Cl 0.2 5-10A,NORTEM,SMART,,New firmware,2024-09-18,2024-09-18,,,,0,,-45552,,1.0,,,,,,,,False,,,0
nLo080.00,0,GMR  ,DVVNL,Quectel 4G,Pending,DLMS Order,"3P4W LTCT 240V 5-10A,",NORTEM,SMART,,nlo061.02  Fw Modified for Dual SIM,2024-09-18,2024-09-18,,,,0,,-45552,,1.0,,,,,,,,False,,,0
nLo081.00,0,GMR  ,DVVNL,Quectel 4G,Pending,DLMS Order,"3P4W LTCT 240V 5-10A,",NORTEM,SMART,,nlo069.00  Fw Modified for Dual SIM,2024-09-18,2024-09-18,,,,0,,-45552,,1.0,,,,,,,,False,,,0
COC57.01 ,0,WBSEDCL,WBSEDCL ,sampark,Released,DLMS Order, 3P4W LTWC Cl 1.0 10-60A,SFF,TVM LT WC,DK,Process changes,2024-09-18,2024-09-18,2024-09-19,2024-09-19,,-45554,,2,1.0,1.0,0.5,109220(1),2024-09-19,,yes,,,False,,,0
nLo073.01,1,Adani ,APEPDCL,Quectel 4G,Pending,DLMS Order,"3P4W LTCT 240V 5-10A,",NORTEM,SMART,,nlo057.08  Fw Modified for Dual SIM,2024-09-18,2024-09-18,,,,0,,-45552,,1.0,,,,,,,,False,,,0
nLo074.01,1,Adani ,APEPDCL,Quectel 4G,Pending,DLMS Order,"3P4W LTCT 240V 5-10A,",NORTEM,SMART,,nlo063.03  Fw Modified for Dual SIM,2024-09-18,2024-09-19,,,,0,,-45553,,1.0,,,,,,,,False,,,0
5BD0H.70,0,KSEB,KSEB,,In progress_R,DLMS Order,3P4W HTCT 63.5V 5-10A,SEM N2,TVM HT 0.2,NB,Checklist Implementation,2024-09-19,2024-09-19,2024-09-25,2024-09-26,,-45561,,7,4.0,2.0,2.0,,,,,,,False,,,0
nLo078.00,0,Adani ,APSPDCL,Quectel 4G,Pending,DLMS Order,"3P4W LTCT 240V 5-10A,",NORTEM,SMART,,nlo067.02  Fw Modified for Dual SIM,2024-09-23,2024-09-23,,,,0,,-45557,,1.0,,,,,,,,False,,,0
nLo079.00,0,Israemeco ,UGVCL ,Quectel 4G,Pending,DLMS Order,"3P4W LTCT 240V 5-10A,",NORTEM,SMART,,New firmware,2024-09-23,2024-09-23,,,,0,,-45557,,1.0,,,,,,,,False,,,0
nLo076.00,0,Adani ,APCPDCL,Quectel 4G,Pending,DLMS Order,"3P4W LTCT 240V 5-10A,",NORTEM,SMART,,nlo075.00  Fw Modified for Dual SIM,2024-09-23,2024-09-23,,,,0,,-45557,,1.0,,,,,,,,False,,,0
CLO005.00,0,Techno  ,TESCL,"4G, w/o DI",Stopped,DLMS Order, 3P4W LTCT Cl 0.5 5-10A,CHRONAS,SMART,AVM,New firmware,2024-09-23,2024-09-23,2024-09-24,,,0,,2,1.0,-45558.0,,,,,,,,False,,,0
nLo077.00,0,Adani ,APSPDCL,Quectel 4G,Pending,DLMS Order,"3P4W LTCT 240V 5-10A,",NORTEM,SMART,,nlo066.03  Fw Modified for Dual SIM,2024-09-23,2024-09-23,,,,0,,-45557,,1.0,,,,,,,,False,,,0
5BD04.31,1,ESP,AP,,Released,DLMS Order,3P4W HTCT 63.5V 5-10A,SEM N2,TVM HT 0.2,BCP,Bug fixing,2024-09-06,2024-09-24,2024-09-24,2024-09-25,2024-09-26,1,1.0,1,0.0,2.0,1.0,QER-108891(1),2024-09-26,AM,,,,False,,,0
CAO02100,6,TPCL,TPCL,4G(SIMCOM module with taoglass ),Withdrawn,DLMS Order, 3P4W LTWC Cl 1.0 10-100A,CHRONAS,SMART,BHR,bug fixed,2024-06-27,2024-09-24,2024-09-25,,,0,,2,1.0,-45559.0,,,,,,,,False,,,0
CAO02100,7,TPCL,TPCL,4G(SIMCOM module with taoglass ),In Progress,DLMS Order, 3P4W LTWC Cl 1.0 10-100A,CHRONAS,SMART,BHR,bug fixed,2024-06-27,2024-09-25,2024-09-25,,,0,,1,0.0,-45559.0,,,,,,,,False,,,0
CBO017.02,0,Adani,APDCL,,In progress_R,DLMS Order, 3P4W LTWC Cl 1.0 10-60A,CHRONAS,SMART,DK,CR changes(FOTA file for field),2024-09-25,2024-09-25,2024-09-26,2024-09-26,,-45561,,2,1.0,1.0,1.0,,,,,,,False,,,0
CBO017.03,0,Adani,APDCL,,In Progress,DLMS Order, 3P4W LTWC Cl 1.0 10-60A,CHRONAS,SMART,SS,CR changes(Production files),2024-09-25,2024-09-25,2024-09-26,,,0,,2,1.0,-45560.0,,,,,,,,False,,,0
CLO002.00,2,Alfanar ,MPMKVVCL-Bhopal,"4G, w/o DI",Pending,DLMS Order, 3P4W LTCT Cl 0.5 5-10A,CHRONAS,SMART,,bug fixed and CR changes,2024-07-03,2024-09-25,,,,0,,-45559,,1.0,,,,,,,,False,,,0
CLO001.00,4,Alfanar ,MPMKVVCL-Bhopal,"4G, with DI",In Progress,DLMS Order, 3P4W LTCT Cl 0.5 5-10A,CHRONAS,SMART,AVM,bug fixed and CR changes,2024-07-03,2024-09-25,2024-09-26,,,0,,2,1.0,-45560.0,,,,,,,,False,,,0
UC24.01,0,WM101BC7RSOLAR,WM101BC7RSOLAR,,In Progress,DLMS Order,"1PH 05-60A,  Cl.1.0",SFF,ENM,AM,CR changes,2024-09-25,2024-09-25,2024-09-26,,,0,,2,1.0,-45560.0,,,,,,,,False,,,0
HHo024.01,0,Alfanar  ,MPPoKVVCL-Jabalpur,"4G,Dual sim",Pending,DLMS Order, 3P4W HTCT Cl 0.2 5-10A,NORTEM,SMART,,New firmware,2024-09-18,2024-09-25,,,,0,,-45559,,1.0,,,,,,,,False,,,0
CLO005.01,1,Techno  ,TESCL,"4G, w/o DI",Pending,DLMS Order, 3P4W LTCT Cl 0.5 5-10A,CHRONAS,SMART,,New firmware,2024-09-23,2024-09-26,,,,0,,-45560,,1.0,,,,,,,,False,,,0
UC25.02,0,WM101BC7RSNET,WM101BC7RSNET,,In Progress,DLMS Order,"1PH 05-60A,  Cl.1.0",SFF,ENM,NB,CR changes,2024-09-26,2024-09-26,2024-09-27,,,0,,2,1.0,-45561.0,,,,,,,,False,,,0
SR84.00,2,WM101BC7DMPNET,WM101BC7DMPNET,,In Progress,DLMS Order,"1Ph 10-60A , Cl.1.0",SFF,ENM,VN,bug fixed,2024-07-17,2024-09-26,2024-09-27,,,0,,2,1.0,-45561.0,,,,,,,,False,,,0
